variable_name,variable_label,stata_type,value_label_name,value_labels
awfacte,all woman factor - educational,byte,,
awfactr,all woman factor - regional,byte,,
awfactt,all woman factor - total,byte,,
awfactu,all woman factor - urban/rural,byte,,
awfactw,all woman factor - wealth index,byte,,
b0_01,child is twin,byte,B0_01,"{""0"": ""single birth"", ""1"": ""1st of multiple"", ""2"": ""2nd of multiple"", ""3"": ""3rd of multiple"", ""4"": ""4th of multiple"", ""5"": ""5th of multiple""}"
b0_02,child is twin,byte,B0_02,"{""0"": ""single birth"", ""1"": ""1st of multiple"", ""2"": ""2nd of multiple"", ""3"": ""3rd of multiple"", ""4"": ""4th of multiple"", ""5"": ""5th of multiple""}"
b0_03,child is twin,byte,B0_03,"{""0"": ""single birth"", ""1"": ""1st of multiple"", ""2"": ""2nd of multiple"", ""3"": ""3rd of multiple"", ""4"": ""4th of multiple"", ""5"": ""5th of multiple""}"
b0_04,child is twin,byte,B0_04,"{""0"": ""single birth"", ""1"": ""1st of multiple"", ""2"": ""2nd of multiple"", ""3"": ""3rd of multiple"", ""4"": ""4th of multiple"", ""5"": ""5th of multiple""}"
b0_05,child is twin,byte,B0_05,"{""0"": ""single birth"", ""1"": ""1st of multiple"", ""2"": ""2nd of multiple"", ""3"": ""3rd of multiple"", ""4"": ""4th of multiple"", ""5"": ""5th of multiple""}"
b0_06,child is twin,byte,B0_06,"{""0"": ""single birth"", ""1"": ""1st of multiple"", ""2"": ""2nd of multiple"", ""3"": ""3rd of multiple"", ""4"": ""4th of multiple"", ""5"": ""5th of multiple""}"
b0_07,child is twin,byte,B0_07,"{""0"": ""single birth"", ""1"": ""1st of multiple"", ""2"": ""2nd of multiple"", ""3"": ""3rd of multiple"", ""4"": ""4th of multiple"", ""5"": ""5th of multiple""}"
b0_08,child is twin,byte,B0_08,"{""0"": ""single birth"", ""1"": ""1st of multiple"", ""2"": ""2nd of multiple"", ""3"": ""3rd of multiple"", ""4"": ""4th of multiple"", ""5"": ""5th of multiple""}"
b0_09,child is twin,byte,B0_09,"{""0"": ""single birth"", ""1"": ""1st of multiple"", ""2"": ""2nd of multiple"", ""3"": ""3rd of multiple"", ""4"": ""4th of multiple"", ""5"": ""5th of multiple""}"
b0_10,child is twin,byte,B0_10,"{""0"": ""single birth"", ""1"": ""1st of multiple"", ""2"": ""2nd of multiple"", ""3"": ""3rd of multiple"", ""4"": ""4th of multiple"", ""5"": ""5th of multiple""}"
b0_11,child is twin,byte,B0_11,"{""0"": ""single birth"", ""1"": ""1st of multiple"", ""2"": ""2nd of multiple"", ""3"": ""3rd of multiple"", ""4"": ""4th of multiple"", ""5"": ""5th of multiple""}"
b0_12,child is twin,byte,B0_12,"{""0"": ""single birth"", ""1"": ""1st of multiple"", ""2"": ""2nd of multiple"", ""3"": ""3rd of multiple"", ""4"": ""4th of multiple"", ""5"": ""5th of multiple""}"
b0_13,child is twin,byte,B0_13,"{""0"": ""single birth"", ""1"": ""1st of multiple"", ""2"": ""2nd of multiple"", ""3"": ""3rd of multiple"", ""4"": ""4th of multiple"", ""5"": ""5th of multiple""}"
b0_14,child is twin,byte,B0_14,"{""0"": ""single birth"", ""1"": ""1st of multiple"", ""2"": ""2nd of multiple"", ""3"": ""3rd of multiple"", ""4"": ""4th of multiple"", ""5"": ""5th of multiple""}"
b0_15,child is twin,byte,B0_15,"{""0"": ""single birth"", ""1"": ""1st of multiple"", ""2"": ""2nd of multiple"", ""3"": ""3rd of multiple"", ""4"": ""4th of multiple"", ""5"": ""5th of multiple""}"
b0_16,child is twin,byte,B0_16,"{""0"": ""single birth"", ""1"": ""1st of multiple"", ""2"": ""2nd of multiple"", ""3"": ""3rd of multiple"", ""4"": ""4th of multiple"", ""5"": ""5th of multiple""}"
b0_17,child is twin,byte,B0_17,"{""0"": ""single birth"", ""1"": ""1st of multiple"", ""2"": ""2nd of multiple"", ""3"": ""3rd of multiple"", ""4"": ""4th of multiple"", ""5"": ""5th of multiple""}"
b0_18,child is twin,byte,B0_18,"{""0"": ""single birth"", ""1"": ""1st of multiple"", ""2"": ""2nd of multiple"", ""3"": ""3rd of multiple"", ""4"": ""4th of multiple"", ""5"": ""5th of multiple""}"
b0_19,child is twin,byte,B0_19,"{""0"": ""single birth"", ""1"": ""1st of multiple"", ""2"": ""2nd of multiple"", ""3"": ""3rd of multiple"", ""4"": ""4th of multiple"", ""5"": ""5th of multiple""}"
b0_20,child is twin,byte,B0_20,"{""0"": ""single birth"", ""1"": ""1st of multiple"", ""2"": ""2nd of multiple"", ""3"": ""3rd of multiple"", ""4"": ""4th of multiple"", ""5"": ""5th of multiple""}"
b1_01,month of birth,byte,,
b1_02,month of birth,byte,,
b1_03,month of birth,byte,,
b1_04,month of birth,byte,,
b1_05,month of birth,byte,,
b1_06,month of birth,byte,,
b1_07,month of birth,byte,,
b1_08,month of birth,byte,,
b1_09,month of birth,byte,,
b1_10,month of birth,byte,,
b1_11,month of birth,byte,,
b1_12,month of birth,byte,,
b1_13,month of birth,byte,,
b1_14,month of birth,byte,,
b1_15,month of birth,byte,,
b1_16,month of birth,byte,,
b1_17,month of birth,byte,,
b1_18,month of birth,byte,,
b1_19,month of birth,byte,,
b1_20,month of birth,byte,,
b2_01,year of birth,int,,
b2_02,year of birth,int,,
b2_03,year of birth,int,,
b2_04,year of birth,int,,
b2_05,year of birth,int,,
b2_06,year of birth,int,,
b2_07,year of birth,int,,
b2_08,year of birth,int,,
b2_09,year of birth,int,,
b2_10,year of birth,int,,
b2_11,year of birth,int,,
b2_12,year of birth,int,,
b2_13,year of birth,int,,
b2_14,year of birth,int,,
b2_15,year of birth,int,,
b2_16,year of birth,int,,
b2_17,year of birth,byte,,
b2_18,year of birth,byte,,
b2_19,year of birth,byte,,
b2_20,year of birth,byte,,
b3_01,date of birth (cmc),int,,
b3_02,date of birth (cmc),int,,
b3_03,date of birth (cmc),int,,
b3_04,date of birth (cmc),int,,
b3_05,date of birth (cmc),int,,
b3_06,date of birth (cmc),int,,
b3_07,date of birth (cmc),int,,
b3_08,date of birth (cmc),int,,
b3_09,date of birth (cmc),int,,
b3_10,date of birth (cmc),int,,
b3_11,date of birth (cmc),int,,
b3_12,date of birth (cmc),int,,
b3_13,date of birth (cmc),int,,
b3_14,date of birth (cmc),int,,
b3_15,date of birth (cmc),int,,
b3_16,date of birth (cmc),int,,
b3_17,date of birth (cmc),byte,,
b3_18,date of birth (cmc),byte,,
b3_19,date of birth (cmc),byte,,
b3_20,date of birth (cmc),byte,,
b4_01,sex of child,byte,B4_01,"{""1"": ""male"", ""2"": ""female""}"
b4_02,sex of child,byte,B4_02,"{""1"": ""male"", ""2"": ""female""}"
b4_03,sex of child,byte,B4_03,"{""1"": ""male"", ""2"": ""female""}"
b4_04,sex of child,byte,B4_04,"{""1"": ""male"", ""2"": ""female""}"
b4_05,sex of child,byte,B4_05,"{""1"": ""male"", ""2"": ""female""}"
b4_06,sex of child,byte,B4_06,"{""1"": ""male"", ""2"": ""female""}"
b4_07,sex of child,byte,B4_07,"{""1"": ""male"", ""2"": ""female""}"
b4_08,sex of child,byte,B4_08,"{""1"": ""male"", ""2"": ""female""}"
b4_09,sex of child,byte,B4_09,"{""1"": ""male"", ""2"": ""female""}"
b4_10,sex of child,byte,B4_10,"{""1"": ""male"", ""2"": ""female""}"
b4_11,sex of child,byte,B4_11,"{""1"": ""male"", ""2"": ""female""}"
b4_12,sex of child,byte,B4_12,"{""1"": ""male"", ""2"": ""female""}"
b4_13,sex of child,byte,B4_13,"{""1"": ""male"", ""2"": ""female""}"
b4_14,sex of child,byte,B4_14,"{""1"": ""male"", ""2"": ""female""}"
b4_15,sex of child,byte,B4_15,"{""1"": ""male"", ""2"": ""female""}"
b4_16,sex of child,byte,B4_16,"{""1"": ""male"", ""2"": ""female""}"
b4_17,sex of child,byte,B4_17,"{""1"": ""male"", ""2"": ""female""}"
b4_18,sex of child,byte,B4_18,"{""1"": ""male"", ""2"": ""female""}"
b4_19,sex of child,byte,B4_19,"{""1"": ""male"", ""2"": ""female""}"
b4_20,sex of child,byte,B4_20,"{""1"": ""male"", ""2"": ""female""}"
b5_01,child is alive,byte,B5_01,"{""0"": ""no"", ""1"": ""yes""}"
b5_02,child is alive,byte,B5_02,"{""0"": ""no"", ""1"": ""yes""}"
b5_03,child is alive,byte,B5_03,"{""0"": ""no"", ""1"": ""yes""}"
b5_04,child is alive,byte,B5_04,"{""0"": ""no"", ""1"": ""yes""}"
b5_05,child is alive,byte,B5_05,"{""0"": ""no"", ""1"": ""yes""}"
b5_06,child is alive,byte,B5_06,"{""0"": ""no"", ""1"": ""yes""}"
b5_07,child is alive,byte,B5_07,"{""0"": ""no"", ""1"": ""yes""}"
b5_08,child is alive,byte,B5_08,"{""0"": ""no"", ""1"": ""yes""}"
b5_09,child is alive,byte,B5_09,"{""0"": ""no"", ""1"": ""yes""}"
b5_10,child is alive,byte,B5_10,"{""0"": ""no"", ""1"": ""yes""}"
b5_11,child is alive,byte,B5_11,"{""0"": ""no"", ""1"": ""yes""}"
b5_12,child is alive,byte,B5_12,"{""0"": ""no"", ""1"": ""yes""}"
b5_13,child is alive,byte,B5_13,"{""0"": ""no"", ""1"": ""yes""}"
b5_14,child is alive,byte,B5_14,"{""0"": ""no"", ""1"": ""yes""}"
b5_15,child is alive,byte,B5_15,"{""0"": ""no"", ""1"": ""yes""}"
b5_16,child is alive,byte,B5_16,"{""0"": ""no"", ""1"": ""yes""}"
b5_17,child is alive,byte,B5_17,"{""0"": ""no"", ""1"": ""yes""}"
b5_18,child is alive,byte,B5_18,"{""0"": ""no"", ""1"": ""yes""}"
b5_19,child is alive,byte,B5_19,"{""0"": ""no"", ""1"": ""yes""}"
b5_20,child is alive,byte,B5_20,"{""0"": ""no"", ""1"": ""yes""}"
b6_01,age at death,int,B6_01,"{""100"": ""died on day of birth"", ""101"": ""days: 1"", ""199"": ""days: number missing"", ""201"": ""months: 1"", ""299"": ""months: number missing"", ""301"": ""years: 1"", ""399"": ""years: number missing"", ""997"": ""inconsistent"", ""998"": ""don't know""}"
b6_02,age at death,int,B6_02,"{""100"": ""died on day of birth"", ""101"": ""days: 1"", ""199"": ""days: number missing"", ""201"": ""months: 1"", ""299"": ""months: number missing"", ""301"": ""years: 1"", ""399"": ""years: number missing"", ""997"": ""inconsistent"", ""998"": ""don't know""}"
b6_03,age at death,int,B6_03,"{""100"": ""died on day of birth"", ""101"": ""days: 1"", ""199"": ""days: number missing"", ""201"": ""months: 1"", ""299"": ""months: number missing"", ""301"": ""years: 1"", ""399"": ""years: number missing"", ""997"": ""inconsistent"", ""998"": ""don't know""}"
b6_04,age at death,int,B6_04,"{""100"": ""died on day of birth"", ""101"": ""days: 1"", ""199"": ""days: number missing"", ""201"": ""months: 1"", ""299"": ""months: number missing"", ""301"": ""years: 1"", ""399"": ""years: number missing"", ""997"": ""inconsistent"", ""998"": ""don't know""}"
b6_05,age at death,int,B6_05,"{""100"": ""died on day of birth"", ""101"": ""days: 1"", ""199"": ""days: number missing"", ""201"": ""months: 1"", ""299"": ""months: number missing"", ""301"": ""years: 1"", ""399"": ""years: number missing"", ""997"": ""inconsistent"", ""998"": ""don't know""}"
b6_06,age at death,int,B6_06,"{""100"": ""died on day of birth"", ""101"": ""days: 1"", ""199"": ""days: number missing"", ""201"": ""months: 1"", ""299"": ""months: number missing"", ""301"": ""years: 1"", ""399"": ""years: number missing"", ""997"": ""inconsistent"", ""998"": ""don't know""}"
b6_07,age at death,int,B6_07,"{""100"": ""died on day of birth"", ""101"": ""days: 1"", ""199"": ""days: number missing"", ""201"": ""months: 1"", ""299"": ""months: number missing"", ""301"": ""years: 1"", ""399"": ""years: number missing"", ""997"": ""inconsistent"", ""998"": ""don't know""}"
b6_08,age at death,int,B6_08,"{""100"": ""died on day of birth"", ""101"": ""days: 1"", ""199"": ""days: number missing"", ""201"": ""months: 1"", ""299"": ""months: number missing"", ""301"": ""years: 1"", ""399"": ""years: number missing"", ""997"": ""inconsistent"", ""998"": ""don't know""}"
b6_09,age at death,int,B6_09,"{""100"": ""died on day of birth"", ""101"": ""days: 1"", ""199"": ""days: number missing"", ""201"": ""months: 1"", ""299"": ""months: number missing"", ""301"": ""years: 1"", ""399"": ""years: number missing"", ""997"": ""inconsistent"", ""998"": ""don't know""}"
b6_10,age at death,int,B6_10,"{""100"": ""died on day of birth"", ""101"": ""days: 1"", ""199"": ""days: number missing"", ""201"": ""months: 1"", ""299"": ""months: number missing"", ""301"": ""years: 1"", ""399"": ""years: number missing"", ""997"": ""inconsistent"", ""998"": ""don't know""}"
b6_11,age at death,int,B6_11,"{""100"": ""died on day of birth"", ""101"": ""days: 1"", ""199"": ""days: number missing"", ""201"": ""months: 1"", ""299"": ""months: number missing"", ""301"": ""years: 1"", ""399"": ""years: number missing"", ""997"": ""inconsistent"", ""998"": ""don't know""}"
b6_12,age at death,int,B6_12,"{""100"": ""died on day of birth"", ""101"": ""days: 1"", ""199"": ""days: number missing"", ""201"": ""months: 1"", ""299"": ""months: number missing"", ""301"": ""years: 1"", ""399"": ""years: number missing"", ""997"": ""inconsistent"", ""998"": ""don't know""}"
b6_13,age at death,int,B6_13,"{""100"": ""died on day of birth"", ""101"": ""days: 1"", ""199"": ""days: number missing"", ""201"": ""months: 1"", ""299"": ""months: number missing"", ""301"": ""years: 1"", ""399"": ""years: number missing"", ""997"": ""inconsistent"", ""998"": ""don't know""}"
b6_14,age at death,int,B6_14,"{""100"": ""died on day of birth"", ""101"": ""days: 1"", ""199"": ""days: number missing"", ""201"": ""months: 1"", ""299"": ""months: number missing"", ""301"": ""years: 1"", ""399"": ""years: number missing"", ""997"": ""inconsistent"", ""998"": ""don't know""}"
b6_15,age at death,byte,B6_15,"{""100"": ""died on day of birth"", ""101"": ""days: 1"", ""199"": ""days: number missing"", ""201"": ""months: 1"", ""299"": ""months: number missing"", ""301"": ""years: 1"", ""399"": ""years: number missing"", ""997"": ""inconsistent"", ""998"": ""don't know""}"
b6_16,age at death,int,B6_16,"{""100"": ""died on day of birth"", ""101"": ""days: 1"", ""199"": ""days: number missing"", ""201"": ""months: 1"", ""299"": ""months: number missing"", ""301"": ""years: 1"", ""399"": ""years: number missing"", ""997"": ""inconsistent"", ""998"": ""don't know""}"
b6_17,age at death,byte,B6_17,"{""100"": ""died on day of birth"", ""101"": ""days: 1"", ""199"": ""days: number missing"", ""201"": ""months: 1"", ""299"": ""months: number missing"", ""301"": ""years: 1"", ""399"": ""years: number missing"", ""997"": ""inconsistent"", ""998"": ""don't know""}"
b6_18,age at death,byte,B6_18,"{""100"": ""died on day of birth"", ""101"": ""days: 1"", ""199"": ""days: number missing"", ""201"": ""months: 1"", ""299"": ""months: number missing"", ""301"": ""years: 1"", ""399"": ""years: number missing"", ""997"": ""inconsistent"", ""998"": ""don't know""}"
b6_19,age at death,byte,B6_19,"{""100"": ""died on day of birth"", ""101"": ""days: 1"", ""199"": ""days: number missing"", ""201"": ""months: 1"", ""299"": ""months: number missing"", ""301"": ""years: 1"", ""399"": ""years: number missing"", ""997"": ""inconsistent"", ""998"": ""don't know""}"
b6_20,age at death,byte,B6_20,"{""100"": ""died on day of birth"", ""101"": ""days: 1"", ""199"": ""days: number missing"", ""201"": ""months: 1"", ""299"": ""months: number missing"", ""301"": ""years: 1"", ""399"": ""years: number missing"", ""997"": ""inconsistent"", ""998"": ""don't know""}"
b7_01,"age at death (months, imputed)",int,,
b7_02,"age at death (months, imputed)",int,,
b7_03,"age at death (months, imputed)",int,,
b7_04,"age at death (months, imputed)",int,,
b7_05,"age at death (months, imputed)",int,,
b7_06,"age at death (months, imputed)",int,,
b7_07,"age at death (months, imputed)",int,,
b7_08,"age at death (months, imputed)",int,,
b7_09,"age at death (months, imputed)",int,,
b7_10,"age at death (months, imputed)",int,,
b7_11,"age at death (months, imputed)",int,,
b7_12,"age at death (months, imputed)",int,,
b7_13,"age at death (months, imputed)",int,,
b7_14,"age at death (months, imputed)",byte,,
b7_15,"age at death (months, imputed)",byte,,
b7_16,"age at death (months, imputed)",byte,,
b7_17,"age at death (months, imputed)",byte,,
b7_18,"age at death (months, imputed)",byte,,
b7_19,"age at death (months, imputed)",byte,,
b7_20,"age at death (months, imputed)",byte,,
b8_01,current age of child,byte,,
b8_02,current age of child,byte,,
b8_03,current age of child,byte,,
b8_04,current age of child,byte,,
b8_05,current age of child,byte,,
b8_06,current age of child,byte,,
b8_07,current age of child,byte,,
b8_08,current age of child,byte,,
b8_09,current age of child,byte,,
b8_10,current age of child,byte,,
b8_11,current age of child,byte,,
b8_12,current age of child,byte,,
b8_13,current age of child,byte,,
b8_14,current age of child,byte,,
b8_15,current age of child,byte,,
b8_16,current age of child,byte,,
b8_17,current age of child,byte,,
b8_18,current age of child,byte,,
b8_19,current age of child,byte,,
b8_20,current age of child,byte,,
b9_01,child lives with whom,byte,B9_01,"{""0"": ""respondent"", ""1"": ""father"", ""2"": ""other relative"", ""3"": ""someone else"", ""4"": ""lives elsewhere""}"
b9_02,child lives with whom,byte,B9_02,"{""0"": ""respondent"", ""1"": ""father"", ""2"": ""other relative"", ""3"": ""someone else"", ""4"": ""lives elsewhere""}"
b9_03,child lives with whom,byte,B9_03,"{""0"": ""respondent"", ""1"": ""father"", ""2"": ""other relative"", ""3"": ""someone else"", ""4"": ""lives elsewhere""}"
b9_04,child lives with whom,byte,B9_04,"{""0"": ""respondent"", ""1"": ""father"", ""2"": ""other relative"", ""3"": ""someone else"", ""4"": ""lives elsewhere""}"
b9_05,child lives with whom,byte,B9_05,"{""0"": ""respondent"", ""1"": ""father"", ""2"": ""other relative"", ""3"": ""someone else"", ""4"": ""lives elsewhere""}"
b9_06,child lives with whom,byte,B9_06,"{""0"": ""respondent"", ""1"": ""father"", ""2"": ""other relative"", ""3"": ""someone else"", ""4"": ""lives elsewhere""}"
b9_07,child lives with whom,byte,B9_07,"{""0"": ""respondent"", ""1"": ""father"", ""2"": ""other relative"", ""3"": ""someone else"", ""4"": ""lives elsewhere""}"
b9_08,child lives with whom,byte,B9_08,"{""0"": ""respondent"", ""1"": ""father"", ""2"": ""other relative"", ""3"": ""someone else"", ""4"": ""lives elsewhere""}"
b9_09,child lives with whom,byte,B9_09,"{""0"": ""respondent"", ""1"": ""father"", ""2"": ""other relative"", ""3"": ""someone else"", ""4"": ""lives elsewhere""}"
b9_10,child lives with whom,byte,B9_10,"{""0"": ""respondent"", ""1"": ""father"", ""2"": ""other relative"", ""3"": ""someone else"", ""4"": ""lives elsewhere""}"
b9_11,child lives with whom,byte,B9_11,"{""0"": ""respondent"", ""1"": ""father"", ""2"": ""other relative"", ""3"": ""someone else"", ""4"": ""lives elsewhere""}"
b9_12,child lives with whom,byte,B9_12,"{""0"": ""respondent"", ""1"": ""father"", ""2"": ""other relative"", ""3"": ""someone else"", ""4"": ""lives elsewhere""}"
b9_13,child lives with whom,byte,B9_13,"{""0"": ""respondent"", ""1"": ""father"", ""2"": ""other relative"", ""3"": ""someone else"", ""4"": ""lives elsewhere""}"
b9_14,child lives with whom,byte,B9_14,"{""0"": ""respondent"", ""1"": ""father"", ""2"": ""other relative"", ""3"": ""someone else"", ""4"": ""lives elsewhere""}"
b9_15,child lives with whom,byte,B9_15,"{""0"": ""respondent"", ""1"": ""father"", ""2"": ""other relative"", ""3"": ""someone else"", ""4"": ""lives elsewhere""}"
b9_16,child lives with whom,byte,B9_16,"{""0"": ""respondent"", ""1"": ""father"", ""2"": ""other relative"", ""3"": ""someone else"", ""4"": ""lives elsewhere""}"
b9_17,child lives with whom,byte,B9_17,"{""0"": ""respondent"", ""1"": ""father"", ""2"": ""other relative"", ""3"": ""someone else"", ""4"": ""lives elsewhere""}"
b9_18,child lives with whom,byte,B9_18,"{""0"": ""respondent"", ""1"": ""father"", ""2"": ""other relative"", ""3"": ""someone else"", ""4"": ""lives elsewhere""}"
b9_19,child lives with whom,byte,B9_19,"{""0"": ""respondent"", ""1"": ""father"", ""2"": ""other relative"", ""3"": ""someone else"", ""4"": ""lives elsewhere""}"
b9_20,child lives with whom,byte,B9_20,"{""0"": ""respondent"", ""1"": ""father"", ""2"": ""other relative"", ""3"": ""someone else"", ""4"": ""lives elsewhere""}"
b10_01,completeness of information,byte,B10_01,"{""0"": ""month, year and day"", ""1"": ""month and year - information complete"", ""2"": ""month and age - year imputed"", ""3"": ""year and age - month imputed"", ""4"": ""year and age - year ignored"", ""5"": ""year - age/month imputed"", ""6"": ""age - year/month imputed"", ""7"": ""month - age/year imputed"", ""8"": ""none - all imputed""}"
b10_02,completeness of information,byte,B10_02,"{""0"": ""month, year and day"", ""1"": ""month and year - information complete"", ""2"": ""month and age - year imputed"", ""3"": ""year and age - month imputed"", ""4"": ""year and age - year ignored"", ""5"": ""year - age/month imputed"", ""6"": ""age - year/month imputed"", ""7"": ""month - age/year imputed"", ""8"": ""none - all imputed""}"
b10_03,completeness of information,byte,B10_03,"{""0"": ""month, year and day"", ""1"": ""month and year - information complete"", ""2"": ""month and age - year imputed"", ""3"": ""year and age - month imputed"", ""4"": ""year and age - year ignored"", ""5"": ""year - age/month imputed"", ""6"": ""age - year/month imputed"", ""7"": ""month - age/year imputed"", ""8"": ""none - all imputed""}"
b10_04,completeness of information,byte,B10_04,"{""0"": ""month, year and day"", ""1"": ""month and year - information complete"", ""2"": ""month and age - year imputed"", ""3"": ""year and age - month imputed"", ""4"": ""year and age - year ignored"", ""5"": ""year - age/month imputed"", ""6"": ""age - year/month imputed"", ""7"": ""month - age/year imputed"", ""8"": ""none - all imputed""}"
b10_05,completeness of information,byte,B10_05,"{""0"": ""month, year and day"", ""1"": ""month and year - information complete"", ""2"": ""month and age - year imputed"", ""3"": ""year and age - month imputed"", ""4"": ""year and age - year ignored"", ""5"": ""year - age/month imputed"", ""6"": ""age - year/month imputed"", ""7"": ""month - age/year imputed"", ""8"": ""none - all imputed""}"
b10_06,completeness of information,byte,B10_06,"{""0"": ""month, year and day"", ""1"": ""month and year - information complete"", ""2"": ""month and age - year imputed"", ""3"": ""year and age - month imputed"", ""4"": ""year and age - year ignored"", ""5"": ""year - age/month imputed"", ""6"": ""age - year/month imputed"", ""7"": ""month - age/year imputed"", ""8"": ""none - all imputed""}"
b10_07,completeness of information,byte,B10_07,"{""0"": ""month, year and day"", ""1"": ""month and year - information complete"", ""2"": ""month and age - year imputed"", ""3"": ""year and age - month imputed"", ""4"": ""year and age - year ignored"", ""5"": ""year - age/month imputed"", ""6"": ""age - year/month imputed"", ""7"": ""month - age/year imputed"", ""8"": ""none - all imputed""}"
b10_08,completeness of information,byte,B10_08,"{""0"": ""month, year and day"", ""1"": ""month and year - information complete"", ""2"": ""month and age - year imputed"", ""3"": ""year and age - month imputed"", ""4"": ""year and age - year ignored"", ""5"": ""year - age/month imputed"", ""6"": ""age - year/month imputed"", ""7"": ""month - age/year imputed"", ""8"": ""none - all imputed""}"
b10_09,completeness of information,byte,B10_09,"{""0"": ""month, year and day"", ""1"": ""month and year - information complete"", ""2"": ""month and age - year imputed"", ""3"": ""year and age - month imputed"", ""4"": ""year and age - year ignored"", ""5"": ""year - age/month imputed"", ""6"": ""age - year/month imputed"", ""7"": ""month - age/year imputed"", ""8"": ""none - all imputed""}"
b10_10,completeness of information,byte,B10_10,"{""0"": ""month, year and day"", ""1"": ""month and year - information complete"", ""2"": ""month and age - year imputed"", ""3"": ""year and age - month imputed"", ""4"": ""year and age - year ignored"", ""5"": ""year - age/month imputed"", ""6"": ""age - year/month imputed"", ""7"": ""month - age/year imputed"", ""8"": ""none - all imputed""}"
b10_11,completeness of information,byte,B10_11,"{""0"": ""month, year and day"", ""1"": ""month and year - information complete"", ""2"": ""month and age - year imputed"", ""3"": ""year and age - month imputed"", ""4"": ""year and age - year ignored"", ""5"": ""year - age/month imputed"", ""6"": ""age - year/month imputed"", ""7"": ""month - age/year imputed"", ""8"": ""none - all imputed""}"
b10_12,completeness of information,byte,B10_12,"{""0"": ""month, year and day"", ""1"": ""month and year - information complete"", ""2"": ""month and age - year imputed"", ""3"": ""year and age - month imputed"", ""4"": ""year and age - year ignored"", ""5"": ""year - age/month imputed"", ""6"": ""age - year/month imputed"", ""7"": ""month - age/year imputed"", ""8"": ""none - all imputed""}"
b10_13,completeness of information,byte,B10_13,"{""0"": ""month, year and day"", ""1"": ""month and year - information complete"", ""2"": ""month and age - year imputed"", ""3"": ""year and age - month imputed"", ""4"": ""year and age - year ignored"", ""5"": ""year - age/month imputed"", ""6"": ""age - year/month imputed"", ""7"": ""month - age/year imputed"", ""8"": ""none - all imputed""}"
b10_14,completeness of information,byte,B10_14,"{""0"": ""month, year and day"", ""1"": ""month and year - information complete"", ""2"": ""month and age - year imputed"", ""3"": ""year and age - month imputed"", ""4"": ""year and age - year ignored"", ""5"": ""year - age/month imputed"", ""6"": ""age - year/month imputed"", ""7"": ""month - age/year imputed"", ""8"": ""none - all imputed""}"
b10_15,completeness of information,byte,B10_15,"{""0"": ""month, year and day"", ""1"": ""month and year - information complete"", ""2"": ""month and age - year imputed"", ""3"": ""year and age - month imputed"", ""4"": ""year and age - year ignored"", ""5"": ""year - age/month imputed"", ""6"": ""age - year/month imputed"", ""7"": ""month - age/year imputed"", ""8"": ""none - all imputed""}"
b10_16,completeness of information,byte,B10_16,"{""0"": ""month, year and day"", ""1"": ""month and year - information complete"", ""2"": ""month and age - year imputed"", ""3"": ""year and age - month imputed"", ""4"": ""year and age - year ignored"", ""5"": ""year - age/month imputed"", ""6"": ""age - year/month imputed"", ""7"": ""month - age/year imputed"", ""8"": ""none - all imputed""}"
b10_17,completeness of information,byte,B10_17,"{""0"": ""month, year and day"", ""1"": ""month and year - information complete"", ""2"": ""month and age - year imputed"", ""3"": ""year and age - month imputed"", ""4"": ""year and age - year ignored"", ""5"": ""year - age/month imputed"", ""6"": ""age - year/month imputed"", ""7"": ""month - age/year imputed"", ""8"": ""none - all imputed""}"
b10_18,completeness of information,byte,B10_18,"{""0"": ""month, year and day"", ""1"": ""month and year - information complete"", ""2"": ""month and age - year imputed"", ""3"": ""year and age - month imputed"", ""4"": ""year and age - year ignored"", ""5"": ""year - age/month imputed"", ""6"": ""age - year/month imputed"", ""7"": ""month - age/year imputed"", ""8"": ""none - all imputed""}"
b10_19,completeness of information,byte,B10_19,"{""0"": ""month, year and day"", ""1"": ""month and year - information complete"", ""2"": ""month and age - year imputed"", ""3"": ""year and age - month imputed"", ""4"": ""year and age - year ignored"", ""5"": ""year - age/month imputed"", ""6"": ""age - year/month imputed"", ""7"": ""month - age/year imputed"", ""8"": ""none - all imputed""}"
b10_20,completeness of information,byte,B10_20,"{""0"": ""month, year and day"", ""1"": ""month and year - information complete"", ""2"": ""month and age - year imputed"", ""3"": ""year and age - month imputed"", ""4"": ""year and age - year ignored"", ""5"": ""year - age/month imputed"", ""6"": ""age - year/month imputed"", ""7"": ""month - age/year imputed"", ""8"": ""none - all imputed""}"
b11_01,preceding birth interval (months),int,B11_01,"{""997"": ""inconsistent""}"
b11_02,preceding birth interval (months),int,B11_02,"{""997"": ""inconsistent""}"
b11_03,preceding birth interval (months),int,B11_03,"{""997"": ""inconsistent""}"
b11_04,preceding birth interval (months),int,B11_04,"{""997"": ""inconsistent""}"
b11_05,preceding birth interval (months),int,B11_05,"{""997"": ""inconsistent""}"
b11_06,preceding birth interval (months),int,B11_06,"{""997"": ""inconsistent""}"
b11_07,preceding birth interval (months),int,B11_07,"{""997"": ""inconsistent""}"
b11_08,preceding birth interval (months),int,B11_08,"{""997"": ""inconsistent""}"
b11_09,preceding birth interval (months),int,B11_09,"{""997"": ""inconsistent""}"
b11_10,preceding birth interval (months),byte,B11_10,"{""997"": ""inconsistent""}"
b11_11,preceding birth interval (months),byte,B11_11,"{""997"": ""inconsistent""}"
b11_12,preceding birth interval (months),byte,B11_12,"{""997"": ""inconsistent""}"
b11_13,preceding birth interval (months),byte,B11_13,"{""997"": ""inconsistent""}"
b11_14,preceding birth interval (months),byte,B11_14,"{""997"": ""inconsistent""}"
b11_15,preceding birth interval (months),byte,B11_15,"{""997"": ""inconsistent""}"
b11_16,preceding birth interval (months),byte,B11_16,"{""997"": ""inconsistent""}"
b11_17,preceding birth interval (months),byte,B11_17,"{""997"": ""inconsistent""}"
b11_18,preceding birth interval (months),byte,B11_18,"{""997"": ""inconsistent""}"
b11_19,preceding birth interval (months),byte,B11_19,"{""997"": ""inconsistent""}"
b11_20,preceding birth interval (months),byte,B11_20,"{""997"": ""inconsistent""}"
b12_01,succeeding birth interval (months),byte,B12_01,"{""997"": ""inconsistent""}"
b12_02,succeeding birth interval (months),int,B12_02,"{""997"": ""inconsistent""}"
b12_03,succeeding birth interval (months),int,B12_03,"{""997"": ""inconsistent""}"
b12_04,succeeding birth interval (months),int,B12_04,"{""997"": ""inconsistent""}"
b12_05,succeeding birth interval (months),int,B12_05,"{""997"": ""inconsistent""}"
b12_06,succeeding birth interval (months),int,B12_06,"{""997"": ""inconsistent""}"
b12_07,succeeding birth interval (months),int,B12_07,"{""997"": ""inconsistent""}"
b12_08,succeeding birth interval (months),int,B12_08,"{""997"": ""inconsistent""}"
b12_09,succeeding birth interval (months),int,B12_09,"{""997"": ""inconsistent""}"
b12_10,succeeding birth interval (months),int,B12_10,"{""997"": ""inconsistent""}"
b12_11,succeeding birth interval (months),byte,B12_11,"{""997"": ""inconsistent""}"
b12_12,succeeding birth interval (months),byte,B12_12,"{""997"": ""inconsistent""}"
b12_13,succeeding birth interval (months),byte,B12_13,"{""997"": ""inconsistent""}"
b12_14,succeeding birth interval (months),byte,B12_14,"{""997"": ""inconsistent""}"
b12_15,succeeding birth interval (months),byte,B12_15,"{""997"": ""inconsistent""}"
b12_16,succeeding birth interval (months),byte,B12_16,"{""997"": ""inconsistent""}"
b12_17,succeeding birth interval (months),byte,B12_17,"{""997"": ""inconsistent""}"
b12_18,succeeding birth interval (months),byte,B12_18,"{""997"": ""inconsistent""}"
b12_19,succeeding birth interval (months),byte,B12_19,"{""997"": ""inconsistent""}"
b12_20,succeeding birth interval (months),byte,B12_20,"{""997"": ""inconsistent""}"
b13_01,flag for age at death,byte,B13_01,"{""0"": ""no flag"", ""1"": ""> interview"", ""2"": ""< breastfeeding"", ""3"": ""< age supplemented"", ""4"": ""< first breastfed"", ""5"": ""< last vaccination"", ""6"": ""outside range"", ""7"": ""imputed, units given"", ""8"": ""imputed, no units""}"
b13_02,flag for age at death,byte,B13_02,"{""0"": ""no flag"", ""1"": ""> interview"", ""2"": ""< breastfeeding"", ""3"": ""< age supplemented"", ""4"": ""< first breastfed"", ""5"": ""< last vaccination"", ""6"": ""outside range"", ""7"": ""imputed, units given"", ""8"": ""imputed, no units""}"
b13_03,flag for age at death,byte,B13_03,"{""0"": ""no flag"", ""1"": ""> interview"", ""2"": ""< breastfeeding"", ""3"": ""< age supplemented"", ""4"": ""< first breastfed"", ""5"": ""< last vaccination"", ""6"": ""outside range"", ""7"": ""imputed, units given"", ""8"": ""imputed, no units""}"
b13_04,flag for age at death,byte,B13_04,"{""0"": ""no flag"", ""1"": ""> interview"", ""2"": ""< breastfeeding"", ""3"": ""< age supplemented"", ""4"": ""< first breastfed"", ""5"": ""< last vaccination"", ""6"": ""outside range"", ""7"": ""imputed, units given"", ""8"": ""imputed, no units""}"
b13_05,flag for age at death,byte,B13_05,"{""0"": ""no flag"", ""1"": ""> interview"", ""2"": ""< breastfeeding"", ""3"": ""< age supplemented"", ""4"": ""< first breastfed"", ""5"": ""< last vaccination"", ""6"": ""outside range"", ""7"": ""imputed, units given"", ""8"": ""imputed, no units""}"
b13_06,flag for age at death,byte,B13_06,"{""0"": ""no flag"", ""1"": ""> interview"", ""2"": ""< breastfeeding"", ""3"": ""< age supplemented"", ""4"": ""< first breastfed"", ""5"": ""< last vaccination"", ""6"": ""outside range"", ""7"": ""imputed, units given"", ""8"": ""imputed, no units""}"
b13_07,flag for age at death,byte,B13_07,"{""0"": ""no flag"", ""1"": ""> interview"", ""2"": ""< breastfeeding"", ""3"": ""< age supplemented"", ""4"": ""< first breastfed"", ""5"": ""< last vaccination"", ""6"": ""outside range"", ""7"": ""imputed, units given"", ""8"": ""imputed, no units""}"
b13_08,flag for age at death,byte,B13_08,"{""0"": ""no flag"", ""1"": ""> interview"", ""2"": ""< breastfeeding"", ""3"": ""< age supplemented"", ""4"": ""< first breastfed"", ""5"": ""< last vaccination"", ""6"": ""outside range"", ""7"": ""imputed, units given"", ""8"": ""imputed, no units""}"
b13_09,flag for age at death,byte,B13_09,"{""0"": ""no flag"", ""1"": ""> interview"", ""2"": ""< breastfeeding"", ""3"": ""< age supplemented"", ""4"": ""< first breastfed"", ""5"": ""< last vaccination"", ""6"": ""outside range"", ""7"": ""imputed, units given"", ""8"": ""imputed, no units""}"
b13_10,flag for age at death,byte,B13_10,"{""0"": ""no flag"", ""1"": ""> interview"", ""2"": ""< breastfeeding"", ""3"": ""< age supplemented"", ""4"": ""< first breastfed"", ""5"": ""< last vaccination"", ""6"": ""outside range"", ""7"": ""imputed, units given"", ""8"": ""imputed, no units""}"
b13_11,flag for age at death,byte,B13_11,"{""0"": ""no flag"", ""1"": ""> interview"", ""2"": ""< breastfeeding"", ""3"": ""< age supplemented"", ""4"": ""< first breastfed"", ""5"": ""< last vaccination"", ""6"": ""outside range"", ""7"": ""imputed, units given"", ""8"": ""imputed, no units""}"
b13_12,flag for age at death,byte,B13_12,"{""0"": ""no flag"", ""1"": ""> interview"", ""2"": ""< breastfeeding"", ""3"": ""< age supplemented"", ""4"": ""< first breastfed"", ""5"": ""< last vaccination"", ""6"": ""outside range"", ""7"": ""imputed, units given"", ""8"": ""imputed, no units""}"
b13_13,flag for age at death,byte,B13_13,"{""0"": ""no flag"", ""1"": ""> interview"", ""2"": ""< breastfeeding"", ""3"": ""< age supplemented"", ""4"": ""< first breastfed"", ""5"": ""< last vaccination"", ""6"": ""outside range"", ""7"": ""imputed, units given"", ""8"": ""imputed, no units""}"
b13_14,flag for age at death,byte,B13_14,"{""0"": ""no flag"", ""1"": ""> interview"", ""2"": ""< breastfeeding"", ""3"": ""< age supplemented"", ""4"": ""< first breastfed"", ""5"": ""< last vaccination"", ""6"": ""outside range"", ""7"": ""imputed, units given"", ""8"": ""imputed, no units""}"
b13_15,flag for age at death,byte,B13_15,"{""0"": ""no flag"", ""1"": ""> interview"", ""2"": ""< breastfeeding"", ""3"": ""< age supplemented"", ""4"": ""< first breastfed"", ""5"": ""< last vaccination"", ""6"": ""outside range"", ""7"": ""imputed, units given"", ""8"": ""imputed, no units""}"
b13_16,flag for age at death,byte,B13_16,"{""0"": ""no flag"", ""1"": ""> interview"", ""2"": ""< breastfeeding"", ""3"": ""< age supplemented"", ""4"": ""< first breastfed"", ""5"": ""< last vaccination"", ""6"": ""outside range"", ""7"": ""imputed, units given"", ""8"": ""imputed, no units""}"
b13_17,flag for age at death,byte,B13_17,"{""0"": ""no flag"", ""1"": ""> interview"", ""2"": ""< breastfeeding"", ""3"": ""< age supplemented"", ""4"": ""< first breastfed"", ""5"": ""< last vaccination"", ""6"": ""outside range"", ""7"": ""imputed, units given"", ""8"": ""imputed, no units""}"
b13_18,flag for age at death,byte,B13_18,"{""0"": ""no flag"", ""1"": ""> interview"", ""2"": ""< breastfeeding"", ""3"": ""< age supplemented"", ""4"": ""< first breastfed"", ""5"": ""< last vaccination"", ""6"": ""outside range"", ""7"": ""imputed, units given"", ""8"": ""imputed, no units""}"
b13_19,flag for age at death,byte,B13_19,"{""0"": ""no flag"", ""1"": ""> interview"", ""2"": ""< breastfeeding"", ""3"": ""< age supplemented"", ""4"": ""< first breastfed"", ""5"": ""< last vaccination"", ""6"": ""outside range"", ""7"": ""imputed, units given"", ""8"": ""imputed, no units""}"
b13_20,flag for age at death,byte,B13_20,"{""0"": ""no flag"", ""1"": ""> interview"", ""2"": ""< breastfeeding"", ""3"": ""< age supplemented"", ""4"": ""< first breastfed"", ""5"": ""< last vaccination"", ""6"": ""outside range"", ""7"": ""imputed, units given"", ""8"": ""imputed, no units""}"
b15_01,live birth between births,byte,B15_01,"{""0"": ""no"", ""1"": ""yes""}"
b15_02,live birth between births,byte,B15_02,"{""0"": ""no"", ""1"": ""yes""}"
b15_03,live birth between births,byte,B15_03,"{""0"": ""no"", ""1"": ""yes""}"
b15_04,live birth between births,byte,B15_04,"{""0"": ""no"", ""1"": ""yes""}"
b15_05,live birth between births,byte,B15_05,"{""0"": ""no"", ""1"": ""yes""}"
b15_06,live birth between births,byte,B15_06,"{""0"": ""no"", ""1"": ""yes""}"
b15_07,live birth between births,byte,B15_07,"{""0"": ""no"", ""1"": ""yes""}"
b15_08,live birth between births,byte,B15_08,"{""0"": ""no"", ""1"": ""yes""}"
b15_09,live birth between births,byte,B15_09,"{""0"": ""no"", ""1"": ""yes""}"
b15_10,live birth between births,byte,B15_10,"{""0"": ""no"", ""1"": ""yes""}"
b15_11,live birth between births,byte,B15_11,"{""0"": ""no"", ""1"": ""yes""}"
b15_12,live birth between births,byte,B15_12,"{""0"": ""no"", ""1"": ""yes""}"
b15_13,live birth between births,byte,B15_13,"{""0"": ""no"", ""1"": ""yes""}"
b15_14,live birth between births,byte,B15_14,"{""0"": ""no"", ""1"": ""yes""}"
b15_15,live birth between births,byte,B15_15,"{""0"": ""no"", ""1"": ""yes""}"
b15_16,live birth between births,byte,B15_16,"{""0"": ""no"", ""1"": ""yes""}"
b15_17,live birth between births,byte,B15_17,"{""0"": ""no"", ""1"": ""yes""}"
b15_18,live birth between births,byte,B15_18,"{""0"": ""no"", ""1"": ""yes""}"
b15_19,live birth between births,byte,B15_19,"{""0"": ""no"", ""1"": ""yes""}"
b15_20,live birth between births,byte,B15_20,"{""0"": ""no"", ""1"": ""yes""}"
b16_01,child's line number in household,byte,B16_01,"{""0"": ""not listed in household""}"
b16_02,child's line number in household,byte,B16_02,"{""0"": ""not listed in household""}"
b16_03,child's line number in household,byte,B16_03,"{""0"": ""not listed in household""}"
b16_04,child's line number in household,byte,B16_04,"{""0"": ""not listed in household""}"
b16_05,child's line number in household,byte,B16_05,"{""0"": ""not listed in household""}"
b16_06,child's line number in household,byte,B16_06,"{""0"": ""not listed in household""}"
b16_07,child's line number in household,byte,B16_07,"{""0"": ""not listed in household""}"
b16_08,child's line number in household,byte,B16_08,"{""0"": ""not listed in household""}"
b16_09,child's line number in household,byte,B16_09,"{""0"": ""not listed in household""}"
b16_10,child's line number in household,byte,B16_10,"{""0"": ""not listed in household""}"
b16_11,child's line number in household,byte,B16_11,"{""0"": ""not listed in household""}"
b16_12,child's line number in household,byte,B16_12,"{""0"": ""not listed in household""}"
b16_13,child's line number in household,byte,B16_13,"{""0"": ""not listed in household""}"
b16_14,child's line number in household,byte,B16_14,"{""0"": ""not listed in household""}"
b16_15,child's line number in household,byte,B16_15,"{""0"": ""not listed in household""}"
b16_16,child's line number in household,byte,B16_16,"{""0"": ""not listed in household""}"
b16_17,child's line number in household,byte,B16_17,"{""0"": ""not listed in household""}"
b16_18,child's line number in household,byte,B16_18,"{""0"": ""not listed in household""}"
b16_19,child's line number in household,byte,B16_19,"{""0"": ""not listed in household""}"
b16_20,child's line number in household,byte,B16_20,"{""0"": ""not listed in household""}"
b17_01,day of birth,byte,,
b17_02,day of birth,byte,,
b17_03,day of birth,byte,,
b17_04,day of birth,byte,,
b17_05,day of birth,byte,,
b17_06,day of birth,byte,,
b17_07,day of birth,byte,,
b17_08,day of birth,byte,,
b17_09,day of birth,byte,,
b17_10,day of birth,byte,,
b17_11,day of birth,byte,,
b17_12,day of birth,byte,,
b17_13,day of birth,byte,,
b17_14,day of birth,byte,,
b17_15,day of birth,byte,,
b17_16,day of birth,byte,,
b17_17,day of birth,byte,,
b17_18,day of birth,byte,,
b17_19,day of birth,byte,,
b17_20,day of birth,byte,,
b18_01,century day code of birth (cdc),long,,
b18_02,century day code of birth (cdc),long,,
b18_03,century day code of birth (cdc),long,,
b18_04,century day code of birth (cdc),long,,
b18_05,century day code of birth (cdc),long,,
b18_06,century day code of birth (cdc),long,,
b18_07,century day code of birth (cdc),long,,
b18_08,century day code of birth (cdc),long,,
b18_09,century day code of birth (cdc),long,,
b18_10,century day code of birth (cdc),long,,
b18_11,century day code of birth (cdc),long,,
b18_12,century day code of birth (cdc),long,,
b18_13,century day code of birth (cdc),long,,
b18_14,century day code of birth (cdc),long,,
b18_15,century day code of birth (cdc),long,,
b18_16,century day code of birth (cdc),long,,
b18_17,century day code of birth (cdc),byte,,
b18_18,century day code of birth (cdc),byte,,
b18_19,century day code of birth (cdc),byte,,
b18_20,century day code of birth (cdc),byte,,
b19_01,current age of child in months (months since birth for dead children),int,,
b19_02,current age of child in months (months since birth for dead children),int,,
b19_03,current age of child in months (months since birth for dead children),int,,
b19_04,current age of child in months (months since birth for dead children),int,,
b19_05,current age of child in months (months since birth for dead children),int,,
b19_06,current age of child in months (months since birth for dead children),int,,
b19_07,current age of child in months (months since birth for dead children),int,,
b19_08,current age of child in months (months since birth for dead children),int,,
b19_09,current age of child in months (months since birth for dead children),int,,
b19_10,current age of child in months (months since birth for dead children),int,,
b19_11,current age of child in months (months since birth for dead children),int,,
b19_12,current age of child in months (months since birth for dead children),int,,
b19_13,current age of child in months (months since birth for dead children),int,,
b19_14,current age of child in months (months since birth for dead children),int,,
b19_15,current age of child in months (months since birth for dead children),int,,
b19_16,current age of child in months (months since birth for dead children),int,,
b19_17,current age of child in months (months since birth for dead children),byte,,
b19_18,current age of child in months (months since birth for dead children),byte,,
b19_19,current age of child in months (months since birth for dead children),byte,,
b19_20,current age of child in months (months since birth for dead children),byte,,
b20_01,na - duration of pregnancy,byte,,
b20_02,na - duration of pregnancy,byte,,
b20_03,na - duration of pregnancy,byte,,
b20_04,na - duration of pregnancy,byte,,
b20_05,na - duration of pregnancy,byte,,
b20_06,na - duration of pregnancy,byte,,
b20_07,na - duration of pregnancy,byte,,
b20_08,na - duration of pregnancy,byte,,
b20_09,na - duration of pregnancy,byte,,
b20_10,na - duration of pregnancy,byte,,
b20_11,na - duration of pregnancy,byte,,
b20_12,na - duration of pregnancy,byte,,
b20_13,na - duration of pregnancy,byte,,
b20_14,na - duration of pregnancy,byte,,
b20_15,na - duration of pregnancy,byte,,
b20_16,na - duration of pregnancy,byte,,
b20_17,na - duration of pregnancy,byte,,
b20_18,na - duration of pregnancy,byte,,
b20_19,na - duration of pregnancy,byte,,
b20_20,na - duration of pregnancy,byte,,
bidx_01,birth column number,byte,,
bidx_02,birth column number,byte,,
bidx_03,birth column number,byte,,
bidx_04,birth column number,byte,,
bidx_05,birth column number,byte,,
bidx_06,birth column number,byte,,
bidx_07,birth column number,byte,,
bidx_08,birth column number,byte,,
bidx_09,birth column number,byte,,
bidx_10,birth column number,byte,,
bidx_11,birth column number,byte,,
bidx_12,birth column number,byte,,
bidx_13,birth column number,byte,,
bidx_14,birth column number,byte,,
bidx_15,birth column number,byte,,
bidx_16,birth column number,byte,,
bidx_17,birth column number,byte,,
bidx_18,birth column number,byte,,
bidx_19,birth column number,byte,,
bidx_20,birth column number,byte,,
bord_01,birth order number,byte,,
bord_02,birth order number,byte,,
bord_03,birth order number,byte,,
bord_04,birth order number,byte,,
bord_05,birth order number,byte,,
bord_06,birth order number,byte,,
bord_07,birth order number,byte,,
bord_08,birth order number,byte,,
bord_09,birth order number,byte,,
bord_10,birth order number,byte,,
bord_11,birth order number,byte,,
bord_12,birth order number,byte,,
bord_13,birth order number,byte,,
bord_14,birth order number,byte,,
bord_15,birth order number,byte,,
bord_16,birth order number,byte,,
bord_17,birth order number,byte,,
bord_18,birth order number,byte,,
bord_19,birth order number,byte,,
bord_20,birth order number,byte,,
caseid,case identification,str15,,
d005,weight for domestic violence (6 decimals),long,,
d101a,husband/partner jealous if respondent talks with other men,byte,D101A,"{""0"": ""no"", ""1"": ""yes"", ""8"": ""don't know""}"
d101b,husband/partner accuses respondent of unfaithfulness,byte,D101B,"{""0"": ""no"", ""1"": ""yes"", ""8"": ""don't know""}"
d101c,husband/partner does not permit respondent to meet female friends,byte,D101C,"{""0"": ""no"", ""1"": ""yes"", ""8"": ""don't know""}"
d101d,husband/partner tries to limit respondent's contact with family,byte,D101D,"{""0"": ""no"", ""1"": ""yes"", ""8"": ""don't know""}"
d101e,husband/partner insists on knowing where respondent is,byte,D101E,"{""0"": ""no"", ""1"": ""yes"", ""8"": ""don't know""}"
d101f,husband/partner doesn't trust respondent with money,byte,D101F,"{""0"": ""no"", ""1"": ""yes"", ""8"": ""don't know""}"
d101g,na - cs control issue,byte,D101G,"{""0"": ""no"", ""1"": ""yes"", ""8"": ""don't know""}"
d101h,na - cs control issue,byte,D101H,"{""0"": ""no"", ""1"": ""yes"", ""8"": ""don't know""}"
d101i,na - cs control issue,byte,D101I,"{""0"": ""no"", ""1"": ""yes"", ""8"": ""don't know""}"
d101j,na - cs control issue,byte,D101J,"{""0"": ""no"", ""1"": ""yes"", ""8"": ""don't know""}"
d102,number of control issues answered 'yes'  (d101x = 1),byte,,
d103a,ever been humiliated by husband/partner,byte,D103A,"{""0"": ""never"", ""1"": ""often"", ""2"": ""sometimes"", ""3"": ""yes, but not in the last 12 months"", ""4"": ""yes, but frequency in last 12 months missing""}"
d103b,ever been threatened with harm by husband/partner,byte,D103B,"{""0"": ""never"", ""1"": ""often"", ""2"": ""sometimes"", ""3"": ""yes, but not in the last 12 months"", ""4"": ""yes, but frequency in last 12 months missing""}"
d103c,ever been insulted or made to feel bad by husband/partner,byte,D103C,"{""0"": ""never"", ""1"": ""often"", ""2"": ""sometimes"", ""3"": ""yes, but not in the last 12 months"", ""4"": ""yes, but frequency in last 12 months missing""}"
d103d,na - ever cs emotional abuse by husband/partner,byte,D103D,"{""0"": ""never"", ""1"": ""often"", ""2"": ""sometimes"", ""3"": ""yes, but not in the last 12 months"", ""4"": ""yes, but frequency in last 12 months missing""}"
d103e,na - ever cs emotional abuse by husband/partner,byte,D103E,"{""0"": ""never"", ""1"": ""often"", ""2"": ""sometimes"", ""3"": ""yes, but not in the last 12 months"", ""4"": ""yes, but frequency in last 12 months missing""}"
d103f,na - ever cs emotional abuse by husband/partner,byte,D103F,"{""0"": ""never"", ""1"": ""often"", ""2"": ""sometimes"", ""3"": ""yes, but not in the last 12 months"", ""4"": ""yes, but frequency in last 12 months missing""}"
d104,experienced any emotional violence (d103x series),byte,D104,"{""0"": ""no"", ""1"": ""yes""}"
d105a,"ever been pushed, shook or had something thrown by husband/partner",byte,D105A,"{""0"": ""never"", ""1"": ""often"", ""2"": ""sometimes"", ""3"": ""yes, but not in the last 12 months"", ""4"": ""yes, but frequency in last 12 months missing""}"
d105b,ever been slapped by husband/partner,byte,D105B,"{""0"": ""never"", ""1"": ""often"", ""2"": ""sometimes"", ""3"": ""yes, but not in the last 12 months"", ""4"": ""yes, but frequency in last 12 months missing""}"
d105c,ever been punched with fist or hit by something harmful by husband/partner,byte,D105C,"{""0"": ""never"", ""1"": ""often"", ""2"": ""sometimes"", ""3"": ""yes, but not in the last 12 months"", ""4"": ""yes, but frequency in last 12 months missing""}"
d105d,ever been kicked or dragged by husband/partner,byte,D105D,"{""0"": ""never"", ""1"": ""often"", ""2"": ""sometimes"", ""3"": ""yes, but not in the last 12 months"", ""4"": ""yes, but frequency in last 12 months missing""}"
d105e,ever been strangled or burnt by husband/partner,byte,D105E,"{""0"": ""never"", ""1"": ""often"", ""2"": ""sometimes"", ""3"": ""yes, but not in the last 12 months"", ""4"": ""yes, but frequency in last 12 months missing""}"
d105f,ever been threatened with knife/gun or other weapon by husband/partner,byte,D105F,"{""0"": ""never"", ""1"": ""often"", ""2"": ""sometimes"", ""3"": ""yes, but not in the last 12 months"", ""4"": ""yes, but frequency in last 12 months missing""}"
d105g,na - ever cs physical violence by husband/partner,byte,D105G,"{""0"": ""never"", ""1"": ""often"", ""2"": ""sometimes"", ""3"": ""yes, but not in the last 12 months"", ""4"": ""yes, but frequency in last 12 months missing""}"
d105h,ever been physically forced into unwanted sex by husband/partner,byte,D105H,"{""0"": ""never"", ""1"": ""often"", ""2"": ""sometimes"", ""3"": ""yes, but not in the last 12 months"", ""4"": ""yes, but frequency in last 12 months missing""}"
d105i,ever been forced into other unwanted sexual acts by husband/partner,byte,D105I,"{""0"": ""never"", ""1"": ""often"", ""2"": ""sometimes"", ""3"": ""yes, but not in the last 12 months"", ""4"": ""yes, but frequency in last 12 months missing""}"
d105j,ever had arm twisted or hair pulled by husband/partner,byte,D105J,"{""0"": ""never"", ""1"": ""often"", ""2"": ""sometimes"", ""3"": ""yes, but not in the last 12 months"", ""4"": ""yes, but frequency in last 12 months missing""}"
d105k,ever been physically forced to perform sexual acts respondent didn't want to,byte,D105K,"{""0"": ""never"", ""1"": ""often"", ""2"": ""sometimes"", ""3"": ""yes, but not in the last 12 months"", ""4"": ""yes, but frequency in last 12 months missing""}"
d105l,na - ever cs physical violence by husband/partner,byte,D105L,"{""0"": ""never"", ""1"": ""often"", ""2"": ""sometimes"", ""3"": ""yes, but not in the last 12 months"", ""4"": ""yes, but frequency in last 12 months missing""}"
d105m,na - ever cs physical violence by husband/partner,byte,D105M,"{""0"": ""never"", ""1"": ""often"", ""2"": ""sometimes"", ""3"": ""yes, but not in the last 12 months"", ""4"": ""yes, but frequency in last 12 months missing""}"
d105n,na - ever cs physical violence by husband/partner,byte,D105N,"{""0"": ""never"", ""1"": ""often"", ""2"": ""sometimes"", ""3"": ""yes, but not in the last 12 months"", ""4"": ""yes, but frequency in last 12 months missing""}"
d106,"experienced any less severe violence (d105a-c,j) by husband/partner",byte,D106,"{""0"": ""no"", ""1"": ""yes""}"
d107,experienced any severe violence (d105d-f) by husband/partner,byte,D107,"{""0"": ""no"", ""1"": ""yes""}"
d108,"experienced any sexual violence (d105h-i,k) by husband/partner",byte,D108,"{""0"": ""no"", ""1"": ""yes""}"
d109,timing of first event (from d105 series) in years after marriage,byte,D109,"{""95"": ""before union"", ""96"": ""after separation/divorce"", ""98"": ""don't know""}"
d110a,ever had bruises because of husband/partner's actions,byte,D110A,"{""0"": ""no"", ""1"": ""yes""}"
d110b,"ever had eye injuries, sprains, dislocations or burns because of husband/partner",byte,D110B,"{""0"": ""no"", ""1"": ""yes""}"
d110c,na - ever went to health facility because of husband/partner's actions,byte,D110C,"{""0"": ""no"", ""1"": ""yes""}"
d110d,"ever had wounds, broken bones, broken teeth or other serious injury because of h",byte,D110D,"{""0"": ""no"", ""1"": ""yes""}"
d110e,ever had severe burns,byte,D110E,"{""0"": ""no"", ""1"": ""yes""}"
d110f,na - cs because of husband/partner's actions,byte,D110F,"{""0"": ""no"", ""1"": ""yes""}"
d110g,na - cs because of husband/partner's actions,byte,D110G,"{""0"": ""no"", ""1"": ""yes""}"
d110h,na - cs because of husband/partner's actions,byte,D110H,"{""0"": ""no"", ""1"": ""yes""}"
d111,experienced any of listed husband/partner's actions (d110x series),byte,D111,"{""0"": ""no"", ""1"": ""yes""}"
d112,respondent ever physically hurt husband/partner when he was not hurting her,byte,D112,"{""0"": ""no"", ""1"": ""yes""}"
d112a,frequency of physically hurting husband/partner in last 12 months,byte,D112A,"{""0"": ""not at all in last 12 months"", ""1"": ""often"", ""2"": ""sometimes"", ""8"": ""don't know""}"
d113,husband/partner drinks alcohol,byte,D113,"{""0"": ""no"", ""1"": ""yes""}"
d114,frequency of husband/partner being drunk,byte,D114,"{""0"": ""never"", ""1"": ""often"", ""2"": ""sometimes""}"
d115b,mother: person who has ever physically hurt respondent,byte,D115B,"{""0"": ""no"", ""1"": ""yes""}"
d115c,father: person who has ever physically hurt respondent,byte,D115C,"{""0"": ""no"", ""1"": ""yes""}"
d115d,daughter/son: person who has ever physically hurt respondent,byte,D115D,"{""0"": ""no"", ""1"": ""yes""}"
d115e,na - son: person who has ever physically hurt respondent,byte,D115E,"{""0"": ""no"", ""1"": ""yes""}"
d115f,sister/brother: person who has ever physically hurt respondent,byte,D115F,"{""0"": ""no"", ""1"": ""yes""}"
d115g,other relative: person who has ever physically hurt respondent,byte,D115G,"{""0"": ""no"", ""1"": ""yes""}"
d115h,na - other female family: person who has ever physically hurt respondent,byte,D115H,"{""0"": ""no"", ""1"": ""yes""}"
d115i,na - other male family: person who has ever physically hurt respondent,byte,D115I,"{""0"": ""no"", ""1"": ""yes""}"
d115j,na - former partner: person who has ever physically hurt respondent,byte,D115J,"{""0"": ""no"", ""1"": ""yes""}"
d115k,current boyfriend: person who has ever physically hurt respondent,byte,D115K,"{""0"": ""no"", ""1"": ""yes""}"
d115l,former boyfriend: person who has ever physically hurt respondent,byte,D115L,"{""0"": ""no"", ""1"": ""yes""}"
d115m,na - step-mother: person who has ever physically hurt respondent,byte,D115M,"{""0"": ""no"", ""1"": ""yes""}"
d115n,na - step-father: person who has ever physically hurt respondent,byte,D115N,"{""0"": ""no"", ""1"": ""yes""}"
d115o,mother-in-law: person who has ever physically hurt respondent,byte,D115O,"{""0"": ""no"", ""1"": ""yes""}"
d115p,father-in-law: person who has ever physically hurt respondent,byte,D115P,"{""0"": ""no"", ""1"": ""yes""}"
d115q,other in-law: person who has ever physically hurt respondent,byte,D115Q,"{""0"": ""no"", ""1"": ""yes""}"
d115r,na - other male in-law: person who has ever physically hurt respondent,byte,D115R,"{""0"": ""no"", ""1"": ""yes""}"
d115s,na - female friend: person who has ever physically hurt respondent,byte,D115S,"{""0"": ""no"", ""1"": ""yes""}"
d115t,na - male friend: person who has ever physically hurt respondent,byte,D115T,"{""0"": ""no"", ""1"": ""yes""}"
d115u,na - neighbor: person who has ever physically hurt respondent,byte,D115U,"{""0"": ""no"", ""1"": ""yes""}"
d115v,teacher: person who has ever physically hurt respondent,byte,D115V,"{""0"": ""no"", ""1"": ""yes""}"
d115w,employer: person who has ever physically hurt respondent,byte,D115W,"{""0"": ""no"", ""1"": ""yes""}"
d115x,other: person who has ever physically hurt respondent,byte,D115X,"{""0"": ""no"", ""1"": ""yes""}"
d115xa,na - stranger: person who has ever physically hurt respondent,byte,D115XA,"{""0"": ""no"", ""1"": ""yes""}"
d115xb,na - other female in-law/family: person who has ever physically hurt respondent,byte,D115XB,"{""0"": ""no"", ""1"": ""yes""}"
d115xc,na - other male in-law/family: person who has ever physically hurt respondent,byte,D115XC,"{""0"": ""no"", ""1"": ""yes""}"
d115xd,na - friend: person who has ever physically hurt respondent,byte,D115XD,"{""0"": ""no"", ""1"": ""yes""}"
d115xe,police: person who has ever physically hurt respondent,byte,D115XE,"{""0"": ""no"", ""1"": ""yes""}"
d115xf,na - religious leader: person who has ever physically hurt respondent,byte,D115XF,"{""0"": ""no"", ""1"": ""yes""}"
d115xg,na - lawyer: person who has ever physically hurt respondent,byte,D115XG,"{""0"": ""no"", ""1"": ""yes""}"
d115xh,na - doctor: person who has ever physically hurt respondent,byte,D115XH,"{""0"": ""no"", ""1"": ""yes""}"
d115xi,na - cs: person who has ever physically hurt respondent,byte,D115XI,"{""0"": ""no"", ""1"": ""yes""}"
d115xj,na - cs: person who has ever physically hurt respondent,byte,D115XJ,"{""0"": ""no"", ""1"": ""yes""}"
d115xk,na - cs: person who has ever physically hurt respondent,byte,D115XK,"{""0"": ""no"", ""1"": ""yes""}"
d115y,no person other than husband/partner ever physically hurt respondent,byte,D115Y,"{""0"": ""someone physically hurt respondent"", ""1"": ""none of these people ever physically hurt respondent"", ""6"": ""no response to question""}"
d116,na - person who hurt respondent most often,byte,D116,"{""0"": ""no one else ever physically hurt respondent"", ""1"": ""blank (husband/partner skipped for this question)"", ""2"": ""mother"", ""3"": ""father"", ""4"": ""daughter"", ""5"": ""son"", ""6"": ""sister"", ""7"": ""brother"", ""8"": ""other female relatives"", ""9"": ""other male relatives"", ""10"": ""former partner"", ""11"": ""current boyfriend"", ""12"": ""former boyfriend"", ""13"": ""step-mother"", ""14"": ""step-father"", ""15"": ""mother-in-law"", ""16"": ""father-in-law"", ""17"": ""other female in-laws"", ""18"": ""other male in-laws"", ""19"": ""female friend, acquaintance"", ""20"": ""male friend, acquaintance"", ""21"": ""neighbor"", ""22"": ""teacher"", ""23"": ""employer"", ""27"": ""stranger"", ""28"": ""other female relative/in-law"", ""29"": ""other male relative/in-law"", ""30"": ""friend"", ""31"": ""police"", ""95"": ""no response (d115y=6)"", ""96"": ""other""}"
d117a,frequency of being hit in last 12 months by other than husband/partner,byte,D117A,"{""0"": ""not at all"", ""1"": ""often"", ""2"": ""sometimes""}"
d118a,husband/partner: person who hurt respondent during a pregnancy,byte,D118A,"{""0"": ""no"", ""1"": ""yes""}"
d118b,na - mother: person who hurt respondent during a pregnancy,byte,D118B,"{""0"": ""no"", ""1"": ""yes""}"
d118c,father/step-father: person who hurt respondent during a pregnancy,byte,D118C,"{""0"": ""no"", ""1"": ""yes""}"
d118d,na - daughter/son: person who hurt respondent during a pregnancy,byte,D118D,"{""0"": ""no"", ""1"": ""yes""}"
d118e,na - son alone: person who hurt respondent during a pregnancy,byte,D118E,"{""0"": ""no"", ""1"": ""yes""}"
d118f,sister/brother: person who hurt respondent during a pregnancy,byte,D118F,"{""0"": ""no"", ""1"": ""yes""}"
d118g,other relative: person who hurt respondent during a pregnancy,byte,D118G,"{""0"": ""no"", ""1"": ""yes""}"
d118h,na - other female family: person who hurt respondent during a pregnancy,byte,D118H,"{""0"": ""no"", ""1"": ""yes""}"
d118i,na - other male family: person who hurt respondent during a pregnancy,byte,D118I,"{""0"": ""no"", ""1"": ""yes""}"
d118j,former husband/partner: person who hurt respondent during a pregnancy,byte,D118J,"{""0"": ""no"", ""1"": ""yes""}"
d118k,current boyfriend: person who hurt respondent during a pregnancy,byte,D118K,"{""0"": ""no"", ""1"": ""yes""}"
d118l,na - former boyfriend: person who hurt respondent during a pregnancy,byte,D118L,"{""0"": ""no"", ""1"": ""yes""}"
d118m,na - step-mother: person who hurt respondent during a pregnancy,byte,D118M,"{""0"": ""no"", ""1"": ""yes""}"
d118n,na - step-father: person who hurt respondent during a pregnancy,byte,D118N,"{""0"": ""no"", ""1"": ""yes""}"
d118o,na - mother-in-law: person who hurt respondent during a pregnancy,byte,D118O,"{""0"": ""no"", ""1"": ""yes""}"
d118p,na - father-in-law: person who hurt respondent during a pregnancy,byte,D118P,"{""0"": ""no"", ""1"": ""yes""}"
d118q,other in-law: person who hurt respondent during a pregnancy,byte,D118Q,"{""0"": ""no"", ""1"": ""yes""}"
d118r,na - other female/male in-law: person who hurt respondent during a pregnancy,byte,D118R,"{""0"": ""no"", ""1"": ""yes""}"
d118s,na - female friend: person who hurt respondent during a pregnancy,byte,D118S,"{""0"": ""no"", ""1"": ""yes""}"
d118t,na - male friend: person who hurt respondent during a pregnancy,byte,D118T,"{""0"": ""no"", ""1"": ""yes""}"
d118u,na - neighbor: person who hurt respondent during a pregnancy,byte,D118U,"{""0"": ""no"", ""1"": ""yes""}"
d118v,teacher: person who hurt respondent during a pregnancy,byte,D118V,"{""0"": ""no"", ""1"": ""yes""}"
d118w,employer: person who hurt respondent during a pregnancy,byte,D118W,"{""0"": ""no"", ""1"": ""yes""}"
d118x,other: person who hurt respondent during a pregnancy,byte,D118X,"{""0"": ""no"", ""1"": ""yes""}"
d118xa,stranger: person who hurt respondent during a pregnancy,byte,D118XA,"{""0"": ""no"", ""1"": ""yes""}"
d118xb,na - other female in-law/family: person who hurt respondent during a pregnancy,byte,D118XB,"{""0"": ""no"", ""1"": ""yes""}"
d118xc,na - other male in-law/family: person who hurt respondent during a pregnancy,byte,D118XC,"{""0"": ""no"", ""1"": ""yes""}"
d118xd,friend: person who hurt respondent during a pregnancy,byte,D118XD,"{""0"": ""no"", ""1"": ""yes""}"
d118xe,police: person who hurt respondent during a pregnancy,byte,D118XE,"{""0"": ""no"", ""1"": ""yes""}"
d118xf,religious leader: person who hurt respondent during a pregnancy,byte,D118XF,"{""0"": ""no"", ""1"": ""yes""}"
d118xg,na - lawyer: person who hurt respondent during a pregnancy,byte,D118XG,"{""0"": ""no"", ""1"": ""yes""}"
d118xh,na - doctor: person who hurt respondent during a pregnancy,byte,D118XH,"{""0"": ""no"", ""1"": ""yes""}"
d118xi,family friend: person who hurt respondent during a pregnancy,byte,D118XI,"{""0"": ""no"", ""1"": ""yes""}"
d118xj,na - cs: person who hurt respondent during a pregnancy,byte,D118XJ,"{""0"": ""no"", ""1"": ""yes""}"
d118xk,na - cs: person who hurt respondent during a pregnancy,byte,D118XK,"{""0"": ""no"", ""1"": ""yes""}"
d118y,respondent was not hurt by anyone during a pregnancy,byte,D118Y,"{""0"": ""someone hurt respondent during pregnancy"", ""1"": ""no one hurt respondent during pregnancy""}"
d119a,na - husband/partner: person respondent went to seek help,byte,D119A,"{""0"": ""no"", ""1"": ""yes""}"
d119b,na - mother: person respondent went to seek help,byte,D119B,"{""0"": ""no"", ""1"": ""yes""}"
d119c,na - father: person respondent went to seek help,byte,D119C,"{""0"": ""no"", ""1"": ""yes""}"
d119d,na - daughter: person respondent went to seek help,byte,D119D,"{""0"": ""no"", ""1"": ""yes""}"
d119e,na - son: person respondent went to seek help,byte,D119E,"{""0"": ""no"", ""1"": ""yes""}"
d119f,na - sister: person respondent went to seek help,byte,D119F,"{""0"": ""no"", ""1"": ""yes""}"
d119g,na - brother: person respondent went to seek help,byte,D119G,"{""0"": ""no"", ""1"": ""yes""}"
d119h,own family: person respondent went to seek help,byte,D119H,"{""0"": ""no"", ""1"": ""yes""}"
d119i,husband/partner family: person respondent went to seek help,byte,D119I,"{""0"": ""no"", ""1"": ""yes""}"
d119j,current/former husband/partner: person respondent went to seek help,byte,D119J,"{""0"": ""no"", ""1"": ""yes""}"
d119k,current/former boyfriend: person respondent went to seek help,byte,D119K,"{""0"": ""no"", ""1"": ""yes""}"
d119l,na - former boyfriend alone: person respondent went to seek help,byte,D119L,"{""0"": ""no"", ""1"": ""yes""}"
d119m,na - step-mother: person respondent went to seek help,byte,D119M,"{""0"": ""no"", ""1"": ""yes""}"
d119n,na - step-father: person respondent went to seek help,byte,D119N,"{""0"": ""no"", ""1"": ""yes""}"
d119o,na - mother-in-law: person respondent went to seek help,byte,D119O,"{""0"": ""no"", ""1"": ""yes""}"
d119p,na - father-in-law: person respondent went to seek help,byte,D119P,"{""0"": ""no"", ""1"": ""yes""}"
d119q,na - other female in-law: person respondent went to seek help,byte,D119Q,"{""0"": ""no"", ""1"": ""yes""}"
d119r,na - other male in-law: person respondent went to seek help,byte,D119R,"{""0"": ""no"", ""1"": ""yes""}"
d119s,na - female friend: person respondent went to seek help,byte,D119S,"{""0"": ""no"", ""1"": ""yes""}"
d119t,na - male friend: person respondent went to seek help,byte,D119T,"{""0"": ""no"", ""1"": ""yes""}"
d119u,neighbor: person respondent went to seek help,byte,D119U,"{""0"": ""no"", ""1"": ""yes""}"
d119v,na - teacher: person respondent went to seek help,byte,D119V,"{""0"": ""no"", ""1"": ""yes""}"
d119w,na - employer: person respondent went to seek help,byte,D119W,"{""0"": ""no"", ""1"": ""yes""}"
d119x,other: person respondent went to seek help,byte,D119X,"{""0"": ""no"", ""1"": ""yes""}"
d119xa,na - stranger: person respondent went to seek help,byte,D119XA,"{""0"": ""no"", ""1"": ""yes""}"
d119xb,social service organization: person respondent went to seek help,byte,D119XB,"{""0"": ""no"", ""1"": ""yes""}"
d119xc,na - cs: person respondent went to seek help,byte,D119XC,"{""0"": ""no"", ""1"": ""yes""}"
d119xd,friend: person respondent went to seek help,byte,D119XD,"{""0"": ""no"", ""1"": ""yes""}"
d119xe,police: person respondent went to seek help,byte,D119XE,"{""0"": ""no"", ""1"": ""yes""}"
d119xf,religious leader: person respondent went to seek help,byte,D119XF,"{""0"": ""no"", ""1"": ""yes""}"
d119xg,lawyer: person respondent went to seek help,byte,D119XG,"{""0"": ""no"", ""1"": ""yes""}"
d119xh,doctor: person respondent went to seek help,byte,D119XH,"{""0"": ""no"", ""1"": ""yes""}"
d119xi,na - cs: person respondent went to seek help,byte,D119XI,"{""0"": ""no"", ""1"": ""yes""}"
d119xj,na - cs: person respondent went to seek help,byte,D119XJ,"{""0"": ""no"", ""1"": ""yes""}"
d119xk,na - cs: person respondent went to seek help,byte,D119XK,"{""0"": ""no"", ""1"": ""yes""}"
d119y,respondent did not seek help from anyone,byte,D119Y,"{""0"": ""sought help from someone"", ""1"": ""no help was sought""}"
d120,na - main reason never sought help,byte,D120,"{""1"": ""don't know where to go to"", ""2"": ""no use"", ""3"": ""part of life"", ""4"": ""afraid of divorce"", ""5"": ""afraid of further beatings"", ""6"": ""afraid of getting the person in trouble"", ""7"": ""embarrassed"", ""8"": ""don't want to disgrace family"", ""9"": ""no money"", ""96"": ""other""}"
d121,respondent's father ever beat her mother,byte,D121,"{""0"": ""no"", ""1"": ""yes"", ""8"": ""don't know""}"
d122a,interview interrupted: husband's presence,byte,D122A,"{""0"": ""no"", ""1"": ""yes, once"", ""2"": ""yes, more than once""}"
d122b,interview interrupted: other adult male's presence,byte,D122B,"{""0"": ""no"", ""1"": ""yes, once"", ""2"": ""yes, more than once""}"
d122c,interview interrupted: adult female's presence,byte,D122C,"{""0"": ""no"", ""1"": ""yes, once"", ""2"": ""yes, more than once""}"
d123,na - first sex was wanted or forced,byte,D123,"{""1"": ""wanted"", ""2"": ""forced"", ""6"": ""refused to answer/no response""}"
d124,ever forced to have sex by anyone other than husband/partner in last 12 months,byte,D124,"{""0"": ""no"", ""1"": ""yes"", ""6"": ""refused to answer/no response""}"
d125,ever forced to perform unwanted sexual acts,byte,D125,"{""0"": ""no"", ""1"": ""yes"", ""6"": ""refused to answer/no response""}"
d126,age at first forced sexual act,byte,D126,"{""98"": ""don't know""}"
d127,person who forced respondent into first sexual act,byte,D127,"{""1"": ""current husband"", ""2"": ""former husband"", ""3"": ""current / former boyfriend"", ""4"": ""father / step-father"", ""5"": ""brother / step-brother"", ""6"": ""other relative"", ""7"": ""in-law"", ""8"": ""own friend / acquaintance"", ""9"": ""family friend"", ""10"": ""teacher"", ""11"": ""employer / someone at work"", ""12"": ""police / soldier"", ""13"": ""priest / religious leader"", ""14"": ""stranger"", ""96"": ""other""}"
d128,ever told anyone else about violence,byte,D128,"{""0"": ""no"", ""1"": ""yes""}"
d129,"respondent afraid of husband/partner most of the time, sometimes or never",byte,D129,"{""0"": ""never afraid"", ""1"": ""most of the time afraid"", ""2"": ""sometimes afraid""}"
d130a,"previous husband: ever hit, slap, kick or physically hurt respondent",byte,D130A,"{""0"": ""never"", ""1"": ""0-11 months ago"", ""2"": ""12+ months ago"", ""3"": ""yes, but don't remember when"", ""4"": ""yes, but frequency in last 12 months missing""}"
d130b,previous husband: physically forced to have sex or to perform sexual acts,byte,D130B,"{""0"": ""never"", ""1"": ""0-11 months ago"", ""2"": ""12+ months ago"", ""3"": ""yes, but don't remember when"", ""4"": ""yes, but frequency in last 12 months missing""}"
d130c,"previous husband: humiliate, threaten to hurt, insult or make feel bad",byte,D130C,"{""0"": ""never"", ""1"": ""0-11 months ago"", ""2"": ""12+ months ago"", ""3"": ""yes, but don't remember when"", ""4"": ""yes, but frequency in last 12 months missing""}"
dptb_1,dpt 1 booster,byte,DPTB_1,"{""0"": ""no"", ""1"": ""vaccination date on card"", ""2"": ""reported by mother"", ""3"": ""vaccination marked on card"", ""8"": ""don't know""}"
dptb_2,dpt 1 booster,byte,DPTB_2,"{""0"": ""no"", ""1"": ""vaccination date on card"", ""2"": ""reported by mother"", ""3"": ""vaccination marked on card"", ""8"": ""don't know""}"
dptb_3,dpt 1 booster,byte,DPTB_3,"{""0"": ""no"", ""1"": ""vaccination date on card"", ""2"": ""reported by mother"", ""3"": ""vaccination marked on card"", ""8"": ""don't know""}"
dptb_4,dpt 1 booster,byte,DPTB_4,"{""0"": ""no"", ""1"": ""vaccination date on card"", ""2"": ""reported by mother"", ""3"": ""vaccination marked on card"", ""8"": ""don't know""}"
dptbd_1,dpt 1 booster day,byte,DPTBD_1,"{""97"": ""inconsistent"", ""98"": ""don't know""}"
dptbd_2,dpt 1 booster day,byte,DPTBD_2,"{""97"": ""inconsistent"", ""98"": ""don't know""}"
dptbd_3,dpt 1 booster day,byte,DPTBD_3,"{""97"": ""inconsistent"", ""98"": ""don't know""}"
dptbd_4,dpt 1 booster day,byte,DPTBD_4,"{""97"": ""inconsistent"", ""98"": ""don't know""}"
dptbm_1,dpt 1 booster month,byte,DPTBM_1,"{""97"": ""inconsistent"", ""98"": ""don't know""}"
dptbm_2,dpt 1 booster month,byte,DPTBM_2,"{""97"": ""inconsistent"", ""98"": ""don't know""}"
dptbm_3,dpt 1 booster month,byte,DPTBM_3,"{""97"": ""inconsistent"", ""98"": ""don't know""}"
dptbm_4,dpt 1 booster month,byte,DPTBM_4,"{""97"": ""inconsistent"", ""98"": ""don't know""}"
dptby_1,dpt 1 booster year,int,DPTBY_1,"{""9997"": ""inconsistent"", ""9998"": ""don't know""}"
dptby_2,dpt 1 booster year,int,DPTBY_2,"{""9997"": ""inconsistent"", ""9998"": ""don't know""}"
dptby_3,dpt 1 booster year,int,DPTBY_3,"{""9997"": ""inconsistent"", ""9998"": ""don't know""}"
dptby_4,dpt 1 booster year,byte,DPTBY_4,"{""9997"": ""inconsistent"", ""9998"": ""don't know""}"
flpv1_1,received flpv 1,byte,FLPV1_1,"{""0"": ""no"", ""1"": ""vaccination date on card"", ""2"": ""reported by mother"", ""3"": ""vaccination marked on card"", ""8"": ""don't know""}"
flpv1_2,received flpv 1,byte,FLPV1_2,"{""0"": ""no"", ""1"": ""vaccination date on card"", ""2"": ""reported by mother"", ""3"": ""vaccination marked on card"", ""8"": ""don't know""}"
flpv1_3,received flpv 1,byte,FLPV1_3,"{""0"": ""no"", ""1"": ""vaccination date on card"", ""2"": ""reported by mother"", ""3"": ""vaccination marked on card"", ""8"": ""don't know""}"
flpv1_4,received flpv 1,byte,FLPV1_4,"{""0"": ""no"", ""1"": ""vaccination date on card"", ""2"": ""reported by mother"", ""3"": ""vaccination marked on card"", ""8"": ""don't know""}"
flpv1d_1,flpv 1 day,byte,FLPV1D_1,"{""97"": ""inconsistent"", ""98"": ""don't know""}"
flpv1d_2,flpv 1 day,byte,FLPV1D_2,"{""97"": ""inconsistent"", ""98"": ""don't know""}"
flpv1d_3,flpv 1 day,byte,FLPV1D_3,"{""97"": ""inconsistent"", ""98"": ""don't know""}"
flpv1d_4,flpv 1 day,byte,FLPV1D_4,"{""97"": ""inconsistent"", ""98"": ""don't know""}"
flpv1m_1,flpv 1 month,byte,FLPV1M_1,"{""97"": ""inconsistent"", ""98"": ""don't know""}"
flpv1m_2,flpv 1 month,byte,FLPV1M_2,"{""97"": ""inconsistent"", ""98"": ""don't know""}"
flpv1m_3,flpv 1 month,byte,FLPV1M_3,"{""97"": ""inconsistent"", ""98"": ""don't know""}"
flpv1m_4,flpv 1 month,byte,FLPV1M_4,"{""97"": ""inconsistent"", ""98"": ""don't know""}"
flpv1y_1,flpv 1 year,int,FLPV1Y_1,"{""9997"": ""inconsistent"", ""9998"": ""don't know""}"
flpv1y_2,flpv 1 year,int,FLPV1Y_2,"{""9997"": ""inconsistent"", ""9998"": ""don't know""}"
flpv1y_3,flpv 1 year,int,FLPV1Y_3,"{""9997"": ""inconsistent"", ""9998"": ""don't know""}"
flpv1y_4,flpv 1 year,byte,FLPV1Y_4,"{""9997"": ""inconsistent"", ""9998"": ""don't know""}"
flpv2_1,received flpv 2,byte,FLPV2_1,"{""0"": ""no"", ""1"": ""vaccination date on card"", ""2"": ""reported by mother"", ""3"": ""vaccination marked on card"", ""8"": ""don't know""}"
flpv2_2,received flpv 2,byte,FLPV2_2,"{""0"": ""no"", ""1"": ""vaccination date on card"", ""2"": ""reported by mother"", ""3"": ""vaccination marked on card"", ""8"": ""don't know""}"
flpv2_3,received flpv 2,byte,FLPV2_3,"{""0"": ""no"", ""1"": ""vaccination date on card"", ""2"": ""reported by mother"", ""3"": ""vaccination marked on card"", ""8"": ""don't know""}"
flpv2_4,received flpv 2,byte,FLPV2_4,"{""0"": ""no"", ""1"": ""vaccination date on card"", ""2"": ""reported by mother"", ""3"": ""vaccination marked on card"", ""8"": ""don't know""}"
flpv2d_1,flpv 2 day,byte,FLPV2D_1,"{""97"": ""inconsistent"", ""98"": ""don't know""}"
flpv2d_2,flpv 2 day,byte,FLPV2D_2,"{""97"": ""inconsistent"", ""98"": ""don't know""}"
flpv2d_3,flpv 2 day,byte,FLPV2D_3,"{""97"": ""inconsistent"", ""98"": ""don't know""}"
flpv2d_4,flpv 2 day,byte,FLPV2D_4,"{""97"": ""inconsistent"", ""98"": ""don't know""}"
flpv2m_1,flpv 2 month,byte,FLPV2M_1,"{""97"": ""inconsistent"", ""98"": ""don't know""}"
flpv2m_2,flpv 2 month,byte,FLPV2M_2,"{""97"": ""inconsistent"", ""98"": ""don't know""}"
flpv2m_3,flpv 2 month,byte,FLPV2M_3,"{""97"": ""inconsistent"", ""98"": ""don't know""}"
flpv2m_4,flpv 2 month,byte,FLPV2M_4,"{""97"": ""inconsistent"", ""98"": ""don't know""}"
flpv2y_1,flpv 2 year,int,FLPV2Y_1,"{""9997"": ""inconsistent"", ""9998"": ""don't know""}"
flpv2y_2,flpv 2 year,int,FLPV2Y_2,"{""9997"": ""inconsistent"", ""9998"": ""don't know""}"
flpv2y_3,flpv 2 year,int,FLPV2Y_3,"{""9997"": ""inconsistent"", ""9998"": ""don't know""}"
flpv2y_4,flpv 2 year,byte,FLPV2Y_4,"{""9997"": ""inconsistent"", ""9998"": ""don't know""}"
h0_1,received polio 0,byte,H0_1,"{""0"": ""no"", ""1"": ""vaccination date on card"", ""2"": ""reported by mother"", ""3"": ""vaccination marked on card"", ""8"": ""don't know""}"
h0_2,received polio 0,byte,H0_2,"{""0"": ""no"", ""1"": ""vaccination date on card"", ""2"": ""reported by mother"", ""3"": ""vaccination marked on card"", ""8"": ""don't know""}"
h0_3,received polio 0,byte,H0_3,"{""0"": ""no"", ""1"": ""vaccination date on card"", ""2"": ""reported by mother"", ""3"": ""vaccination marked on card"", ""8"": ""don't know""}"
h0_4,received polio 0,byte,H0_4,"{""0"": ""no"", ""1"": ""vaccination date on card"", ""2"": ""reported by mother"", ""3"": ""vaccination marked on card"", ""8"": ""don't know""}"
h0_5,received polio 0,byte,H0_5,"{""0"": ""no"", ""1"": ""vaccination date on card"", ""2"": ""reported by mother"", ""3"": ""vaccination marked on card"", ""8"": ""don't know""}"
h0_6,received polio 0,byte,H0_6,"{""0"": ""no"", ""1"": ""vaccination date on card"", ""2"": ""reported by mother"", ""3"": ""vaccination marked on card"", ""8"": ""don't know""}"
h0d_1,polio 0 day,byte,H0D_1,"{""97"": ""inconsistent"", ""98"": ""don't know""}"
h0d_2,polio 0 day,byte,H0D_2,"{""97"": ""inconsistent"", ""98"": ""don't know""}"
h0d_3,polio 0 day,byte,H0D_3,"{""97"": ""inconsistent"", ""98"": ""don't know""}"
h0d_4,polio 0 day,byte,H0D_4,"{""97"": ""inconsistent"", ""98"": ""don't know""}"
h0d_5,polio 0 day,byte,H0D_5,"{""97"": ""inconsistent"", ""98"": ""don't know""}"
h0d_6,polio 0 day,byte,H0D_6,"{""97"": ""inconsistent"", ""98"": ""don't know""}"
h0m_1,polio 0 month,byte,H0M_1,"{""97"": ""inconsistent"", ""98"": ""don't know""}"
h0m_2,polio 0 month,byte,H0M_2,"{""97"": ""inconsistent"", ""98"": ""don't know""}"
h0m_3,polio 0 month,byte,H0M_3,"{""97"": ""inconsistent"", ""98"": ""don't know""}"
h0m_4,polio 0 month,byte,H0M_4,"{""97"": ""inconsistent"", ""98"": ""don't know""}"
h0m_5,polio 0 month,byte,H0M_5,"{""97"": ""inconsistent"", ""98"": ""don't know""}"
h0m_6,polio 0 month,byte,H0M_6,"{""97"": ""inconsistent"", ""98"": ""don't know""}"
h0y_1,polio 0 year,int,H0Y_1,"{""9997"": ""inconsistent"", ""9998"": ""don't know""}"
h0y_2,polio 0 year,int,H0Y_2,"{""9997"": ""inconsistent"", ""9998"": ""don't know""}"
h0y_3,polio 0 year,int,H0Y_3,"{""9997"": ""inconsistent"", ""9998"": ""don't know""}"
h0y_4,polio 0 year,int,H0Y_4,"{""9997"": ""inconsistent"", ""9998"": ""don't know""}"
h0y_5,polio 0 year,byte,H0Y_5,"{""9997"": ""inconsistent"", ""9998"": ""don't know""}"
h0y_6,polio 0 year,byte,H0Y_6,"{""9997"": ""inconsistent"", ""9998"": ""don't know""}"
h1_1,has health card,byte,H1_1,"{""0"": ""no card"", ""1"": ""yes, seen"", ""2"": ""yes, not seen"", ""3"": ""no longer has card""}"
h1_2,has health card,byte,H1_2,"{""0"": ""no card"", ""1"": ""yes, seen"", ""2"": ""yes, not seen"", ""3"": ""no longer has card""}"
h1_3,has health card,byte,H1_3,"{""0"": ""no card"", ""1"": ""yes, seen"", ""2"": ""yes, not seen"", ""3"": ""no longer has card""}"
h1_4,has health card,byte,H1_4,"{""0"": ""no card"", ""1"": ""yes, seen"", ""2"": ""yes, not seen"", ""3"": ""no longer has card""}"
h1_5,has health card,byte,H1_5,"{""0"": ""no card"", ""1"": ""yes, seen"", ""2"": ""yes, not seen"", ""3"": ""no longer has card""}"
h1_6,has health card,byte,H1_6,"{""0"": ""no card"", ""1"": ""yes, seen"", ""2"": ""yes, not seen"", ""3"": ""no longer has card""}"
h1a_1,has health card and or other vaccination document,byte,H1A_1,"{""0"": ""does not have either card or other document"", ""1"": ""has only health card and was seen"", ""2"": ""has only health card and wasn't seen"", ""3"": ""has only other document and was seen"", ""4"": ""has only other document and wasn't seen"", ""5"": ""has card/other document but only card was seen"", ""6"": ""has card/other document but only other document was seen"", ""7"": ""has card/other document and both were seen"", ""8"": ""has card/other document and none were seen""}"
h1a_2,has health card and or other vaccination document,byte,H1A_2,"{""0"": ""does not have either card or other document"", ""1"": ""has only health card and was seen"", ""2"": ""has only health card and wasn't seen"", ""3"": ""has only other document and was seen"", ""4"": ""has only other document and wasn't seen"", ""5"": ""has card/other document but only card was seen"", ""6"": ""has card/other document but only other document was seen"", ""7"": ""has card/other document and both were seen"", ""8"": ""has card/other document and none were seen""}"
h1a_3,has health card and or other vaccination document,byte,H1A_3,"{""0"": ""does not have either card or other document"", ""1"": ""has only health card and was seen"", ""2"": ""has only health card and wasn't seen"", ""3"": ""has only other document and was seen"", ""4"": ""has only other document and wasn't seen"", ""5"": ""has card/other document but only card was seen"", ""6"": ""has card/other document but only other document was seen"", ""7"": ""has card/other document and both were seen"", ""8"": ""has card/other document and none were seen""}"
h1a_4,has health card and or other vaccination document,byte,H1A_4,"{""0"": ""does not have either card or other document"", ""1"": ""has only health card and was seen"", ""2"": ""has only health card and wasn't seen"", ""3"": ""has only other document and was seen"", ""4"": ""has only other document and wasn't seen"", ""5"": ""has card/other document but only card was seen"", ""6"": ""has card/other document but only other document was seen"", ""7"": ""has card/other document and both were seen"", ""8"": ""has card/other document and none were seen""}"
h1a_5,has health card and or other vaccination document,byte,H1A_5,"{""0"": ""does not have either card or other document"", ""1"": ""has only health card and was seen"", ""2"": ""has only health card and wasn't seen"", ""3"": ""has only other document and was seen"", ""4"": ""has only other document and wasn't seen"", ""5"": ""has card/other document but only card was seen"", ""6"": ""has card/other document but only other document was seen"", ""7"": ""has card/other document and both were seen"", ""8"": ""has card/other document and none were seen""}"
h1a_6,has health card and or other vaccination document,byte,H1A_6,"{""0"": ""does not have either card or other document"", ""1"": ""has only health card and was seen"", ""2"": ""has only health card and wasn't seen"", ""3"": ""has only other document and was seen"", ""4"": ""has only other document and wasn't seen"", ""5"": ""has card/other document but only card was seen"", ""6"": ""has card/other document but only other document was seen"", ""7"": ""has card/other document and both were seen"", ""8"": ""has card/other document and none were seen""}"
h2_1,received bcg,byte,H2_1,"{""0"": ""no"", ""1"": ""vaccination date on card"", ""2"": ""reported by mother"", ""3"": ""vaccination marked on card"", ""8"": ""don't know""}"
h2_2,received bcg,byte,H2_2,"{""0"": ""no"", ""1"": ""vaccination date on card"", ""2"": ""reported by mother"", ""3"": ""vaccination marked on card"", ""8"": ""don't know""}"
h2_3,received bcg,byte,H2_3,"{""0"": ""no"", ""1"": ""vaccination date on card"", ""2"": ""reported by mother"", ""3"": ""vaccination marked on card"", ""8"": ""don't know""}"
h2_4,received bcg,byte,H2_4,"{""0"": ""no"", ""1"": ""vaccination date on card"", ""2"": ""reported by mother"", ""3"": ""vaccination marked on card"", ""8"": ""don't know""}"
h2_5,received bcg,byte,H2_5,"{""0"": ""no"", ""1"": ""vaccination date on card"", ""2"": ""reported by mother"", ""3"": ""vaccination marked on card"", ""8"": ""don't know""}"
h2_6,received bcg,byte,H2_6,"{""0"": ""no"", ""1"": ""vaccination date on card"", ""2"": ""reported by mother"", ""3"": ""vaccination marked on card"", ""8"": ""don't know""}"
h2d_1,bcg day,byte,H2D_1,"{""97"": ""inconsistent"", ""98"": ""don't know""}"
h2d_2,bcg day,byte,H2D_2,"{""97"": ""inconsistent"", ""98"": ""don't know""}"
h2d_3,bcg day,byte,H2D_3,"{""97"": ""inconsistent"", ""98"": ""don't know""}"
h2d_4,bcg day,byte,H2D_4,"{""97"": ""inconsistent"", ""98"": ""don't know""}"
h2d_5,bcg day,byte,H2D_5,"{""97"": ""inconsistent"", ""98"": ""don't know""}"
h2d_6,bcg day,byte,H2D_6,"{""97"": ""inconsistent"", ""98"": ""don't know""}"
h2m_1,bcg month,byte,H2M_1,"{""97"": ""inconsistent"", ""98"": ""don't know""}"
h2m_2,bcg month,byte,H2M_2,"{""97"": ""inconsistent"", ""98"": ""don't know""}"
h2m_3,bcg month,byte,H2M_3,"{""97"": ""inconsistent"", ""98"": ""don't know""}"
h2m_4,bcg month,byte,H2M_4,"{""97"": ""inconsistent"", ""98"": ""don't know""}"
h2m_5,bcg month,byte,H2M_5,"{""97"": ""inconsistent"", ""98"": ""don't know""}"
h2m_6,bcg month,byte,H2M_6,"{""97"": ""inconsistent"", ""98"": ""don't know""}"
h2y_1,bcg year,int,H2Y_1,"{""9997"": ""inconsistent"", ""9998"": ""don't know""}"
h2y_2,bcg year,int,H2Y_2,"{""9997"": ""inconsistent"", ""9998"": ""don't know""}"
h2y_3,bcg year,int,H2Y_3,"{""9997"": ""inconsistent"", ""9998"": ""don't know""}"
h2y_4,bcg year,int,H2Y_4,"{""9997"": ""inconsistent"", ""9998"": ""don't know""}"
h2y_5,bcg year,byte,H2Y_5,"{""9997"": ""inconsistent"", ""9998"": ""don't know""}"
h2y_6,bcg year,byte,H2Y_6,"{""9997"": ""inconsistent"", ""9998"": ""don't know""}"
h3_1,received dpt 1,byte,H3_1,"{""0"": ""no"", ""1"": ""vaccination date on card"", ""2"": ""reported by mother"", ""3"": ""vaccination marked on card"", ""8"": ""don't know""}"
h3_2,received dpt 1,byte,H3_2,"{""0"": ""no"", ""1"": ""vaccination date on card"", ""2"": ""reported by mother"", ""3"": ""vaccination marked on card"", ""8"": ""don't know""}"
h3_3,received dpt 1,byte,H3_3,"{""0"": ""no"", ""1"": ""vaccination date on card"", ""2"": ""reported by mother"", ""3"": ""vaccination marked on card"", ""8"": ""don't know""}"
h3_4,received dpt 1,byte,H3_4,"{""0"": ""no"", ""1"": ""vaccination date on card"", ""2"": ""reported by mother"", ""3"": ""vaccination marked on card"", ""8"": ""don't know""}"
h3_5,received dpt 1,byte,H3_5,"{""0"": ""no"", ""1"": ""vaccination date on card"", ""2"": ""reported by mother"", ""3"": ""vaccination marked on card"", ""8"": ""don't know""}"
h3_6,received dpt 1,byte,H3_6,"{""0"": ""no"", ""1"": ""vaccination date on card"", ""2"": ""reported by mother"", ""3"": ""vaccination marked on card"", ""8"": ""don't know""}"
h3d_1,dpt 1 day,byte,H3D_1,"{""97"": ""inconsistent"", ""98"": ""don't know""}"
h3d_2,dpt 1 day,byte,H3D_2,"{""97"": ""inconsistent"", ""98"": ""don't know""}"
h3d_3,dpt 1 day,byte,H3D_3,"{""97"": ""inconsistent"", ""98"": ""don't know""}"
h3d_4,dpt 1 day,byte,H3D_4,"{""97"": ""inconsistent"", ""98"": ""don't know""}"
h3d_5,dpt 1 day,byte,H3D_5,"{""97"": ""inconsistent"", ""98"": ""don't know""}"
h3d_6,dpt 1 day,byte,H3D_6,"{""97"": ""inconsistent"", ""98"": ""don't know""}"
h3m_1,dpt 1 month,byte,H3M_1,"{""97"": ""inconsistent"", ""98"": ""don't know""}"
h3m_2,dpt 1 month,byte,H3M_2,"{""97"": ""inconsistent"", ""98"": ""don't know""}"
h3m_3,dpt 1 month,byte,H3M_3,"{""97"": ""inconsistent"", ""98"": ""don't know""}"
h3m_4,dpt 1 month,byte,H3M_4,"{""97"": ""inconsistent"", ""98"": ""don't know""}"
h3m_5,dpt 1 month,byte,H3M_5,"{""97"": ""inconsistent"", ""98"": ""don't know""}"
h3m_6,dpt 1 month,byte,H3M_6,"{""97"": ""inconsistent"", ""98"": ""don't know""}"
h3y_1,dpt 1 year,int,H3Y_1,"{""9997"": ""inconsistent"", ""9998"": ""don't know""}"
h3y_2,dpt 1 year,int,H3Y_2,"{""9997"": ""inconsistent"", ""9998"": ""don't know""}"
h3y_3,dpt 1 year,int,H3Y_3,"{""9997"": ""inconsistent"", ""9998"": ""don't know""}"
h3y_4,dpt 1 year,int,H3Y_4,"{""9997"": ""inconsistent"", ""9998"": ""don't know""}"
h3y_5,dpt 1 year,byte,H3Y_5,"{""9997"": ""inconsistent"", ""9998"": ""don't know""}"
h3y_6,dpt 1 year,byte,H3Y_6,"{""9997"": ""inconsistent"", ""9998"": ""don't know""}"
h4_1,received polio 1,byte,H4_1,"{""0"": ""no"", ""1"": ""vaccination date on card"", ""2"": ""reported by mother"", ""3"": ""vaccination marked on card"", ""8"": ""don't know""}"
h4_2,received polio 1,byte,H4_2,"{""0"": ""no"", ""1"": ""vaccination date on card"", ""2"": ""reported by mother"", ""3"": ""vaccination marked on card"", ""8"": ""don't know""}"
h4_3,received polio 1,byte,H4_3,"{""0"": ""no"", ""1"": ""vaccination date on card"", ""2"": ""reported by mother"", ""3"": ""vaccination marked on card"", ""8"": ""don't know""}"
h4_4,received polio 1,byte,H4_4,"{""0"": ""no"", ""1"": ""vaccination date on card"", ""2"": ""reported by mother"", ""3"": ""vaccination marked on card"", ""8"": ""don't know""}"
h4_5,received polio 1,byte,H4_5,"{""0"": ""no"", ""1"": ""vaccination date on card"", ""2"": ""reported by mother"", ""3"": ""vaccination marked on card"", ""8"": ""don't know""}"
h4_6,received polio 1,byte,H4_6,"{""0"": ""no"", ""1"": ""vaccination date on card"", ""2"": ""reported by mother"", ""3"": ""vaccination marked on card"", ""8"": ""don't know""}"
h4d_1,polio 1 day,byte,H4D_1,"{""97"": ""inconsistent"", ""98"": ""don't know""}"
h4d_2,polio 1 day,byte,H4D_2,"{""97"": ""inconsistent"", ""98"": ""don't know""}"
h4d_3,polio 1 day,byte,H4D_3,"{""97"": ""inconsistent"", ""98"": ""don't know""}"
h4d_4,polio 1 day,byte,H4D_4,"{""97"": ""inconsistent"", ""98"": ""don't know""}"
h4d_5,polio 1 day,byte,H4D_5,"{""97"": ""inconsistent"", ""98"": ""don't know""}"
h4d_6,polio 1 day,byte,H4D_6,"{""97"": ""inconsistent"", ""98"": ""don't know""}"
h4m_1,polio 1 month,byte,H4M_1,"{""97"": ""inconsistent"", ""98"": ""don't know""}"
h4m_2,polio 1 month,byte,H4M_2,"{""97"": ""inconsistent"", ""98"": ""don't know""}"
h4m_3,polio 1 month,byte,H4M_3,"{""97"": ""inconsistent"", ""98"": ""don't know""}"
h4m_4,polio 1 month,byte,H4M_4,"{""97"": ""inconsistent"", ""98"": ""don't know""}"
h4m_5,polio 1 month,byte,H4M_5,"{""97"": ""inconsistent"", ""98"": ""don't know""}"
h4m_6,polio 1 month,byte,H4M_6,"{""97"": ""inconsistent"", ""98"": ""don't know""}"
h4y_1,polio 1 year,int,H4Y_1,"{""9997"": ""inconsistent"", ""9998"": ""don't know""}"
h4y_2,polio 1 year,int,H4Y_2,"{""9997"": ""inconsistent"", ""9998"": ""don't know""}"
h4y_3,polio 1 year,int,H4Y_3,"{""9997"": ""inconsistent"", ""9998"": ""don't know""}"
h4y_4,polio 1 year,int,H4Y_4,"{""9997"": ""inconsistent"", ""9998"": ""don't know""}"
h4y_5,polio 1 year,byte,H4Y_5,"{""9997"": ""inconsistent"", ""9998"": ""don't know""}"
h4y_6,polio 1 year,byte,H4Y_6,"{""9997"": ""inconsistent"", ""9998"": ""don't know""}"
h5_1,received dpt 2,byte,H5_1,"{""0"": ""no"", ""1"": ""vaccination date on card"", ""2"": ""reported by mother"", ""3"": ""vaccination marked on card"", ""8"": ""don't know""}"
h5_2,received dpt 2,byte,H5_2,"{""0"": ""no"", ""1"": ""vaccination date on card"", ""2"": ""reported by mother"", ""3"": ""vaccination marked on card"", ""8"": ""don't know""}"
h5_3,received dpt 2,byte,H5_3,"{""0"": ""no"", ""1"": ""vaccination date on card"", ""2"": ""reported by mother"", ""3"": ""vaccination marked on card"", ""8"": ""don't know""}"
h5_4,received dpt 2,byte,H5_4,"{""0"": ""no"", ""1"": ""vaccination date on card"", ""2"": ""reported by mother"", ""3"": ""vaccination marked on card"", ""8"": ""don't know""}"
h5_5,received dpt 2,byte,H5_5,"{""0"": ""no"", ""1"": ""vaccination date on card"", ""2"": ""reported by mother"", ""3"": ""vaccination marked on card"", ""8"": ""don't know""}"
h5_6,received dpt 2,byte,H5_6,"{""0"": ""no"", ""1"": ""vaccination date on card"", ""2"": ""reported by mother"", ""3"": ""vaccination marked on card"", ""8"": ""don't know""}"
h5d_1,dpt 2 day,byte,H5D_1,"{""97"": ""inconsistent"", ""98"": ""don't know""}"
h5d_2,dpt 2 day,byte,H5D_2,"{""97"": ""inconsistent"", ""98"": ""don't know""}"
h5d_3,dpt 2 day,byte,H5D_3,"{""97"": ""inconsistent"", ""98"": ""don't know""}"
h5d_4,dpt 2 day,byte,H5D_4,"{""97"": ""inconsistent"", ""98"": ""don't know""}"
h5d_5,dpt 2 day,byte,H5D_5,"{""97"": ""inconsistent"", ""98"": ""don't know""}"
h5d_6,dpt 2 day,byte,H5D_6,"{""97"": ""inconsistent"", ""98"": ""don't know""}"
h5m_1,dpt 2 month,byte,H5M_1,"{""97"": ""inconsistent"", ""98"": ""don't know""}"
h5m_2,dpt 2 month,byte,H5M_2,"{""97"": ""inconsistent"", ""98"": ""don't know""}"
h5m_3,dpt 2 month,byte,H5M_3,"{""97"": ""inconsistent"", ""98"": ""don't know""}"
h5m_4,dpt 2 month,byte,H5M_4,"{""97"": ""inconsistent"", ""98"": ""don't know""}"
h5m_5,dpt 2 month,byte,H5M_5,"{""97"": ""inconsistent"", ""98"": ""don't know""}"
h5m_6,dpt 2 month,byte,H5M_6,"{""97"": ""inconsistent"", ""98"": ""don't know""}"
h5y_1,dpt 2 year,int,H5Y_1,"{""9997"": ""inconsistent"", ""9998"": ""don't know""}"
h5y_2,dpt 2 year,int,H5Y_2,"{""9997"": ""inconsistent"", ""9998"": ""don't know""}"
h5y_3,dpt 2 year,int,H5Y_3,"{""9997"": ""inconsistent"", ""9998"": ""don't know""}"
h5y_4,dpt 2 year,int,H5Y_4,"{""9997"": ""inconsistent"", ""9998"": ""don't know""}"
h5y_5,dpt 2 year,byte,H5Y_5,"{""9997"": ""inconsistent"", ""9998"": ""don't know""}"
h5y_6,dpt 2 year,byte,H5Y_6,"{""9997"": ""inconsistent"", ""9998"": ""don't know""}"
h6_1,received polio 2,byte,H6_1,"{""0"": ""no"", ""1"": ""vaccination date on card"", ""2"": ""reported by mother"", ""3"": ""vaccination marked on card"", ""8"": ""don't know""}"
h6_2,received polio 2,byte,H6_2,"{""0"": ""no"", ""1"": ""vaccination date on card"", ""2"": ""reported by mother"", ""3"": ""vaccination marked on card"", ""8"": ""don't know""}"
h6_3,received polio 2,byte,H6_3,"{""0"": ""no"", ""1"": ""vaccination date on card"", ""2"": ""reported by mother"", ""3"": ""vaccination marked on card"", ""8"": ""don't know""}"
h6_4,received polio 2,byte,H6_4,"{""0"": ""no"", ""1"": ""vaccination date on card"", ""2"": ""reported by mother"", ""3"": ""vaccination marked on card"", ""8"": ""don't know""}"
h6_5,received polio 2,byte,H6_5,"{""0"": ""no"", ""1"": ""vaccination date on card"", ""2"": ""reported by mother"", ""3"": ""vaccination marked on card"", ""8"": ""don't know""}"
h6_6,received polio 2,byte,H6_6,"{""0"": ""no"", ""1"": ""vaccination date on card"", ""2"": ""reported by mother"", ""3"": ""vaccination marked on card"", ""8"": ""don't know""}"
h6d_1,polio 2 day,byte,H6D_1,"{""97"": ""inconsistent"", ""98"": ""don't know""}"
h6d_2,polio 2 day,byte,H6D_2,"{""97"": ""inconsistent"", ""98"": ""don't know""}"
h6d_3,polio 2 day,byte,H6D_3,"{""97"": ""inconsistent"", ""98"": ""don't know""}"
h6d_4,polio 2 day,byte,H6D_4,"{""97"": ""inconsistent"", ""98"": ""don't know""}"
h6d_5,polio 2 day,byte,H6D_5,"{""97"": ""inconsistent"", ""98"": ""don't know""}"
h6d_6,polio 2 day,byte,H6D_6,"{""97"": ""inconsistent"", ""98"": ""don't know""}"
h6m_1,polio 2 month,byte,H6M_1,"{""97"": ""inconsistent"", ""98"": ""don't know""}"
h6m_2,polio 2 month,byte,H6M_2,"{""97"": ""inconsistent"", ""98"": ""don't know""}"
h6m_3,polio 2 month,byte,H6M_3,"{""97"": ""inconsistent"", ""98"": ""don't know""}"
h6m_4,polio 2 month,byte,H6M_4,"{""97"": ""inconsistent"", ""98"": ""don't know""}"
h6m_5,polio 2 month,byte,H6M_5,"{""97"": ""inconsistent"", ""98"": ""don't know""}"
h6m_6,polio 2 month,byte,H6M_6,"{""97"": ""inconsistent"", ""98"": ""don't know""}"
h6y_1,polio 2 year,int,H6Y_1,"{""9997"": ""inconsistent"", ""9998"": ""don't know""}"
h6y_2,polio 2 year,int,H6Y_2,"{""9997"": ""inconsistent"", ""9998"": ""don't know""}"
h6y_3,polio 2 year,int,H6Y_3,"{""9997"": ""inconsistent"", ""9998"": ""don't know""}"
h6y_4,polio 2 year,int,H6Y_4,"{""9997"": ""inconsistent"", ""9998"": ""don't know""}"
h6y_5,polio 2 year,byte,H6Y_5,"{""9997"": ""inconsistent"", ""9998"": ""don't know""}"
h6y_6,polio 2 year,byte,H6Y_6,"{""9997"": ""inconsistent"", ""9998"": ""don't know""}"
h7_1,received dpt 3,byte,H7_1,"{""0"": ""no"", ""1"": ""vaccination date on card"", ""2"": ""reported by mother"", ""3"": ""vaccination marked on card"", ""8"": ""don't know""}"
h7_2,received dpt 3,byte,H7_2,"{""0"": ""no"", ""1"": ""vaccination date on card"", ""2"": ""reported by mother"", ""3"": ""vaccination marked on card"", ""8"": ""don't know""}"
h7_3,received dpt 3,byte,H7_3,"{""0"": ""no"", ""1"": ""vaccination date on card"", ""2"": ""reported by mother"", ""3"": ""vaccination marked on card"", ""8"": ""don't know""}"
h7_4,received dpt 3,byte,H7_4,"{""0"": ""no"", ""1"": ""vaccination date on card"", ""2"": ""reported by mother"", ""3"": ""vaccination marked on card"", ""8"": ""don't know""}"
h7_5,received dpt 3,byte,H7_5,"{""0"": ""no"", ""1"": ""vaccination date on card"", ""2"": ""reported by mother"", ""3"": ""vaccination marked on card"", ""8"": ""don't know""}"
h7_6,received dpt 3,byte,H7_6,"{""0"": ""no"", ""1"": ""vaccination date on card"", ""2"": ""reported by mother"", ""3"": ""vaccination marked on card"", ""8"": ""don't know""}"
h7d_1,dpt 3 day,byte,H7D_1,"{""97"": ""inconsistent"", ""98"": ""don't know""}"
h7d_2,dpt 3 day,byte,H7D_2,"{""97"": ""inconsistent"", ""98"": ""don't know""}"
h7d_3,dpt 3 day,byte,H7D_3,"{""97"": ""inconsistent"", ""98"": ""don't know""}"
h7d_4,dpt 3 day,byte,H7D_4,"{""97"": ""inconsistent"", ""98"": ""don't know""}"
h7d_5,dpt 3 day,byte,H7D_5,"{""97"": ""inconsistent"", ""98"": ""don't know""}"
h7d_6,dpt 3 day,byte,H7D_6,"{""97"": ""inconsistent"", ""98"": ""don't know""}"
h7m_1,dpt 3 month,byte,H7M_1,"{""97"": ""inconsistent"", ""98"": ""don't know""}"
h7m_2,dpt 3 month,byte,H7M_2,"{""97"": ""inconsistent"", ""98"": ""don't know""}"
h7m_3,dpt 3 month,byte,H7M_3,"{""97"": ""inconsistent"", ""98"": ""don't know""}"
h7m_4,dpt 3 month,byte,H7M_4,"{""97"": ""inconsistent"", ""98"": ""don't know""}"
h7m_5,dpt 3 month,byte,H7M_5,"{""97"": ""inconsistent"", ""98"": ""don't know""}"
h7m_6,dpt 3 month,byte,H7M_6,"{""97"": ""inconsistent"", ""98"": ""don't know""}"
h7y_1,dpt 3 year,int,H7Y_1,"{""9997"": ""inconsistent"", ""9998"": ""don't know""}"
h7y_2,dpt 3 year,int,H7Y_2,"{""9997"": ""inconsistent"", ""9998"": ""don't know""}"
h7y_3,dpt 3 year,int,H7Y_3,"{""9997"": ""inconsistent"", ""9998"": ""don't know""}"
h7y_4,dpt 3 year,int,H7Y_4,"{""9997"": ""inconsistent"", ""9998"": ""don't know""}"
h7y_5,dpt 3 year,byte,H7Y_5,"{""9997"": ""inconsistent"", ""9998"": ""don't know""}"
h7y_6,dpt 3 year,byte,H7Y_6,"{""9997"": ""inconsistent"", ""9998"": ""don't know""}"
h8_1,received polio 3,byte,H8_1,"{""0"": ""no"", ""1"": ""vaccination date on card"", ""2"": ""reported by mother"", ""3"": ""vaccination marked on card"", ""8"": ""don't know""}"
h8_2,received polio 3,byte,H8_2,"{""0"": ""no"", ""1"": ""vaccination date on card"", ""2"": ""reported by mother"", ""3"": ""vaccination marked on card"", ""8"": ""don't know""}"
h8_3,received polio 3,byte,H8_3,"{""0"": ""no"", ""1"": ""vaccination date on card"", ""2"": ""reported by mother"", ""3"": ""vaccination marked on card"", ""8"": ""don't know""}"
h8_4,received polio 3,byte,H8_4,"{""0"": ""no"", ""1"": ""vaccination date on card"", ""2"": ""reported by mother"", ""3"": ""vaccination marked on card"", ""8"": ""don't know""}"
h8_5,received polio 3,byte,H8_5,"{""0"": ""no"", ""1"": ""vaccination date on card"", ""2"": ""reported by mother"", ""3"": ""vaccination marked on card"", ""8"": ""don't know""}"
h8_6,received polio 3,byte,H8_6,"{""0"": ""no"", ""1"": ""vaccination date on card"", ""2"": ""reported by mother"", ""3"": ""vaccination marked on card"", ""8"": ""don't know""}"
h8d_1,polio 3 day,byte,H8D_1,"{""97"": ""inconsistent"", ""98"": ""don't know""}"
h8d_2,polio 3 day,byte,H8D_2,"{""97"": ""inconsistent"", ""98"": ""don't know""}"
h8d_3,polio 3 day,byte,H8D_3,"{""97"": ""inconsistent"", ""98"": ""don't know""}"
h8d_4,polio 3 day,byte,H8D_4,"{""97"": ""inconsistent"", ""98"": ""don't know""}"
h8d_5,polio 3 day,byte,H8D_5,"{""97"": ""inconsistent"", ""98"": ""don't know""}"
h8d_6,polio 3 day,byte,H8D_6,"{""97"": ""inconsistent"", ""98"": ""don't know""}"
h8m_1,polio 3 month,byte,H8M_1,"{""97"": ""inconsistent"", ""98"": ""don't know""}"
h8m_2,polio 3 month,byte,H8M_2,"{""97"": ""inconsistent"", ""98"": ""don't know""}"
h8m_3,polio 3 month,byte,H8M_3,"{""97"": ""inconsistent"", ""98"": ""don't know""}"
h8m_4,polio 3 month,byte,H8M_4,"{""97"": ""inconsistent"", ""98"": ""don't know""}"
h8m_5,polio 3 month,byte,H8M_5,"{""97"": ""inconsistent"", ""98"": ""don't know""}"
h8m_6,polio 3 month,byte,H8M_6,"{""97"": ""inconsistent"", ""98"": ""don't know""}"
h8y_1,polio 3 year,int,H8Y_1,"{""9997"": ""inconsistent"", ""9998"": ""don't know""}"
h8y_2,polio 3 year,int,H8Y_2,"{""9997"": ""inconsistent"", ""9998"": ""don't know""}"
h8y_3,polio 3 year,int,H8Y_3,"{""9997"": ""inconsistent"", ""9998"": ""don't know""}"
h8y_4,polio 3 year,int,H8Y_4,"{""9997"": ""inconsistent"", ""9998"": ""don't know""}"
h8y_5,polio 3 year,byte,H8Y_5,"{""9997"": ""inconsistent"", ""9998"": ""don't know""}"
h8y_6,polio 3 year,byte,H8Y_6,"{""9997"": ""inconsistent"", ""9998"": ""don't know""}"
h9_1,received measles 1,byte,H9_1,"{""0"": ""no"", ""1"": ""vaccination date on card"", ""2"": ""reported by mother"", ""3"": ""vaccination marked on card"", ""4"": ""vaccination identified"", ""8"": ""don't know""}"
h9_2,received measles 1,byte,H9_2,"{""0"": ""no"", ""1"": ""vaccination date on card"", ""2"": ""reported by mother"", ""3"": ""vaccination marked on card"", ""4"": ""vaccination identified"", ""8"": ""don't know""}"
h9_3,received measles 1,byte,H9_3,"{""0"": ""no"", ""1"": ""vaccination date on card"", ""2"": ""reported by mother"", ""3"": ""vaccination marked on card"", ""4"": ""vaccination identified"", ""8"": ""don't know""}"
h9_4,received measles 1,byte,H9_4,"{""0"": ""no"", ""1"": ""vaccination date on card"", ""2"": ""reported by mother"", ""3"": ""vaccination marked on card"", ""4"": ""vaccination identified"", ""8"": ""don't know""}"
h9_5,received measles 1,byte,H9_5,"{""0"": ""no"", ""1"": ""vaccination date on card"", ""2"": ""reported by mother"", ""3"": ""vaccination marked on card"", ""4"": ""vaccination identified"", ""8"": ""don't know""}"
h9_6,received measles 1,byte,H9_6,"{""0"": ""no"", ""1"": ""vaccination date on card"", ""2"": ""reported by mother"", ""3"": ""vaccination marked on card"", ""4"": ""vaccination identified"", ""8"": ""don't know""}"
h9a_1,received measles 2,byte,H9A_1,"{""0"": ""no"", ""1"": ""vaccination date on card"", ""2"": ""reported by mother"", ""3"": ""vaccination marked on card"", ""8"": ""don't know""}"
h9a_2,received measles 2,byte,H9A_2,"{""0"": ""no"", ""1"": ""vaccination date on card"", ""2"": ""reported by mother"", ""3"": ""vaccination marked on card"", ""8"": ""don't know""}"
h9a_3,received measles 2,byte,H9A_3,"{""0"": ""no"", ""1"": ""vaccination date on card"", ""2"": ""reported by mother"", ""3"": ""vaccination marked on card"", ""8"": ""don't know""}"
h9a_4,received measles 2,byte,H9A_4,"{""0"": ""no"", ""1"": ""vaccination date on card"", ""2"": ""reported by mother"", ""3"": ""vaccination marked on card"", ""8"": ""don't know""}"
h9a_5,received measles 2,byte,H9A_5,"{""0"": ""no"", ""1"": ""vaccination date on card"", ""2"": ""reported by mother"", ""3"": ""vaccination marked on card"", ""8"": ""don't know""}"
h9a_6,received measles 2,byte,H9A_6,"{""0"": ""no"", ""1"": ""vaccination date on card"", ""2"": ""reported by mother"", ""3"": ""vaccination marked on card"", ""8"": ""don't know""}"
h9ad_1,measles 2 day,byte,H9AD_1,"{""97"": ""inconsistent"", ""98"": ""don't know""}"
h9ad_2,measles 2 day,byte,H9AD_2,"{""97"": ""inconsistent"", ""98"": ""don't know""}"
h9ad_3,measles 2 day,byte,H9AD_3,"{""97"": ""inconsistent"", ""98"": ""don't know""}"
h9ad_4,measles 2 day,byte,H9AD_4,"{""97"": ""inconsistent"", ""98"": ""don't know""}"
h9ad_5,measles 2 day,byte,H9AD_5,"{""97"": ""inconsistent"", ""98"": ""don't know""}"
h9ad_6,measles 2 day,byte,H9AD_6,"{""97"": ""inconsistent"", ""98"": ""don't know""}"
h9am_1,measles 2 month,byte,H9AM_1,"{""97"": ""inconsistent"", ""98"": ""don't know""}"
h9am_2,measles 2 month,byte,H9AM_2,"{""97"": ""inconsistent"", ""98"": ""don't know""}"
h9am_3,measles 2 month,byte,H9AM_3,"{""97"": ""inconsistent"", ""98"": ""don't know""}"
h9am_4,measles 2 month,byte,H9AM_4,"{""97"": ""inconsistent"", ""98"": ""don't know""}"
h9am_5,measles 2 month,byte,H9AM_5,"{""97"": ""inconsistent"", ""98"": ""don't know""}"
h9am_6,measles 2 month,byte,H9AM_6,"{""97"": ""inconsistent"", ""98"": ""don't know""}"
h9ay_1,measles 2 year,int,H9AY_1,"{""9997"": ""inconsistent"", ""9998"": ""don't know""}"
h9ay_2,measles 2 year,int,H9AY_2,"{""9997"": ""inconsistent"", ""9998"": ""don't know""}"
h9ay_3,measles 2 year,int,H9AY_3,"{""9997"": ""inconsistent"", ""9998"": ""don't know""}"
h9ay_4,measles 2 year,byte,H9AY_4,"{""9997"": ""inconsistent"", ""9998"": ""don't know""}"
h9ay_5,measles 2 year,byte,H9AY_5,"{""9997"": ""inconsistent"", ""9998"": ""don't know""}"
h9ay_6,measles 2 year,byte,H9AY_6,"{""9997"": ""inconsistent"", ""9998"": ""don't know""}"
h9d_1,measles 1 day,byte,H9D_1,"{""97"": ""inconsistent"", ""98"": ""don't know""}"
h9d_2,measles 1 day,byte,H9D_2,"{""97"": ""inconsistent"", ""98"": ""don't know""}"
h9d_3,measles 1 day,byte,H9D_3,"{""97"": ""inconsistent"", ""98"": ""don't know""}"
h9d_4,measles 1 day,byte,H9D_4,"{""97"": ""inconsistent"", ""98"": ""don't know""}"
h9d_5,measles 1 day,byte,H9D_5,"{""97"": ""inconsistent"", ""98"": ""don't know""}"
h9d_6,measles 1 day,byte,H9D_6,"{""97"": ""inconsistent"", ""98"": ""don't know""}"
h9m_1,measles 1 month,byte,H9M_1,"{""97"": ""inconsistent"", ""98"": ""don't know""}"
h9m_2,measles 1 month,byte,H9M_2,"{""97"": ""inconsistent"", ""98"": ""don't know""}"
h9m_3,measles 1 month,byte,H9M_3,"{""97"": ""inconsistent"", ""98"": ""don't know""}"
h9m_4,measles 1 month,byte,H9M_4,"{""97"": ""inconsistent"", ""98"": ""don't know""}"
h9m_5,measles 1 month,byte,H9M_5,"{""97"": ""inconsistent"", ""98"": ""don't know""}"
h9m_6,measles 1 month,byte,H9M_6,"{""97"": ""inconsistent"", ""98"": ""don't know""}"
h9y_1,measles 1 year,int,H9Y_1,"{""9997"": ""inconsistent"", ""9998"": ""don't know""}"
h9y_2,measles 1 year,int,H9Y_2,"{""9997"": ""inconsistent"", ""9998"": ""don't know""}"
h9y_3,measles 1 year,int,H9Y_3,"{""9997"": ""inconsistent"", ""9998"": ""don't know""}"
h9y_4,measles 1 year,int,H9Y_4,"{""9997"": ""inconsistent"", ""9998"": ""don't know""}"
h9y_5,measles 1 year,byte,H9Y_5,"{""9997"": ""inconsistent"", ""9998"": ""don't know""}"
h9y_6,measles 1 year,byte,H9Y_6,"{""9997"": ""inconsistent"", ""9998"": ""don't know""}"
h10_1,ever had vaccination,byte,H10_1,"{""0"": ""no"", ""1"": ""yes"", ""8"": ""don't know""}"
h10_2,ever had vaccination,byte,H10_2,"{""0"": ""no"", ""1"": ""yes"", ""8"": ""don't know""}"
h10_3,ever had vaccination,byte,H10_3,"{""0"": ""no"", ""1"": ""yes"", ""8"": ""don't know""}"
h10_4,ever had vaccination,byte,H10_4,"{""0"": ""no"", ""1"": ""yes"", ""8"": ""don't know""}"
h10_5,ever had vaccination,byte,H10_5,"{""0"": ""no"", ""1"": ""yes"", ""8"": ""don't know""}"
h10_6,ever had vaccination,byte,H10_6,"{""0"": ""no"", ""1"": ""yes"", ""8"": ""don't know""}"
h11_1,had diarrhea recently,byte,H11_1,"{""0"": ""no"", ""1"": ""yes, last 24 hours"", ""2"": ""yes, last two weeks"", ""8"": ""don't know""}"
h11_2,had diarrhea recently,byte,H11_2,"{""0"": ""no"", ""1"": ""yes, last 24 hours"", ""2"": ""yes, last two weeks"", ""8"": ""don't know""}"
h11_3,had diarrhea recently,byte,H11_3,"{""0"": ""no"", ""1"": ""yes, last 24 hours"", ""2"": ""yes, last two weeks"", ""8"": ""don't know""}"
h11_4,had diarrhea recently,byte,H11_4,"{""0"": ""no"", ""1"": ""yes, last 24 hours"", ""2"": ""yes, last two weeks"", ""8"": ""don't know""}"
h11_5,had diarrhea recently,byte,H11_5,"{""0"": ""no"", ""1"": ""yes, last 24 hours"", ""2"": ""yes, last two weeks"", ""8"": ""don't know""}"
h11_6,had diarrhea recently,byte,H11_6,"{""0"": ""no"", ""1"": ""yes, last 24 hours"", ""2"": ""yes, last two weeks"", ""8"": ""don't know""}"
h11b_1,blood in the stools,byte,H11B_1,"{""0"": ""no"", ""1"": ""yes"", ""8"": ""don't know""}"
h11b_2,blood in the stools,byte,H11B_2,"{""0"": ""no"", ""1"": ""yes"", ""8"": ""don't know""}"
h11b_3,blood in the stools,byte,H11B_3,"{""0"": ""no"", ""1"": ""yes"", ""8"": ""don't know""}"
h11b_4,blood in the stools,byte,H11B_4,"{""0"": ""no"", ""1"": ""yes"", ""8"": ""don't know""}"
h11b_5,blood in the stools,byte,H11B_5,"{""0"": ""no"", ""1"": ""yes"", ""8"": ""don't know""}"
h11b_6,blood in the stools,byte,H11B_6,"{""0"": ""no"", ""1"": ""yes"", ""8"": ""don't know""}"
h12a_1,diarrhea: government hospital,byte,H12A_1,"{""0"": ""no"", ""1"": ""yes""}"
h12a_2,diarrhea: government hospital,byte,H12A_2,"{""0"": ""no"", ""1"": ""yes""}"
h12a_3,diarrhea: government hospital,byte,H12A_3,"{""0"": ""no"", ""1"": ""yes""}"
h12a_4,diarrhea: government hospital,byte,H12A_4,"{""0"": ""no"", ""1"": ""yes""}"
h12a_5,diarrhea: government hospital,byte,H12A_5,"{""0"": ""no"", ""1"": ""yes""}"
h12a_6,diarrhea: government hospital,byte,H12A_6,"{""0"": ""no"", ""1"": ""yes""}"
h12b_1,diarrhea: ayush,byte,H12B_1,"{""0"": ""no"", ""1"": ""yes""}"
h12b_2,diarrhea: ayush,byte,H12B_2,"{""0"": ""no"", ""1"": ""yes""}"
h12b_3,diarrhea: ayush,byte,H12B_3,"{""0"": ""no"", ""1"": ""yes""}"
h12b_4,diarrhea: ayush,byte,H12B_4,"{""0"": ""no"", ""1"": ""yes""}"
h12b_5,diarrhea: ayush,byte,H12B_5,"{""0"": ""no"", ""1"": ""yes""}"
h12b_6,diarrhea: ayush,byte,H12B_6,"{""0"": ""no"", ""1"": ""yes""}"
h12c_1,diarrhea: government dispensary,byte,H12C_1,"{""0"": ""no"", ""1"": ""yes""}"
h12c_2,diarrhea: government dispensary,byte,H12C_2,"{""0"": ""no"", ""1"": ""yes""}"
h12c_3,diarrhea: government dispensary,byte,H12C_3,"{""0"": ""no"", ""1"": ""yes""}"
h12c_4,diarrhea: government dispensary,byte,H12C_4,"{""0"": ""no"", ""1"": ""yes""}"
h12c_5,diarrhea: government dispensary,byte,H12C_5,"{""0"": ""no"", ""1"": ""yes""}"
h12c_6,diarrhea: government dispensary,byte,H12C_6,"{""0"": ""no"", ""1"": ""yes""}"
h12d_1,diarrhea: uhc / uhp / ufwc,byte,H12D_1,"{""0"": ""no"", ""1"": ""yes""}"
h12d_2,diarrhea: uhc / uhp / ufwc,byte,H12D_2,"{""0"": ""no"", ""1"": ""yes""}"
h12d_3,diarrhea: uhc / uhp / ufwc,byte,H12D_3,"{""0"": ""no"", ""1"": ""yes""}"
h12d_4,diarrhea: uhc / uhp / ufwc,byte,H12D_4,"{""0"": ""no"", ""1"": ""yes""}"
h12d_5,diarrhea: uhc / uhp / ufwc,byte,H12D_5,"{""0"": ""no"", ""1"": ""yes""}"
h12d_6,diarrhea: uhc / uhp / ufwc,byte,H12D_6,"{""0"": ""no"", ""1"": ""yes""}"
h12e_1,diarrhea: chc / rural hospital / block phc,byte,H12E_1,"{""0"": ""no"", ""1"": ""yes""}"
h12e_2,diarrhea: chc / rural hospital / block phc,byte,H12E_2,"{""0"": ""no"", ""1"": ""yes""}"
h12e_3,diarrhea: chc / rural hospital / block phc,byte,H12E_3,"{""0"": ""no"", ""1"": ""yes""}"
h12e_4,diarrhea: chc / rural hospital / block phc,byte,H12E_4,"{""0"": ""no"", ""1"": ""yes""}"
h12e_5,diarrhea: chc / rural hospital / block phc,byte,H12E_5,"{""0"": ""no"", ""1"": ""yes""}"
h12e_6,diarrhea: chc / rural hospital / block phc,byte,H12E_6,"{""0"": ""no"", ""1"": ""yes""}"
h12f_1,diarrhea: phc / additional phc,byte,H12F_1,"{""0"": ""no"", ""1"": ""yes""}"
h12f_2,diarrhea: phc / additional phc,byte,H12F_2,"{""0"": ""no"", ""1"": ""yes""}"
h12f_3,diarrhea: phc / additional phc,byte,H12F_3,"{""0"": ""no"", ""1"": ""yes""}"
h12f_4,diarrhea: phc / additional phc,byte,H12F_4,"{""0"": ""no"", ""1"": ""yes""}"
h12f_5,diarrhea: phc / additional phc,byte,H12F_5,"{""0"": ""no"", ""1"": ""yes""}"
h12f_6,diarrhea: phc / additional phc,byte,H12F_6,"{""0"": ""no"", ""1"": ""yes""}"
h12g_1,diarrhea: sub-centre / anm,byte,H12G_1,"{""0"": ""no"", ""1"": ""yes""}"
h12g_2,diarrhea: sub-centre / anm,byte,H12G_2,"{""0"": ""no"", ""1"": ""yes""}"
h12g_3,diarrhea: sub-centre / anm,byte,H12G_3,"{""0"": ""no"", ""1"": ""yes""}"
h12g_4,diarrhea: sub-centre / anm,byte,H12G_4,"{""0"": ""no"", ""1"": ""yes""}"
h12g_5,diarrhea: sub-centre / anm,byte,H12G_5,"{""0"": ""no"", ""1"": ""yes""}"
h12g_6,diarrhea: sub-centre / anm,byte,H12G_6,"{""0"": ""no"", ""1"": ""yes""}"
h12h_1,diarrhea: govt. mobile clinic,byte,H12H_1,"{""0"": ""no"", ""1"": ""yes""}"
h12h_2,diarrhea: govt. mobile clinic,byte,H12H_2,"{""0"": ""no"", ""1"": ""yes""}"
h12h_3,diarrhea: govt. mobile clinic,byte,H12H_3,"{""0"": ""no"", ""1"": ""yes""}"
h12h_4,diarrhea: govt. mobile clinic,byte,H12H_4,"{""0"": ""no"", ""1"": ""yes""}"
h12h_5,diarrhea: govt. mobile clinic,byte,H12H_5,"{""0"": ""no"", ""1"": ""yes""}"
h12h_6,diarrhea: govt. mobile clinic,byte,H12H_6,"{""0"": ""no"", ""1"": ""yes""}"
h12i_1,diarrhea: other public health sector,byte,H12I_1,"{""0"": ""no"", ""1"": ""yes""}"
h12i_2,diarrhea: other public health sector,byte,H12I_2,"{""0"": ""no"", ""1"": ""yes""}"
h12i_3,diarrhea: other public health sector,byte,H12I_3,"{""0"": ""no"", ""1"": ""yes""}"
h12i_4,diarrhea: other public health sector,byte,H12I_4,"{""0"": ""no"", ""1"": ""yes""}"
h12i_5,diarrhea: other public health sector,byte,H12I_5,"{""0"": ""no"", ""1"": ""yes""}"
h12i_6,diarrhea: other public health sector,byte,H12I_6,"{""0"": ""no"", ""1"": ""yes""}"
h12j_1,diarrhea: private hospital/clinic,byte,H12J_1,"{""0"": ""no"", ""1"": ""yes""}"
h12j_2,diarrhea: private hospital/clinic,byte,H12J_2,"{""0"": ""no"", ""1"": ""yes""}"
h12j_3,diarrhea: private hospital/clinic,byte,H12J_3,"{""0"": ""no"", ""1"": ""yes""}"
h12j_4,diarrhea: private hospital/clinic,byte,H12J_4,"{""0"": ""no"", ""1"": ""yes""}"
h12j_5,diarrhea: private hospital/clinic,byte,H12J_5,"{""0"": ""no"", ""1"": ""yes""}"
h12j_6,diarrhea: private hospital/clinic,byte,H12J_6,"{""0"": ""no"", ""1"": ""yes""}"
h12k_1,diarrhea: private pharmacy,byte,H12K_1,"{""0"": ""no"", ""1"": ""yes""}"
h12k_2,diarrhea: private pharmacy,byte,H12K_2,"{""0"": ""no"", ""1"": ""yes""}"
h12k_3,diarrhea: private pharmacy,byte,H12K_3,"{""0"": ""no"", ""1"": ""yes""}"
h12k_4,diarrhea: private pharmacy,byte,H12K_4,"{""0"": ""no"", ""1"": ""yes""}"
h12k_5,diarrhea: private pharmacy,byte,H12K_5,"{""0"": ""no"", ""1"": ""yes""}"
h12k_6,diarrhea: private pharmacy,byte,H12K_6,"{""0"": ""no"", ""1"": ""yes""}"
h12l_1,diarrhea: private doctor,byte,H12L_1,"{""0"": ""no"", ""1"": ""yes""}"
h12l_2,diarrhea: private doctor,byte,H12L_2,"{""0"": ""no"", ""1"": ""yes""}"
h12l_3,diarrhea: private doctor,byte,H12L_3,"{""0"": ""no"", ""1"": ""yes""}"
h12l_4,diarrhea: private doctor,byte,H12L_4,"{""0"": ""no"", ""1"": ""yes""}"
h12l_5,diarrhea: private doctor,byte,H12L_5,"{""0"": ""no"", ""1"": ""yes""}"
h12l_6,diarrhea: private doctor,byte,H12L_6,"{""0"": ""no"", ""1"": ""yes""}"
h12m_1,diarrhea: private paramedic,byte,H12M_1,"{""0"": ""no"", ""1"": ""yes""}"
h12m_2,diarrhea: private paramedic,byte,H12M_2,"{""0"": ""no"", ""1"": ""yes""}"
h12m_3,diarrhea: private paramedic,byte,H12M_3,"{""0"": ""no"", ""1"": ""yes""}"
h12m_4,diarrhea: private paramedic,byte,H12M_4,"{""0"": ""no"", ""1"": ""yes""}"
h12m_5,diarrhea: private paramedic,byte,H12M_5,"{""0"": ""no"", ""1"": ""yes""}"
h12m_6,diarrhea: private paramedic,byte,H12M_6,"{""0"": ""no"", ""1"": ""yes""}"
h12n_1,diarrhea: private ayush,byte,H12N_1,"{""0"": ""no"", ""1"": ""yes""}"
h12n_2,diarrhea: private ayush,byte,H12N_2,"{""0"": ""no"", ""1"": ""yes""}"
h12n_3,diarrhea: private ayush,byte,H12N_3,"{""0"": ""no"", ""1"": ""yes""}"
h12n_4,diarrhea: private ayush,byte,H12N_4,"{""0"": ""no"", ""1"": ""yes""}"
h12n_5,diarrhea: private ayush,byte,H12N_5,"{""0"": ""no"", ""1"": ""yes""}"
h12n_6,diarrhea: private ayush,byte,H12N_6,"{""0"": ""no"", ""1"": ""yes""}"
h12o_1,na - diarrhea: cs private medical,byte,H12O_1,"{""0"": ""no"", ""1"": ""yes""}"
h12o_2,na - diarrhea: cs private medical,byte,H12O_2,"{""0"": ""no"", ""1"": ""yes""}"
h12o_3,na - diarrhea: cs private medical,byte,H12O_3,"{""0"": ""no"", ""1"": ""yes""}"
h12o_4,na - diarrhea: cs private medical,byte,H12O_4,"{""0"": ""no"", ""1"": ""yes""}"
h12o_5,na - diarrhea: cs private medical,byte,H12O_5,"{""0"": ""no"", ""1"": ""yes""}"
h12o_6,na - diarrhea: cs private medical,byte,H12O_6,"{""0"": ""no"", ""1"": ""yes""}"
h12p_1,na - diarrhea: cs private medical,byte,H12P_1,"{""0"": ""no"", ""1"": ""yes""}"
h12p_2,na - diarrhea: cs private medical,byte,H12P_2,"{""0"": ""no"", ""1"": ""yes""}"
h12p_3,na - diarrhea: cs private medical,byte,H12P_3,"{""0"": ""no"", ""1"": ""yes""}"
h12p_4,na - diarrhea: cs private medical,byte,H12P_4,"{""0"": ""no"", ""1"": ""yes""}"
h12p_5,na - diarrhea: cs private medical,byte,H12P_5,"{""0"": ""no"", ""1"": ""yes""}"
h12p_6,na - diarrhea: cs private medical,byte,H12P_6,"{""0"": ""no"", ""1"": ""yes""}"
h12q_1,na - diarrhea: cs private medical,byte,H12Q_1,"{""0"": ""no"", ""1"": ""yes""}"
h12q_2,na - diarrhea: cs private medical,byte,H12Q_2,"{""0"": ""no"", ""1"": ""yes""}"
h12q_3,na - diarrhea: cs private medical,byte,H12Q_3,"{""0"": ""no"", ""1"": ""yes""}"
h12q_4,na - diarrhea: cs private medical,byte,H12Q_4,"{""0"": ""no"", ""1"": ""yes""}"
h12q_5,na - diarrhea: cs private medical,byte,H12Q_5,"{""0"": ""no"", ""1"": ""yes""}"
h12q_6,na - diarrhea: cs private medical,byte,H12Q_6,"{""0"": ""no"", ""1"": ""yes""}"
h12r_1,diarrhea: other private health,byte,H12R_1,"{""0"": ""no"", ""1"": ""yes""}"
h12r_2,diarrhea: other private health,byte,H12R_2,"{""0"": ""no"", ""1"": ""yes""}"
h12r_3,diarrhea: other private health,byte,H12R_3,"{""0"": ""no"", ""1"": ""yes""}"
h12r_4,diarrhea: other private health,byte,H12R_4,"{""0"": ""no"", ""1"": ""yes""}"
h12r_5,diarrhea: other private health,byte,H12R_5,"{""0"": ""no"", ""1"": ""yes""}"
h12r_6,diarrhea: other private health,byte,H12R_6,"{""0"": ""no"", ""1"": ""yes""}"
h12s_1,diarrhea: shop,byte,H12S_1,"{""0"": ""no"", ""1"": ""yes""}"
h12s_2,diarrhea: shop,byte,H12S_2,"{""0"": ""no"", ""1"": ""yes""}"
h12s_3,diarrhea: shop,byte,H12S_3,"{""0"": ""no"", ""1"": ""yes""}"
h12s_4,diarrhea: shop,byte,H12S_4,"{""0"": ""no"", ""1"": ""yes""}"
h12s_5,diarrhea: shop,byte,H12S_5,"{""0"": ""no"", ""1"": ""yes""}"
h12s_6,diarrhea: shop,byte,H12S_6,"{""0"": ""no"", ""1"": ""yes""}"
h12t_1,diarrhea: friend / relative,byte,H12T_1,"{""0"": ""no"", ""1"": ""yes""}"
h12t_2,diarrhea: friend / relative,byte,H12T_2,"{""0"": ""no"", ""1"": ""yes""}"
h12t_3,diarrhea: friend / relative,byte,H12T_3,"{""0"": ""no"", ""1"": ""yes""}"
h12t_4,diarrhea: friend / relative,byte,H12T_4,"{""0"": ""no"", ""1"": ""yes""}"
h12t_5,diarrhea: friend / relative,byte,H12T_5,"{""0"": ""no"", ""1"": ""yes""}"
h12t_6,diarrhea: friend / relative,byte,H12T_6,"{""0"": ""no"", ""1"": ""yes""}"
h12u_1,diarrhea: ngo or trust hospital / clinic,byte,H12U_1,"{""0"": ""no"", ""1"": ""yes""}"
h12u_2,diarrhea: ngo or trust hospital / clinic,byte,H12U_2,"{""0"": ""no"", ""1"": ""yes""}"
h12u_3,diarrhea: ngo or trust hospital / clinic,byte,H12U_3,"{""0"": ""no"", ""1"": ""yes""}"
h12u_4,diarrhea: ngo or trust hospital / clinic,byte,H12U_4,"{""0"": ""no"", ""1"": ""yes""}"
h12u_5,diarrhea: ngo or trust hospital / clinic,byte,H12U_5,"{""0"": ""no"", ""1"": ""yes""}"
h12u_6,diarrhea: ngo or trust hospital / clinic,byte,H12U_6,"{""0"": ""no"", ""1"": ""yes""}"
h12v_1,diarrhea: public camp,byte,H12V_1,"{""0"": ""no"", ""1"": ""yes""}"
h12v_2,diarrhea: public camp,byte,H12V_2,"{""0"": ""no"", ""1"": ""yes""}"
h12v_3,diarrhea: public camp,byte,H12V_3,"{""0"": ""no"", ""1"": ""yes""}"
h12v_4,diarrhea: public camp,byte,H12V_4,"{""0"": ""no"", ""1"": ""yes""}"
h12v_5,diarrhea: public camp,byte,H12V_5,"{""0"": ""no"", ""1"": ""yes""}"
h12v_6,diarrhea: public camp,byte,H12V_6,"{""0"": ""no"", ""1"": ""yes""}"
h12w_1,diarrhea: public anganwadi / icds centre,byte,H12W_1,"{""0"": ""no"", ""1"": ""yes""}"
h12w_2,diarrhea: public anganwadi / icds centre,byte,H12W_2,"{""0"": ""no"", ""1"": ""yes""}"
h12w_3,diarrhea: public anganwadi / icds centre,byte,H12W_3,"{""0"": ""no"", ""1"": ""yes""}"
h12w_4,diarrhea: public anganwadi / icds centre,byte,H12W_4,"{""0"": ""no"", ""1"": ""yes""}"
h12w_5,diarrhea: public anganwadi / icds centre,byte,H12W_5,"{""0"": ""no"", ""1"": ""yes""}"
h12w_6,diarrhea: public anganwadi / icds centre,byte,H12W_6,"{""0"": ""no"", ""1"": ""yes""}"
h12x_1,diarrhea: other,byte,H12X_1,"{""0"": ""no"", ""1"": ""yes""}"
h12x_2,diarrhea: other,byte,H12X_2,"{""0"": ""no"", ""1"": ""yes""}"
h12x_3,diarrhea: other,byte,H12X_3,"{""0"": ""no"", ""1"": ""yes""}"
h12x_4,diarrhea: other,byte,H12X_4,"{""0"": ""no"", ""1"": ""yes""}"
h12x_5,diarrhea: other,byte,H12X_5,"{""0"": ""no"", ""1"": ""yes""}"
h12x_6,diarrhea: other,byte,H12X_6,"{""0"": ""no"", ""1"": ""yes""}"
h12y_1,diarrhea: no treatment,byte,H12Y_1,"{""0"": ""no: received treatment"", ""1"": ""yes: no treatment""}"
h12y_2,diarrhea: no treatment,byte,H12Y_2,"{""0"": ""no: received treatment"", ""1"": ""yes: no treatment""}"
h12y_3,diarrhea: no treatment,byte,H12Y_3,"{""0"": ""no: received treatment"", ""1"": ""yes: no treatment""}"
h12y_4,diarrhea: no treatment,byte,H12Y_4,"{""0"": ""no: received treatment"", ""1"": ""yes: no treatment""}"
h12y_5,diarrhea: no treatment,byte,H12Y_5,"{""0"": ""no: received treatment"", ""1"": ""yes: no treatment""}"
h12y_6,diarrhea: no treatment,byte,H12Y_6,"{""0"": ""no: received treatment"", ""1"": ""yes: no treatment""}"
h12z_1,diarrhea: medical treatment,byte,H12Z_1,"{""0"": ""no"", ""1"": ""yes""}"
h12z_2,diarrhea: medical treatment,byte,H12Z_2,"{""0"": ""no"", ""1"": ""yes""}"
h12z_3,diarrhea: medical treatment,byte,H12Z_3,"{""0"": ""no"", ""1"": ""yes""}"
h12z_4,diarrhea: medical treatment,byte,H12Z_4,"{""0"": ""no"", ""1"": ""yes""}"
h12z_5,diarrhea: medical treatment,byte,H12Z_5,"{""0"": ""no"", ""1"": ""yes""}"
h12z_6,diarrhea: medical treatment,byte,H12Z_6,"{""0"": ""no"", ""1"": ""yes""}"
h13_1,given oral rehydration,byte,H13_1,"{""0"": ""no"", ""1"": ""yes: ors - spontaneous"", ""2"": ""yes: ors - probed"", ""8"": ""don't know""}"
h13_2,given oral rehydration,byte,H13_2,"{""0"": ""no"", ""1"": ""yes: ors - spontaneous"", ""2"": ""yes: ors - probed"", ""8"": ""don't know""}"
h13_3,given oral rehydration,byte,H13_3,"{""0"": ""no"", ""1"": ""yes: ors - spontaneous"", ""2"": ""yes: ors - probed"", ""8"": ""don't know""}"
h13_4,given oral rehydration,byte,H13_4,"{""0"": ""no"", ""1"": ""yes: ors - spontaneous"", ""2"": ""yes: ors - probed"", ""8"": ""don't know""}"
h13_5,given oral rehydration,byte,H13_5,"{""0"": ""no"", ""1"": ""yes: ors - spontaneous"", ""2"": ""yes: ors - probed"", ""8"": ""don't know""}"
h13_6,given oral rehydration,byte,H13_6,"{""0"": ""no"", ""1"": ""yes: ors - spontaneous"", ""2"": ""yes: ors - probed"", ""8"": ""don't know""}"
h13b_1,na - given pre-packaged ors liquid,byte,H13B_1,"{""0"": ""no"", ""1"": ""yes"", ""8"": ""don't know""}"
h13b_2,na - given pre-packaged ors liquid,byte,H13B_2,"{""0"": ""no"", ""1"": ""yes"", ""8"": ""don't know""}"
h13b_3,na - given pre-packaged ors liquid,byte,H13B_3,"{""0"": ""no"", ""1"": ""yes"", ""8"": ""don't know""}"
h13b_4,na - given pre-packaged ors liquid,byte,H13B_4,"{""0"": ""no"", ""1"": ""yes"", ""8"": ""don't know""}"
h13b_5,na - given pre-packaged ors liquid,byte,H13B_5,"{""0"": ""no"", ""1"": ""yes"", ""8"": ""don't know""}"
h13b_6,na - given pre-packaged ors liquid,byte,H13B_6,"{""0"": ""no"", ""1"": ""yes"", ""8"": ""don't know""}"
h14_1,given recommended home solution ( gruel ),byte,H14_1,"{""0"": ""no"", ""1"": ""yes: rhs - spontaneous"", ""2"": ""yes: rhs - probed"", ""8"": ""don't know""}"
h14_2,given recommended home solution ( gruel ),byte,H14_2,"{""0"": ""no"", ""1"": ""yes: rhs - spontaneous"", ""2"": ""yes: rhs - probed"", ""8"": ""don't know""}"
h14_3,given recommended home solution ( gruel ),byte,H14_3,"{""0"": ""no"", ""1"": ""yes: rhs - spontaneous"", ""2"": ""yes: rhs - probed"", ""8"": ""don't know""}"
h14_4,given recommended home solution ( gruel ),byte,H14_4,"{""0"": ""no"", ""1"": ""yes: rhs - spontaneous"", ""2"": ""yes: rhs - probed"", ""8"": ""don't know""}"
h14_5,given recommended home solution ( gruel ),byte,H14_5,"{""0"": ""no"", ""1"": ""yes: rhs - spontaneous"", ""2"": ""yes: rhs - probed"", ""8"": ""don't know""}"
h14_6,given recommended home solution ( gruel ),byte,H14_6,"{""0"": ""no"", ""1"": ""yes: rhs - spontaneous"", ""2"": ""yes: rhs - probed"", ""8"": ""don't know""}"
h15_1,given antibiotic pills or syrups,byte,H15_1,"{""0"": ""no"", ""1"": ""yes"", ""8"": ""don't know""}"
h15_2,given antibiotic pills or syrups,byte,H15_2,"{""0"": ""no"", ""1"": ""yes"", ""8"": ""don't know""}"
h15_3,given antibiotic pills or syrups,byte,H15_3,"{""0"": ""no"", ""1"": ""yes"", ""8"": ""don't know""}"
h15_4,given antibiotic pills or syrups,byte,H15_4,"{""0"": ""no"", ""1"": ""yes"", ""8"": ""don't know""}"
h15_5,given antibiotic pills or syrups,byte,H15_5,"{""0"": ""no"", ""1"": ""yes"", ""8"": ""don't know""}"
h15_6,given antibiotic pills or syrups,byte,H15_6,"{""0"": ""no"", ""1"": ""yes"", ""8"": ""don't know""}"
h15a_1,given antimotility,byte,H15A_1,"{""0"": ""no"", ""1"": ""yes"", ""8"": ""don't know""}"
h15a_2,given antimotility,byte,H15A_2,"{""0"": ""no"", ""1"": ""yes"", ""8"": ""don't know""}"
h15a_3,given antimotility,byte,H15A_3,"{""0"": ""no"", ""1"": ""yes"", ""8"": ""don't know""}"
h15a_4,given antimotility,byte,H15A_4,"{""0"": ""no"", ""1"": ""yes"", ""8"": ""don't know""}"
h15a_5,given antimotility,byte,H15A_5,"{""0"": ""no"", ""1"": ""yes"", ""8"": ""don't know""}"
h15a_6,given antimotility,byte,H15A_6,"{""0"": ""no"", ""1"": ""yes"", ""8"": ""don't know""}"
h15b_1,given antibiotic injection,byte,H15B_1,"{""0"": ""no"", ""1"": ""yes"", ""8"": ""don't know""}"
h15b_2,given antibiotic injection,byte,H15B_2,"{""0"": ""no"", ""1"": ""yes"", ""8"": ""don't know""}"
h15b_3,given antibiotic injection,byte,H15B_3,"{""0"": ""no"", ""1"": ""yes"", ""8"": ""don't know""}"
h15b_4,given antibiotic injection,byte,H15B_4,"{""0"": ""no"", ""1"": ""yes"", ""8"": ""don't know""}"
h15b_5,given antibiotic injection,byte,H15B_5,"{""0"": ""no"", ""1"": ""yes"", ""8"": ""don't know""}"
h15b_6,given antibiotic injection,byte,H15B_6,"{""0"": ""no"", ""1"": ""yes"", ""8"": ""don't know""}"
h15c_1,given intravenous (iv),byte,H15C_1,"{""0"": ""no"", ""1"": ""yes"", ""8"": ""don't know""}"
h15c_2,given intravenous (iv),byte,H15C_2,"{""0"": ""no"", ""1"": ""yes"", ""8"": ""don't know""}"
h15c_3,given intravenous (iv),byte,H15C_3,"{""0"": ""no"", ""1"": ""yes"", ""8"": ""don't know""}"
h15c_4,given intravenous (iv),byte,H15C_4,"{""0"": ""no"", ""1"": ""yes"", ""8"": ""don't know""}"
h15c_5,given intravenous (iv),byte,H15C_5,"{""0"": ""no"", ""1"": ""yes"", ""8"": ""don't know""}"
h15c_6,given intravenous (iv),byte,H15C_6,"{""0"": ""no"", ""1"": ""yes"", ""8"": ""don't know""}"
h15d_1,"given home remedy, herbal medicine",byte,H15D_1,"{""0"": ""no"", ""1"": ""yes"", ""8"": ""don't know""}"
h15d_2,"given home remedy, herbal medicine",byte,H15D_2,"{""0"": ""no"", ""1"": ""yes"", ""8"": ""don't know""}"
h15d_3,"given home remedy, herbal medicine",byte,H15D_3,"{""0"": ""no"", ""1"": ""yes"", ""8"": ""don't know""}"
h15d_4,"given home remedy, herbal medicine",byte,H15D_4,"{""0"": ""no"", ""1"": ""yes"", ""8"": ""don't know""}"
h15d_5,"given home remedy, herbal medicine",byte,H15D_5,"{""0"": ""no"", ""1"": ""yes"", ""8"": ""don't know""}"
h15d_6,"given home remedy, herbal medicine",byte,H15D_6,"{""0"": ""no"", ""1"": ""yes"", ""8"": ""don't know""}"
h15e_1,given zinc,byte,H15E_1,"{""0"": ""no"", ""1"": ""yes"", ""8"": ""don't know""}"
h15e_2,given zinc,byte,H15E_2,"{""0"": ""no"", ""1"": ""yes"", ""8"": ""don't know""}"
h15e_3,given zinc,byte,H15E_3,"{""0"": ""no"", ""1"": ""yes"", ""8"": ""don't know""}"
h15e_4,given zinc,byte,H15E_4,"{""0"": ""no"", ""1"": ""yes"", ""8"": ""don't know""}"
h15e_5,given zinc,byte,H15E_5,"{""0"": ""no"", ""1"": ""yes"", ""8"": ""don't know""}"
h15e_6,given zinc,byte,H15E_6,"{""0"": ""no"", ""1"": ""yes"", ""8"": ""don't know""}"
h15f_1,"given other (not antibiotic, antimotility, zinc)",byte,H15F_1,"{""0"": ""no"", ""1"": ""yes"", ""8"": ""don't know""}"
h15f_2,"given other (not antibiotic, antimotility, zinc)",byte,H15F_2,"{""0"": ""no"", ""1"": ""yes"", ""8"": ""don't know""}"
h15f_3,"given other (not antibiotic, antimotility, zinc)",byte,H15F_3,"{""0"": ""no"", ""1"": ""yes"", ""8"": ""don't know""}"
h15f_4,"given other (not antibiotic, antimotility, zinc)",byte,H15F_4,"{""0"": ""no"", ""1"": ""yes"", ""8"": ""don't know""}"
h15f_5,"given other (not antibiotic, antimotility, zinc)",byte,H15F_5,"{""0"": ""no"", ""1"": ""yes"", ""8"": ""don't know""}"
h15f_6,"given other (not antibiotic, antimotility, zinc)",byte,H15F_6,"{""0"": ""no"", ""1"": ""yes"", ""8"": ""don't know""}"
h15g_1,given unknown pill or syrup,byte,H15G_1,"{""0"": ""no"", ""1"": ""yes"", ""8"": ""don't know""}"
h15g_2,given unknown pill or syrup,byte,H15G_2,"{""0"": ""no"", ""1"": ""yes"", ""8"": ""don't know""}"
h15g_3,given unknown pill or syrup,byte,H15G_3,"{""0"": ""no"", ""1"": ""yes"", ""8"": ""don't know""}"
h15g_4,given unknown pill or syrup,byte,H15G_4,"{""0"": ""no"", ""1"": ""yes"", ""8"": ""don't know""}"
h15g_5,given unknown pill or syrup,byte,H15G_5,"{""0"": ""no"", ""1"": ""yes"", ""8"": ""don't know""}"
h15g_6,given unknown pill or syrup,byte,H15G_6,"{""0"": ""no"", ""1"": ""yes"", ""8"": ""don't know""}"
h15h_1,given non-antibiotic injection,byte,H15H_1,"{""0"": ""no"", ""1"": ""yes"", ""8"": ""don't know""}"
h15h_2,given non-antibiotic injection,byte,H15H_2,"{""0"": ""no"", ""1"": ""yes"", ""8"": ""don't know""}"
h15h_3,given non-antibiotic injection,byte,H15H_3,"{""0"": ""no"", ""1"": ""yes"", ""8"": ""don't know""}"
h15h_4,given non-antibiotic injection,byte,H15H_4,"{""0"": ""no"", ""1"": ""yes"", ""8"": ""don't know""}"
h15h_5,given non-antibiotic injection,byte,H15H_5,"{""0"": ""no"", ""1"": ""yes"", ""8"": ""don't know""}"
h15h_6,given non-antibiotic injection,byte,H15H_6,"{""0"": ""no"", ""1"": ""yes"", ""8"": ""don't know""}"
h15i_1,given unknown injection,byte,H15I_1,"{""0"": ""no"", ""1"": ""yes"", ""8"": ""don't know""}"
h15i_2,given unknown injection,byte,H15I_2,"{""0"": ""no"", ""1"": ""yes"", ""8"": ""don't know""}"
h15i_3,given unknown injection,byte,H15I_3,"{""0"": ""no"", ""1"": ""yes"", ""8"": ""don't know""}"
h15i_4,given unknown injection,byte,H15I_4,"{""0"": ""no"", ""1"": ""yes"", ""8"": ""don't know""}"
h15i_5,given unknown injection,byte,H15I_5,"{""0"": ""no"", ""1"": ""yes"", ""8"": ""don't know""}"
h15i_6,given unknown injection,byte,H15I_6,"{""0"": ""no"", ""1"": ""yes"", ""8"": ""don't know""}"
h15j_1,na - given cs,byte,H15J_1,"{""0"": ""no"", ""1"": ""yes"", ""8"": ""don't know""}"
h15j_2,na - given cs,byte,H15J_2,"{""0"": ""no"", ""1"": ""yes"", ""8"": ""don't know""}"
h15j_3,na - given cs,byte,H15J_3,"{""0"": ""no"", ""1"": ""yes"", ""8"": ""don't know""}"
h15j_4,na - given cs,byte,H15J_4,"{""0"": ""no"", ""1"": ""yes"", ""8"": ""don't know""}"
h15j_5,na - given cs,byte,H15J_5,"{""0"": ""no"", ""1"": ""yes"", ""8"": ""don't know""}"
h15j_6,na - given cs,byte,H15J_6,"{""0"": ""no"", ""1"": ""yes"", ""8"": ""don't know""}"
h15k_1,na - given cs,byte,H15K_1,"{""0"": ""no"", ""1"": ""yes"", ""8"": ""don't know""}"
h15k_2,na - given cs,byte,H15K_2,"{""0"": ""no"", ""1"": ""yes"", ""8"": ""don't know""}"
h15k_3,na - given cs,byte,H15K_3,"{""0"": ""no"", ""1"": ""yes"", ""8"": ""don't know""}"
h15k_4,na - given cs,byte,H15K_4,"{""0"": ""no"", ""1"": ""yes"", ""8"": ""don't know""}"
h15k_5,na - given cs,byte,H15K_5,"{""0"": ""no"", ""1"": ""yes"", ""8"": ""don't know""}"
h15k_6,na - given cs,byte,H15K_6,"{""0"": ""no"", ""1"": ""yes"", ""8"": ""don't know""}"
h15l_1,na - given cs,byte,H15L_1,"{""0"": ""no"", ""1"": ""yes"", ""8"": ""don't know""}"
h15l_2,na - given cs,byte,H15L_2,"{""0"": ""no"", ""1"": ""yes"", ""8"": ""don't know""}"
h15l_3,na - given cs,byte,H15L_3,"{""0"": ""no"", ""1"": ""yes"", ""8"": ""don't know""}"
h15l_4,na - given cs,byte,H15L_4,"{""0"": ""no"", ""1"": ""yes"", ""8"": ""don't know""}"
h15l_5,na - given cs,byte,H15L_5,"{""0"": ""no"", ""1"": ""yes"", ""8"": ""don't know""}"
h15l_6,na - given cs,byte,H15L_6,"{""0"": ""no"", ""1"": ""yes"", ""8"": ""don't know""}"
h15m_1,na - given cs,byte,H15M_1,"{""0"": ""no"", ""1"": ""yes"", ""8"": ""don't know""}"
h15m_2,na - given cs,byte,H15M_2,"{""0"": ""no"", ""1"": ""yes"", ""8"": ""don't know""}"
h15m_3,na - given cs,byte,H15M_3,"{""0"": ""no"", ""1"": ""yes"", ""8"": ""don't know""}"
h15m_4,na - given cs,byte,H15M_4,"{""0"": ""no"", ""1"": ""yes"", ""8"": ""don't know""}"
h15m_5,na - given cs,byte,H15M_5,"{""0"": ""no"", ""1"": ""yes"", ""8"": ""don't know""}"
h15m_6,na - given cs,byte,H15M_6,"{""0"": ""no"", ""1"": ""yes"", ""8"": ""don't know""}"
h20_1,given other treatment,byte,H20_1,"{""0"": ""no"", ""1"": ""yes"", ""8"": ""don't know""}"
h20_2,given other treatment,byte,H20_2,"{""0"": ""no"", ""1"": ""yes"", ""8"": ""don't know""}"
h20_3,given other treatment,byte,H20_3,"{""0"": ""no"", ""1"": ""yes"", ""8"": ""don't know""}"
h20_4,given other treatment,byte,H20_4,"{""0"": ""no"", ""1"": ""yes"", ""8"": ""don't know""}"
h20_5,given other treatment,byte,H20_5,"{""0"": ""no"", ""1"": ""yes"", ""8"": ""don't know""}"
h20_6,given other treatment,byte,H20_6,"{""0"": ""no"", ""1"": ""yes"", ""8"": ""don't know""}"
h21_1,received any treatment,byte,H21_1,"{""0"": ""no"", ""1"": ""yes""}"
h21_2,received any treatment,byte,H21_2,"{""0"": ""no"", ""1"": ""yes""}"
h21_3,received any treatment,byte,H21_3,"{""0"": ""no"", ""1"": ""yes""}"
h21_4,received any treatment,byte,H21_4,"{""0"": ""no"", ""1"": ""yes""}"
h21_5,received any treatment,byte,H21_5,"{""0"": ""no"", ""1"": ""yes""}"
h21_6,received any treatment,byte,H21_6,"{""0"": ""no"", ""1"": ""yes""}"
h21a_1,given no treatment,byte,H21A_1,"{""0"": ""no: received treatment"", ""1"": ""yes: no treatment"", ""8"": ""don't know""}"
h21a_2,given no treatment,byte,H21A_2,"{""0"": ""no: received treatment"", ""1"": ""yes: no treatment"", ""8"": ""don't know""}"
h21a_3,given no treatment,byte,H21A_3,"{""0"": ""no: received treatment"", ""1"": ""yes: no treatment"", ""8"": ""don't know""}"
h21a_4,given no treatment,byte,H21A_4,"{""0"": ""no: received treatment"", ""1"": ""yes: no treatment"", ""8"": ""don't know""}"
h21a_5,given no treatment,byte,H21A_5,"{""0"": ""no: received treatment"", ""1"": ""yes: no treatment"", ""8"": ""don't know""}"
h21a_6,given no treatment,byte,H21A_6,"{""0"": ""no: received treatment"", ""1"": ""yes: no treatment"", ""8"": ""don't know""}"
h22_1,had fever in last two weeks,byte,H22_1,"{""0"": ""no"", ""1"": ""yes"", ""8"": ""don't know""}"
h22_2,had fever in last two weeks,byte,H22_2,"{""0"": ""no"", ""1"": ""yes"", ""8"": ""don't know""}"
h22_3,had fever in last two weeks,byte,H22_3,"{""0"": ""no"", ""1"": ""yes"", ""8"": ""don't know""}"
h22_4,had fever in last two weeks,byte,H22_4,"{""0"": ""no"", ""1"": ""yes"", ""8"": ""don't know""}"
h22_5,had fever in last two weeks,byte,H22_5,"{""0"": ""no"", ""1"": ""yes"", ""8"": ""don't know""}"
h22_6,had fever in last two weeks,byte,H22_6,"{""0"": ""no"", ""1"": ""yes"", ""8"": ""don't know""}"
h31_1,had cough in last two weeks,byte,H31_1,"{""0"": ""no"", ""1"": ""yes, last 24 hours"", ""2"": ""yes, last two weeks"", ""8"": ""don't know""}"
h31_2,had cough in last two weeks,byte,H31_2,"{""0"": ""no"", ""1"": ""yes, last 24 hours"", ""2"": ""yes, last two weeks"", ""8"": ""don't know""}"
h31_3,had cough in last two weeks,byte,H31_3,"{""0"": ""no"", ""1"": ""yes, last 24 hours"", ""2"": ""yes, last two weeks"", ""8"": ""don't know""}"
h31_4,had cough in last two weeks,byte,H31_4,"{""0"": ""no"", ""1"": ""yes, last 24 hours"", ""2"": ""yes, last two weeks"", ""8"": ""don't know""}"
h31_5,had cough in last two weeks,byte,H31_5,"{""0"": ""no"", ""1"": ""yes, last 24 hours"", ""2"": ""yes, last two weeks"", ""8"": ""don't know""}"
h31_6,had cough in last two weeks,byte,H31_6,"{""0"": ""no"", ""1"": ""yes, last 24 hours"", ""2"": ""yes, last two weeks"", ""8"": ""don't know""}"
h31b_1,"short, rapid breaths",byte,H31B_1,"{""0"": ""no"", ""1"": ""yes"", ""8"": ""don't know""}"
h31b_2,"short, rapid breaths",byte,H31B_2,"{""0"": ""no"", ""1"": ""yes"", ""8"": ""don't know""}"
h31b_3,"short, rapid breaths",byte,H31B_3,"{""0"": ""no"", ""1"": ""yes"", ""8"": ""don't know""}"
h31b_4,"short, rapid breaths",byte,H31B_4,"{""0"": ""no"", ""1"": ""yes"", ""8"": ""don't know""}"
h31b_5,"short, rapid breaths",byte,H31B_5,"{""0"": ""no"", ""1"": ""yes"", ""8"": ""don't know""}"
h31b_6,"short, rapid breaths",byte,H31B_6,"{""0"": ""no"", ""1"": ""yes"", ""8"": ""don't know""}"
h31c_1,problem in the chest or blocked or running nose,byte,H31C_1,"{""1"": ""chest only"", ""2"": ""nose only"", ""3"": ""both"", ""6"": ""other"", ""8"": ""don't know""}"
h31c_2,problem in the chest or blocked or running nose,byte,H31C_2,"{""1"": ""chest only"", ""2"": ""nose only"", ""3"": ""both"", ""6"": ""other"", ""8"": ""don't know""}"
h31c_3,problem in the chest or blocked or running nose,byte,H31C_3,"{""1"": ""chest only"", ""2"": ""nose only"", ""3"": ""both"", ""6"": ""other"", ""8"": ""don't know""}"
h31c_4,problem in the chest or blocked or running nose,byte,H31C_4,"{""1"": ""chest only"", ""2"": ""nose only"", ""3"": ""both"", ""6"": ""other"", ""8"": ""don't know""}"
h31c_5,problem in the chest or blocked or running nose,byte,H31C_5,"{""1"": ""chest only"", ""2"": ""nose only"", ""3"": ""both"", ""6"": ""other"", ""8"": ""don't know""}"
h31c_6,problem in the chest or blocked or running nose,byte,H31C_6,"{""1"": ""chest only"", ""2"": ""nose only"", ""3"": ""both"", ""6"": ""other"", ""8"": ""don't know""}"
h31d_1,had fever/cough in last 2 weeks: amount offered to drink,byte,H31D_1,"{""0"": ""nothing to drink"", ""2"": ""much less"", ""3"": ""somewhat less"", ""4"": ""about the same"", ""5"": ""more"", ""8"": ""don't know""}"
h31d_2,had fever/cough in last 2 weeks: amount offered to drink,byte,H31D_2,"{""0"": ""nothing to drink"", ""2"": ""much less"", ""3"": ""somewhat less"", ""4"": ""about the same"", ""5"": ""more"", ""8"": ""don't know""}"
h31d_3,had fever/cough in last 2 weeks: amount offered to drink,byte,H31D_3,"{""0"": ""nothing to drink"", ""2"": ""much less"", ""3"": ""somewhat less"", ""4"": ""about the same"", ""5"": ""more"", ""8"": ""don't know""}"
h31d_4,had fever/cough in last 2 weeks: amount offered to drink,byte,H31D_4,"{""0"": ""nothing to drink"", ""2"": ""much less"", ""3"": ""somewhat less"", ""4"": ""about the same"", ""5"": ""more"", ""8"": ""don't know""}"
h31d_5,had fever/cough in last 2 weeks: amount offered to drink,byte,H31D_5,"{""0"": ""nothing to drink"", ""2"": ""much less"", ""3"": ""somewhat less"", ""4"": ""about the same"", ""5"": ""more"", ""8"": ""don't know""}"
h31d_6,had fever/cough in last 2 weeks: amount offered to drink,byte,H31D_6,"{""0"": ""nothing to drink"", ""2"": ""much less"", ""3"": ""somewhat less"", ""4"": ""about the same"", ""5"": ""more"", ""8"": ""don't know""}"
h31e_1,had fever/cough in last 2 weeks: amount offered to eat,byte,H31E_1,"{""0"": ""stopped food"", ""1"": ""never gave food"", ""2"": ""much less"", ""3"": ""somewhat less"", ""4"": ""about the same"", ""5"": ""more"", ""8"": ""don't know""}"
h31e_2,had fever/cough in last 2 weeks: amount offered to eat,byte,H31E_2,"{""0"": ""stopped food"", ""1"": ""never gave food"", ""2"": ""much less"", ""3"": ""somewhat less"", ""4"": ""about the same"", ""5"": ""more"", ""8"": ""don't know""}"
h31e_3,had fever/cough in last 2 weeks: amount offered to eat,byte,H31E_3,"{""0"": ""stopped food"", ""1"": ""never gave food"", ""2"": ""much less"", ""3"": ""somewhat less"", ""4"": ""about the same"", ""5"": ""more"", ""8"": ""don't know""}"
h31e_4,had fever/cough in last 2 weeks: amount offered to eat,byte,H31E_4,"{""0"": ""stopped food"", ""1"": ""never gave food"", ""2"": ""much less"", ""3"": ""somewhat less"", ""4"": ""about the same"", ""5"": ""more"", ""8"": ""don't know""}"
h31e_5,had fever/cough in last 2 weeks: amount offered to eat,byte,H31E_5,"{""0"": ""stopped food"", ""1"": ""never gave food"", ""2"": ""much less"", ""3"": ""somewhat less"", ""4"": ""about the same"", ""5"": ""more"", ""8"": ""don't know""}"
h31e_6,had fever/cough in last 2 weeks: amount offered to eat,byte,H31E_6,"{""0"": ""stopped food"", ""1"": ""never gave food"", ""2"": ""much less"", ""3"": ""somewhat less"", ""4"": ""about the same"", ""5"": ""more"", ""8"": ""don't know""}"
h32a_1,fever/cough: government hospital,byte,H32A_1,"{""0"": ""no"", ""1"": ""yes""}"
h32a_2,fever/cough: government hospital,byte,H32A_2,"{""0"": ""no"", ""1"": ""yes""}"
h32a_3,fever/cough: government hospital,byte,H32A_3,"{""0"": ""no"", ""1"": ""yes""}"
h32a_4,fever/cough: government hospital,byte,H32A_4,"{""0"": ""no"", ""1"": ""yes""}"
h32a_5,fever/cough: government hospital,byte,H32A_5,"{""0"": ""no"", ""1"": ""yes""}"
h32a_6,fever/cough: government hospital,byte,H32A_6,"{""0"": ""no"", ""1"": ""yes""}"
h32b_1,fever/cough: public ayush,byte,H32B_1,"{""0"": ""no"", ""1"": ""yes""}"
h32b_2,fever/cough: public ayush,byte,H32B_2,"{""0"": ""no"", ""1"": ""yes""}"
h32b_3,fever/cough: public ayush,byte,H32B_3,"{""0"": ""no"", ""1"": ""yes""}"
h32b_4,fever/cough: public ayush,byte,H32B_4,"{""0"": ""no"", ""1"": ""yes""}"
h32b_5,fever/cough: public ayush,byte,H32B_5,"{""0"": ""no"", ""1"": ""yes""}"
h32b_6,fever/cough: public ayush,byte,H32B_6,"{""0"": ""no"", ""1"": ""yes""}"
h32c_1,fever/cough: government dispensary,byte,H32C_1,"{""0"": ""no"", ""1"": ""yes""}"
h32c_2,fever/cough: government dispensary,byte,H32C_2,"{""0"": ""no"", ""1"": ""yes""}"
h32c_3,fever/cough: government dispensary,byte,H32C_3,"{""0"": ""no"", ""1"": ""yes""}"
h32c_4,fever/cough: government dispensary,byte,H32C_4,"{""0"": ""no"", ""1"": ""yes""}"
h32c_5,fever/cough: government dispensary,byte,H32C_5,"{""0"": ""no"", ""1"": ""yes""}"
h32c_6,fever/cough: government dispensary,byte,H32C_6,"{""0"": ""no"", ""1"": ""yes""}"
h32d_1,fever/cough: uhc / uhp / ufwc,byte,H32D_1,"{""0"": ""no"", ""1"": ""yes""}"
h32d_2,fever/cough: uhc / uhp / ufwc,byte,H32D_2,"{""0"": ""no"", ""1"": ""yes""}"
h32d_3,fever/cough: uhc / uhp / ufwc,byte,H32D_3,"{""0"": ""no"", ""1"": ""yes""}"
h32d_4,fever/cough: uhc / uhp / ufwc,byte,H32D_4,"{""0"": ""no"", ""1"": ""yes""}"
h32d_5,fever/cough: uhc / uhp / ufwc,byte,H32D_5,"{""0"": ""no"", ""1"": ""yes""}"
h32d_6,fever/cough: uhc / uhp / ufwc,byte,H32D_6,"{""0"": ""no"", ""1"": ""yes""}"
h32e_1,fever/cough: chc / rural hospital /block phc,byte,H32E_1,"{""0"": ""no"", ""1"": ""yes""}"
h32e_2,fever/cough: chc / rural hospital /block phc,byte,H32E_2,"{""0"": ""no"", ""1"": ""yes""}"
h32e_3,fever/cough: chc / rural hospital /block phc,byte,H32E_3,"{""0"": ""no"", ""1"": ""yes""}"
h32e_4,fever/cough: chc / rural hospital /block phc,byte,H32E_4,"{""0"": ""no"", ""1"": ""yes""}"
h32e_5,fever/cough: chc / rural hospital /block phc,byte,H32E_5,"{""0"": ""no"", ""1"": ""yes""}"
h32e_6,fever/cough: chc / rural hospital /block phc,byte,H32E_6,"{""0"": ""no"", ""1"": ""yes""}"
h32f_1,fever/cough: phc / additional phc,byte,H32F_1,"{""0"": ""no"", ""1"": ""yes""}"
h32f_2,fever/cough: phc / additional phc,byte,H32F_2,"{""0"": ""no"", ""1"": ""yes""}"
h32f_3,fever/cough: phc / additional phc,byte,H32F_3,"{""0"": ""no"", ""1"": ""yes""}"
h32f_4,fever/cough: phc / additional phc,byte,H32F_4,"{""0"": ""no"", ""1"": ""yes""}"
h32f_5,fever/cough: phc / additional phc,byte,H32F_5,"{""0"": ""no"", ""1"": ""yes""}"
h32f_6,fever/cough: phc / additional phc,byte,H32F_6,"{""0"": ""no"", ""1"": ""yes""}"
h32g_1,fever/cough: sub-center / anm,byte,H32G_1,"{""0"": ""no"", ""1"": ""yes""}"
h32g_2,fever/cough: sub-center / anm,byte,H32G_2,"{""0"": ""no"", ""1"": ""yes""}"
h32g_3,fever/cough: sub-center / anm,byte,H32G_3,"{""0"": ""no"", ""1"": ""yes""}"
h32g_4,fever/cough: sub-center / anm,byte,H32G_4,"{""0"": ""no"", ""1"": ""yes""}"
h32g_5,fever/cough: sub-center / anm,byte,H32G_5,"{""0"": ""no"", ""1"": ""yes""}"
h32g_6,fever/cough: sub-center / anm,byte,H32G_6,"{""0"": ""no"", ""1"": ""yes""}"
h32h_1,fever/cough: government mobile clinic,byte,H32H_1,"{""0"": ""no"", ""1"": ""yes""}"
h32h_2,fever/cough: government mobile clinic,byte,H32H_2,"{""0"": ""no"", ""1"": ""yes""}"
h32h_3,fever/cough: government mobile clinic,byte,H32H_3,"{""0"": ""no"", ""1"": ""yes""}"
h32h_4,fever/cough: government mobile clinic,byte,H32H_4,"{""0"": ""no"", ""1"": ""yes""}"
h32h_5,fever/cough: government mobile clinic,byte,H32H_5,"{""0"": ""no"", ""1"": ""yes""}"
h32h_6,fever/cough: government mobile clinic,byte,H32H_6,"{""0"": ""no"", ""1"": ""yes""}"
h32i_1,fever/cough: other public sector,byte,H32I_1,"{""0"": ""no"", ""1"": ""yes""}"
h32i_2,fever/cough: other public sector,byte,H32I_2,"{""0"": ""no"", ""1"": ""yes""}"
h32i_3,fever/cough: other public sector,byte,H32I_3,"{""0"": ""no"", ""1"": ""yes""}"
h32i_4,fever/cough: other public sector,byte,H32I_4,"{""0"": ""no"", ""1"": ""yes""}"
h32i_5,fever/cough: other public sector,byte,H32I_5,"{""0"": ""no"", ""1"": ""yes""}"
h32i_6,fever/cough: other public sector,byte,H32I_6,"{""0"": ""no"", ""1"": ""yes""}"
h32j_1,fever/cough: private hospital/ clinic,byte,H32J_1,"{""0"": ""no"", ""1"": ""yes""}"
h32j_2,fever/cough: private hospital/ clinic,byte,H32J_2,"{""0"": ""no"", ""1"": ""yes""}"
h32j_3,fever/cough: private hospital/ clinic,byte,H32J_3,"{""0"": ""no"", ""1"": ""yes""}"
h32j_4,fever/cough: private hospital/ clinic,byte,H32J_4,"{""0"": ""no"", ""1"": ""yes""}"
h32j_5,fever/cough: private hospital/ clinic,byte,H32J_5,"{""0"": ""no"", ""1"": ""yes""}"
h32j_6,fever/cough: private hospital/ clinic,byte,H32J_6,"{""0"": ""no"", ""1"": ""yes""}"
h32k_1,fever/cough: private pharmacy,byte,H32K_1,"{""0"": ""no"", ""1"": ""yes""}"
h32k_2,fever/cough: private pharmacy,byte,H32K_2,"{""0"": ""no"", ""1"": ""yes""}"
h32k_3,fever/cough: private pharmacy,byte,H32K_3,"{""0"": ""no"", ""1"": ""yes""}"
h32k_4,fever/cough: private pharmacy,byte,H32K_4,"{""0"": ""no"", ""1"": ""yes""}"
h32k_5,fever/cough: private pharmacy,byte,H32K_5,"{""0"": ""no"", ""1"": ""yes""}"
h32k_6,fever/cough: private pharmacy,byte,H32K_6,"{""0"": ""no"", ""1"": ""yes""}"
h32l_1,fever/cough: private doctor,byte,H32L_1,"{""0"": ""no"", ""1"": ""yes""}"
h32l_2,fever/cough: private doctor,byte,H32L_2,"{""0"": ""no"", ""1"": ""yes""}"
h32l_3,fever/cough: private doctor,byte,H32L_3,"{""0"": ""no"", ""1"": ""yes""}"
h32l_4,fever/cough: private doctor,byte,H32L_4,"{""0"": ""no"", ""1"": ""yes""}"
h32l_5,fever/cough: private doctor,byte,H32L_5,"{""0"": ""no"", ""1"": ""yes""}"
h32l_6,fever/cough: private doctor,byte,H32L_6,"{""0"": ""no"", ""1"": ""yes""}"
h32m_1,fever/cough: private paramedic,byte,H32M_1,"{""0"": ""no"", ""1"": ""yes""}"
h32m_2,fever/cough: private paramedic,byte,H32M_2,"{""0"": ""no"", ""1"": ""yes""}"
h32m_3,fever/cough: private paramedic,byte,H32M_3,"{""0"": ""no"", ""1"": ""yes""}"
h32m_4,fever/cough: private paramedic,byte,H32M_4,"{""0"": ""no"", ""1"": ""yes""}"
h32m_5,fever/cough: private paramedic,byte,H32M_5,"{""0"": ""no"", ""1"": ""yes""}"
h32m_6,fever/cough: private paramedic,byte,H32M_6,"{""0"": ""no"", ""1"": ""yes""}"
h32n_1,fever/cough: private ayush,byte,H32N_1,"{""0"": ""no"", ""1"": ""yes""}"
h32n_2,fever/cough: private ayush,byte,H32N_2,"{""0"": ""no"", ""1"": ""yes""}"
h32n_3,fever/cough: private ayush,byte,H32N_3,"{""0"": ""no"", ""1"": ""yes""}"
h32n_4,fever/cough: private ayush,byte,H32N_4,"{""0"": ""no"", ""1"": ""yes""}"
h32n_5,fever/cough: private ayush,byte,H32N_5,"{""0"": ""no"", ""1"": ""yes""}"
h32n_6,fever/cough: private ayush,byte,H32N_6,"{""0"": ""no"", ""1"": ""yes""}"
h32o_1,na - fever/cough: cs private medical,byte,H32O_1,"{""0"": ""no"", ""1"": ""yes""}"
h32o_2,na - fever/cough: cs private medical,byte,H32O_2,"{""0"": ""no"", ""1"": ""yes""}"
h32o_3,na - fever/cough: cs private medical,byte,H32O_3,"{""0"": ""no"", ""1"": ""yes""}"
h32o_4,na - fever/cough: cs private medical,byte,H32O_4,"{""0"": ""no"", ""1"": ""yes""}"
h32o_5,na - fever/cough: cs private medical,byte,H32O_5,"{""0"": ""no"", ""1"": ""yes""}"
h32o_6,na - fever/cough: cs private medical,byte,H32O_6,"{""0"": ""no"", ""1"": ""yes""}"
h32p_1,na - fever/cough: cs private medical,byte,H32P_1,"{""0"": ""no"", ""1"": ""yes""}"
h32p_2,na - fever/cough: cs private medical,byte,H32P_2,"{""0"": ""no"", ""1"": ""yes""}"
h32p_3,na - fever/cough: cs private medical,byte,H32P_3,"{""0"": ""no"", ""1"": ""yes""}"
h32p_4,na - fever/cough: cs private medical,byte,H32P_4,"{""0"": ""no"", ""1"": ""yes""}"
h32p_5,na - fever/cough: cs private medical,byte,H32P_5,"{""0"": ""no"", ""1"": ""yes""}"
h32p_6,na - fever/cough: cs private medical,byte,H32P_6,"{""0"": ""no"", ""1"": ""yes""}"
h32q_1,na - fever/cough: cs private medical,byte,H32Q_1,"{""0"": ""no"", ""1"": ""yes""}"
h32q_2,na - fever/cough: cs private medical,byte,H32Q_2,"{""0"": ""no"", ""1"": ""yes""}"
h32q_3,na - fever/cough: cs private medical,byte,H32Q_3,"{""0"": ""no"", ""1"": ""yes""}"
h32q_4,na - fever/cough: cs private medical,byte,H32Q_4,"{""0"": ""no"", ""1"": ""yes""}"
h32q_5,na - fever/cough: cs private medical,byte,H32Q_5,"{""0"": ""no"", ""1"": ""yes""}"
h32q_6,na - fever/cough: cs private medical,byte,H32Q_6,"{""0"": ""no"", ""1"": ""yes""}"
h32r_1,fever/cough: other private health,byte,H32R_1,"{""0"": ""no"", ""1"": ""yes""}"
h32r_2,fever/cough: other private health,byte,H32R_2,"{""0"": ""no"", ""1"": ""yes""}"
h32r_3,fever/cough: other private health,byte,H32R_3,"{""0"": ""no"", ""1"": ""yes""}"
h32r_4,fever/cough: other private health,byte,H32R_4,"{""0"": ""no"", ""1"": ""yes""}"
h32r_5,fever/cough: other private health,byte,H32R_5,"{""0"": ""no"", ""1"": ""yes""}"
h32r_6,fever/cough: other private health,byte,H32R_6,"{""0"": ""no"", ""1"": ""yes""}"
h32s_1,fever/cough: shop,byte,H32S_1,"{""0"": ""no"", ""1"": ""yes""}"
h32s_2,fever/cough: shop,byte,H32S_2,"{""0"": ""no"", ""1"": ""yes""}"
h32s_3,fever/cough: shop,byte,H32S_3,"{""0"": ""no"", ""1"": ""yes""}"
h32s_4,fever/cough: shop,byte,H32S_4,"{""0"": ""no"", ""1"": ""yes""}"
h32s_5,fever/cough: shop,byte,H32S_5,"{""0"": ""no"", ""1"": ""yes""}"
h32s_6,fever/cough: shop,byte,H32S_6,"{""0"": ""no"", ""1"": ""yes""}"
h32t_1,fever/cough: traditional healer,byte,H32T_1,"{""0"": ""no"", ""1"": ""yes""}"
h32t_2,fever/cough: traditional healer,byte,H32T_2,"{""0"": ""no"", ""1"": ""yes""}"
h32t_3,fever/cough: traditional healer,byte,H32T_3,"{""0"": ""no"", ""1"": ""yes""}"
h32t_4,fever/cough: traditional healer,byte,H32T_4,"{""0"": ""no"", ""1"": ""yes""}"
h32t_5,fever/cough: traditional healer,byte,H32T_5,"{""0"": ""no"", ""1"": ""yes""}"
h32t_6,fever/cough: traditional healer,byte,H32T_6,"{""0"": ""no"", ""1"": ""yes""}"
h32u_1,fever/cough: friend / relative,byte,H32U_1,"{""0"": ""no"", ""1"": ""yes""}"
h32u_2,fever/cough: friend / relative,byte,H32U_2,"{""0"": ""no"", ""1"": ""yes""}"
h32u_3,fever/cough: friend / relative,byte,H32U_3,"{""0"": ""no"", ""1"": ""yes""}"
h32u_4,fever/cough: friend / relative,byte,H32U_4,"{""0"": ""no"", ""1"": ""yes""}"
h32u_5,fever/cough: friend / relative,byte,H32U_5,"{""0"": ""no"", ""1"": ""yes""}"
h32u_6,fever/cough: friend / relative,byte,H32U_6,"{""0"": ""no"", ""1"": ""yes""}"
h32v_1,fever/cough: ngo or trust hospital / clinic,byte,H32V_1,"{""0"": ""no"", ""1"": ""yes""}"
h32v_2,fever/cough: ngo or trust hospital / clinic,byte,H32V_2,"{""0"": ""no"", ""1"": ""yes""}"
h32v_3,fever/cough: ngo or trust hospital / clinic,byte,H32V_3,"{""0"": ""no"", ""1"": ""yes""}"
h32v_4,fever/cough: ngo or trust hospital / clinic,byte,H32V_4,"{""0"": ""no"", ""1"": ""yes""}"
h32v_5,fever/cough: ngo or trust hospital / clinic,byte,H32V_5,"{""0"": ""no"", ""1"": ""yes""}"
h32v_6,fever/cough: ngo or trust hospital / clinic,byte,H32V_6,"{""0"": ""no"", ""1"": ""yes""}"
h32w_1,fever/cough: public camp,byte,H32W_1,"{""0"": ""no"", ""1"": ""yes""}"
h32w_2,fever/cough: public camp,byte,H32W_2,"{""0"": ""no"", ""1"": ""yes""}"
h32w_3,fever/cough: public camp,byte,H32W_3,"{""0"": ""no"", ""1"": ""yes""}"
h32w_4,fever/cough: public camp,byte,H32W_4,"{""0"": ""no"", ""1"": ""yes""}"
h32w_5,fever/cough: public camp,byte,H32W_5,"{""0"": ""no"", ""1"": ""yes""}"
h32w_6,fever/cough: public camp,byte,H32W_6,"{""0"": ""no"", ""1"": ""yes""}"
h32x_1,fever/cough: other,byte,H32X_1,"{""0"": ""no"", ""1"": ""yes""}"
h32x_2,fever/cough: other,byte,H32X_2,"{""0"": ""no"", ""1"": ""yes""}"
h32x_3,fever/cough: other,byte,H32X_3,"{""0"": ""no"", ""1"": ""yes""}"
h32x_4,fever/cough: other,byte,H32X_4,"{""0"": ""no"", ""1"": ""yes""}"
h32x_5,fever/cough: other,byte,H32X_5,"{""0"": ""no"", ""1"": ""yes""}"
h32x_6,fever/cough: other,byte,H32X_6,"{""0"": ""no"", ""1"": ""yes""}"
h32y_1,fever/cough: no treatment,byte,H32Y_1,"{""0"": ""no: received treatment"", ""1"": ""yes: no treatment""}"
h32y_2,fever/cough: no treatment,byte,H32Y_2,"{""0"": ""no: received treatment"", ""1"": ""yes: no treatment""}"
h32y_3,fever/cough: no treatment,byte,H32Y_3,"{""0"": ""no: received treatment"", ""1"": ""yes: no treatment""}"
h32y_4,fever/cough: no treatment,byte,H32Y_4,"{""0"": ""no: received treatment"", ""1"": ""yes: no treatment""}"
h32y_5,fever/cough: no treatment,byte,H32Y_5,"{""0"": ""no: received treatment"", ""1"": ""yes: no treatment""}"
h32y_6,fever/cough: no treatment,byte,H32Y_6,"{""0"": ""no: received treatment"", ""1"": ""yes: no treatment""}"
h32z_1,fever/cough: medical treatment,byte,H32Z_1,"{""0"": ""no"", ""1"": ""yes""}"
h32z_2,fever/cough: medical treatment,byte,H32Z_2,"{""0"": ""no"", ""1"": ""yes""}"
h32z_3,fever/cough: medical treatment,byte,H32Z_3,"{""0"": ""no"", ""1"": ""yes""}"
h32z_4,fever/cough: medical treatment,byte,H32Z_4,"{""0"": ""no"", ""1"": ""yes""}"
h32z_5,fever/cough: medical treatment,byte,H32Z_5,"{""0"": ""no"", ""1"": ""yes""}"
h32z_6,fever/cough: medical treatment,byte,H32Z_6,"{""0"": ""no"", ""1"": ""yes""}"
h33_1,received vitamin a1 (most recent),byte,H33_1,"{""0"": ""no"", ""1"": ""vaccination date on card"", ""2"": ""reported by mother"", ""3"": ""vaccination marked on card"", ""8"": ""don't know""}"
h33_2,received vitamin a1 (most recent),byte,H33_2,"{""0"": ""no"", ""1"": ""vaccination date on card"", ""2"": ""reported by mother"", ""3"": ""vaccination marked on card"", ""8"": ""don't know""}"
h33_3,received vitamin a1 (most recent),byte,H33_3,"{""0"": ""no"", ""1"": ""vaccination date on card"", ""2"": ""reported by mother"", ""3"": ""vaccination marked on card"", ""8"": ""don't know""}"
h33_4,received vitamin a1 (most recent),byte,H33_4,"{""0"": ""no"", ""1"": ""vaccination date on card"", ""2"": ""reported by mother"", ""3"": ""vaccination marked on card"", ""8"": ""don't know""}"
h33_5,received vitamin a1 (most recent),byte,H33_5,"{""0"": ""no"", ""1"": ""vaccination date on card"", ""2"": ""reported by mother"", ""3"": ""vaccination marked on card"", ""8"": ""don't know""}"
h33_6,received vitamin a1 (most recent),byte,H33_6,"{""0"": ""no"", ""1"": ""vaccination date on card"", ""2"": ""reported by mother"", ""3"": ""vaccination marked on card"", ""8"": ""don't know""}"
h33d_1,vitamin a1 day,byte,H33D_1,"{""97"": ""inconsistent"", ""98"": ""don't know""}"
h33d_2,vitamin a1 day,byte,H33D_2,"{""97"": ""inconsistent"", ""98"": ""don't know""}"
h33d_3,vitamin a1 day,byte,H33D_3,"{""97"": ""inconsistent"", ""98"": ""don't know""}"
h33d_4,vitamin a1 day,byte,H33D_4,"{""97"": ""inconsistent"", ""98"": ""don't know""}"
h33d_5,vitamin a1 day,byte,H33D_5,"{""97"": ""inconsistent"", ""98"": ""don't know""}"
h33d_6,vitamin a1 day,byte,H33D_6,"{""97"": ""inconsistent"", ""98"": ""don't know""}"
h33m_1,vitamin a1 month,byte,H33M_1,"{""97"": ""inconsistent"", ""98"": ""don't know""}"
h33m_2,vitamin a1 month,byte,H33M_2,"{""97"": ""inconsistent"", ""98"": ""don't know""}"
h33m_3,vitamin a1 month,byte,H33M_3,"{""97"": ""inconsistent"", ""98"": ""don't know""}"
h33m_4,vitamin a1 month,byte,H33M_4,"{""97"": ""inconsistent"", ""98"": ""don't know""}"
h33m_5,vitamin a1 month,byte,H33M_5,"{""97"": ""inconsistent"", ""98"": ""don't know""}"
h33m_6,vitamin a1 month,byte,H33M_6,"{""97"": ""inconsistent"", ""98"": ""don't know""}"
h33y_1,vitamin a1 year,int,H33Y_1,"{""9997"": ""inconsistent"", ""9998"": ""don't know""}"
h33y_2,vitamin a1 year,int,H33Y_2,"{""9997"": ""inconsistent"", ""9998"": ""don't know""}"
h33y_3,vitamin a1 year,int,H33Y_3,"{""9997"": ""inconsistent"", ""9998"": ""don't know""}"
h33y_4,vitamin a1 year,int,H33Y_4,"{""9997"": ""inconsistent"", ""9998"": ""don't know""}"
h33y_5,vitamin a1 year,byte,H33Y_5,"{""9997"": ""inconsistent"", ""9998"": ""don't know""}"
h33y_6,vitamin a1 year,byte,H33Y_6,"{""9997"": ""inconsistent"", ""9998"": ""don't know""}"
h34_1,vitamin a in last 6 months,byte,H34_1,"{""0"": ""no"", ""1"": ""yes"", ""8"": ""don't know""}"
h34_2,vitamin a in last 6 months,byte,H34_2,"{""0"": ""no"", ""1"": ""yes"", ""8"": ""don't know""}"
h34_3,vitamin a in last 6 months,byte,H34_3,"{""0"": ""no"", ""1"": ""yes"", ""8"": ""don't know""}"
h34_4,vitamin a in last 6 months,byte,H34_4,"{""0"": ""no"", ""1"": ""yes"", ""8"": ""don't know""}"
h34_5,vitamin a in last 6 months,byte,H34_5,"{""0"": ""no"", ""1"": ""yes"", ""8"": ""don't know""}"
h34_6,vitamin a in last 6 months,byte,H34_6,"{""0"": ""no"", ""1"": ""yes"", ""8"": ""don't know""}"
h35_1,na - any vaccinations in last 2 years part of campaign,byte,H35_1,"{""0"": ""no"", ""1"": ""yes"", ""2"": ""no vaccination in last 2 years"", ""8"": ""don't know""}"
h35_2,na - any vaccinations in last 2 years part of campaign,byte,H35_2,"{""0"": ""no"", ""1"": ""yes"", ""2"": ""no vaccination in last 2 years"", ""8"": ""don't know""}"
h35_3,na - any vaccinations in last 2 years part of campaign,byte,H35_3,"{""0"": ""no"", ""1"": ""yes"", ""2"": ""no vaccination in last 2 years"", ""8"": ""don't know""}"
h35_4,na - any vaccinations in last 2 years part of campaign,byte,H35_4,"{""0"": ""no"", ""1"": ""yes"", ""2"": ""no vaccination in last 2 years"", ""8"": ""don't know""}"
h35_5,na - any vaccinations in last 2 years part of campaign,byte,H35_5,"{""0"": ""no"", ""1"": ""yes"", ""2"": ""no vaccination in last 2 years"", ""8"": ""don't know""}"
h35_6,na - any vaccinations in last 2 years part of campaign,byte,H35_6,"{""0"": ""no"", ""1"": ""yes"", ""2"": ""no vaccination in last 2 years"", ""8"": ""don't know""}"
h36a_1,na - vaccinated during campaign a,byte,H36A_1,"{""0"": ""no"", ""1"": ""yes"", ""8"": ""don't know""}"
h36a_2,na - vaccinated during campaign a,byte,H36A_2,"{""0"": ""no"", ""1"": ""yes"", ""8"": ""don't know""}"
h36a_3,na - vaccinated during campaign a,byte,H36A_3,"{""0"": ""no"", ""1"": ""yes"", ""8"": ""don't know""}"
h36a_4,na - vaccinated during campaign a,byte,H36A_4,"{""0"": ""no"", ""1"": ""yes"", ""8"": ""don't know""}"
h36a_5,na - vaccinated during campaign a,byte,H36A_5,"{""0"": ""no"", ""1"": ""yes"", ""8"": ""don't know""}"
h36a_6,na - vaccinated during campaign a,byte,H36A_6,"{""0"": ""no"", ""1"": ""yes"", ""8"": ""don't know""}"
h36b_1,na - vaccinated during campaign b,byte,H36B_1,"{""0"": ""no"", ""1"": ""yes"", ""8"": ""don't know""}"
h36b_2,na - vaccinated during campaign b,byte,H36B_2,"{""0"": ""no"", ""1"": ""yes"", ""8"": ""don't know""}"
h36b_3,na - vaccinated during campaign b,byte,H36B_3,"{""0"": ""no"", ""1"": ""yes"", ""8"": ""don't know""}"
h36b_4,na - vaccinated during campaign b,byte,H36B_4,"{""0"": ""no"", ""1"": ""yes"", ""8"": ""don't know""}"
h36b_5,na - vaccinated during campaign b,byte,H36B_5,"{""0"": ""no"", ""1"": ""yes"", ""8"": ""don't know""}"
h36b_6,na - vaccinated during campaign b,byte,H36B_6,"{""0"": ""no"", ""1"": ""yes"", ""8"": ""don't know""}"
h36c_1,na - vaccinated during campaign c,byte,H36C_1,"{""0"": ""no"", ""1"": ""yes"", ""8"": ""don't know""}"
h36c_2,na - vaccinated during campaign c,byte,H36C_2,"{""0"": ""no"", ""1"": ""yes"", ""8"": ""don't know""}"
h36c_3,na - vaccinated during campaign c,byte,H36C_3,"{""0"": ""no"", ""1"": ""yes"", ""8"": ""don't know""}"
h36c_4,na - vaccinated during campaign c,byte,H36C_4,"{""0"": ""no"", ""1"": ""yes"", ""8"": ""don't know""}"
h36c_5,na - vaccinated during campaign c,byte,H36C_5,"{""0"": ""no"", ""1"": ""yes"", ""8"": ""don't know""}"
h36c_6,na - vaccinated during campaign c,byte,H36C_6,"{""0"": ""no"", ""1"": ""yes"", ""8"": ""don't know""}"
h36d_1,na - vaccinated during campaign d,byte,H36D_1,"{""0"": ""no"", ""1"": ""yes"", ""8"": ""don't know""}"
h36d_2,na - vaccinated during campaign d,byte,H36D_2,"{""0"": ""no"", ""1"": ""yes"", ""8"": ""don't know""}"
h36d_3,na - vaccinated during campaign d,byte,H36D_3,"{""0"": ""no"", ""1"": ""yes"", ""8"": ""don't know""}"
h36d_4,na - vaccinated during campaign d,byte,H36D_4,"{""0"": ""no"", ""1"": ""yes"", ""8"": ""don't know""}"
h36d_5,na - vaccinated during campaign d,byte,H36D_5,"{""0"": ""no"", ""1"": ""yes"", ""8"": ""don't know""}"
h36d_6,na - vaccinated during campaign d,byte,H36D_6,"{""0"": ""no"", ""1"": ""yes"", ""8"": ""don't know""}"
h36e_1,na - vaccinated during campaign e,byte,H36E_1,"{""0"": ""no"", ""1"": ""yes"", ""8"": ""don't know""}"
h36e_2,na - vaccinated during campaign e,byte,H36E_2,"{""0"": ""no"", ""1"": ""yes"", ""8"": ""don't know""}"
h36e_3,na - vaccinated during campaign e,byte,H36E_3,"{""0"": ""no"", ""1"": ""yes"", ""8"": ""don't know""}"
h36e_4,na - vaccinated during campaign e,byte,H36E_4,"{""0"": ""no"", ""1"": ""yes"", ""8"": ""don't know""}"
h36e_5,na - vaccinated during campaign e,byte,H36E_5,"{""0"": ""no"", ""1"": ""yes"", ""8"": ""don't know""}"
h36e_6,na - vaccinated during campaign e,byte,H36E_6,"{""0"": ""no"", ""1"": ""yes"", ""8"": ""don't know""}"
h36f_1,na - vaccinated during campaign f,byte,H36F_1,"{""0"": ""no"", ""1"": ""yes"", ""8"": ""don't know""}"
h36f_2,na - vaccinated during campaign f,byte,H36F_2,"{""0"": ""no"", ""1"": ""yes"", ""8"": ""don't know""}"
h36f_3,na - vaccinated during campaign f,byte,H36F_3,"{""0"": ""no"", ""1"": ""yes"", ""8"": ""don't know""}"
h36f_4,na - vaccinated during campaign f,byte,H36F_4,"{""0"": ""no"", ""1"": ""yes"", ""8"": ""don't know""}"
h36f_5,na - vaccinated during campaign f,byte,H36F_5,"{""0"": ""no"", ""1"": ""yes"", ""8"": ""don't know""}"
h36f_6,na - vaccinated during campaign f,byte,H36F_6,"{""0"": ""no"", ""1"": ""yes"", ""8"": ""don't know""}"
h37a_1,na - sp/fansidar taken for fever,byte,H37A_1,"{""0"": ""no"", ""1"": ""yes""}"
h37a_2,na - sp/fansidar taken for fever,byte,H37A_2,"{""0"": ""no"", ""1"": ""yes""}"
h37a_3,na - sp/fansidar taken for fever,byte,H37A_3,"{""0"": ""no"", ""1"": ""yes""}"
h37a_4,na - sp/fansidar taken for fever,byte,H37A_4,"{""0"": ""no"", ""1"": ""yes""}"
h37a_5,na - sp/fansidar taken for fever,byte,H37A_5,"{""0"": ""no"", ""1"": ""yes""}"
h37a_6,na - sp/fansidar taken for fever,byte,H37A_6,"{""0"": ""no"", ""1"": ""yes""}"
h37aa_1,na - artesunate rectal taken for fever,byte,H37AA_1,"{""0"": ""no"", ""1"": ""yes""}"
h37aa_2,na - artesunate rectal taken for fever,byte,H37AA_2,"{""0"": ""no"", ""1"": ""yes""}"
h37aa_3,na - artesunate rectal taken for fever,byte,H37AA_3,"{""0"": ""no"", ""1"": ""yes""}"
h37aa_4,na - artesunate rectal taken for fever,byte,H37AA_4,"{""0"": ""no"", ""1"": ""yes""}"
h37aa_5,na - artesunate rectal taken for fever,byte,H37AA_5,"{""0"": ""no"", ""1"": ""yes""}"
h37aa_6,na - artesunate rectal taken for fever,byte,H37AA_6,"{""0"": ""no"", ""1"": ""yes""}"
h37ab_1,na - artesunate injection/iv taken for fever,byte,H37AB_1,"{""0"": ""no"", ""1"": ""yes""}"
h37ab_2,na - artesunate injection/iv taken for fever,byte,H37AB_2,"{""0"": ""no"", ""1"": ""yes""}"
h37ab_3,na - artesunate injection/iv taken for fever,byte,H37AB_3,"{""0"": ""no"", ""1"": ""yes""}"
h37ab_4,na - artesunate injection/iv taken for fever,byte,H37AB_4,"{""0"": ""no"", ""1"": ""yes""}"
h37ab_5,na - artesunate injection/iv taken for fever,byte,H37AB_5,"{""0"": ""no"", ""1"": ""yes""}"
h37ab_6,na - artesunate injection/iv taken for fever,byte,H37AB_6,"{""0"": ""no"", ""1"": ""yes""}"
h37b_1,na - chloroquine taken for fever,byte,H37B_1,"{""0"": ""no"", ""1"": ""yes""}"
h37b_2,na - chloroquine taken for fever,byte,H37B_2,"{""0"": ""no"", ""1"": ""yes""}"
h37b_3,na - chloroquine taken for fever,byte,H37B_3,"{""0"": ""no"", ""1"": ""yes""}"
h37b_4,na - chloroquine taken for fever,byte,H37B_4,"{""0"": ""no"", ""1"": ""yes""}"
h37b_5,na - chloroquine taken for fever,byte,H37B_5,"{""0"": ""no"", ""1"": ""yes""}"
h37b_6,na - chloroquine taken for fever,byte,H37B_6,"{""0"": ""no"", ""1"": ""yes""}"
h37c_1,na - amodiaquine taken for fever,byte,H37C_1,"{""0"": ""no"", ""1"": ""yes""}"
h37c_2,na - amodiaquine taken for fever,byte,H37C_2,"{""0"": ""no"", ""1"": ""yes""}"
h37c_3,na - amodiaquine taken for fever,byte,H37C_3,"{""0"": ""no"", ""1"": ""yes""}"
h37c_4,na - amodiaquine taken for fever,byte,H37C_4,"{""0"": ""no"", ""1"": ""yes""}"
h37c_5,na - amodiaquine taken for fever,byte,H37C_5,"{""0"": ""no"", ""1"": ""yes""}"
h37c_6,na - amodiaquine taken for fever,byte,H37C_6,"{""0"": ""no"", ""1"": ""yes""}"
h37d_1,na - quinine taken for fever,byte,H37D_1,"{""0"": ""no"", ""1"": ""yes""}"
h37d_2,na - quinine taken for fever,byte,H37D_2,"{""0"": ""no"", ""1"": ""yes""}"
h37d_3,na - quinine taken for fever,byte,H37D_3,"{""0"": ""no"", ""1"": ""yes""}"
h37d_4,na - quinine taken for fever,byte,H37D_4,"{""0"": ""no"", ""1"": ""yes""}"
h37d_5,na - quinine taken for fever,byte,H37D_5,"{""0"": ""no"", ""1"": ""yes""}"
h37d_6,na - quinine taken for fever,byte,H37D_6,"{""0"": ""no"", ""1"": ""yes""}"
h37da_1,na - quinine injection/iv taken for fever,byte,H37DA_1,"{""0"": ""no"", ""1"": ""yes""}"
h37da_2,na - quinine injection/iv taken for fever,byte,H37DA_2,"{""0"": ""no"", ""1"": ""yes""}"
h37da_3,na - quinine injection/iv taken for fever,byte,H37DA_3,"{""0"": ""no"", ""1"": ""yes""}"
h37da_4,na - quinine injection/iv taken for fever,byte,H37DA_4,"{""0"": ""no"", ""1"": ""yes""}"
h37da_5,na - quinine injection/iv taken for fever,byte,H37DA_5,"{""0"": ""no"", ""1"": ""yes""}"
h37da_6,na - quinine injection/iv taken for fever,byte,H37DA_6,"{""0"": ""no"", ""1"": ""yes""}"
h37e_1,na - combination with artemisinin taken for fever,byte,H37E_1,"{""0"": ""no"", ""1"": ""yes""}"
h37e_2,na - combination with artemisinin taken for fever,byte,H37E_2,"{""0"": ""no"", ""1"": ""yes""}"
h37e_3,na - combination with artemisinin taken for fever,byte,H37E_3,"{""0"": ""no"", ""1"": ""yes""}"
h37e_4,na - combination with artemisinin taken for fever,byte,H37E_4,"{""0"": ""no"", ""1"": ""yes""}"
h37e_5,na - combination with artemisinin taken for fever,byte,H37E_5,"{""0"": ""no"", ""1"": ""yes""}"
h37e_6,na - combination with artemisinin taken for fever,byte,H37E_6,"{""0"": ""no"", ""1"": ""yes""}"
h37f_1,na - primaquine for fever,byte,H37F_1,"{""0"": ""no"", ""1"": ""yes""}"
h37f_2,na - primaquine for fever,byte,H37F_2,"{""0"": ""no"", ""1"": ""yes""}"
h37f_3,na - primaquine for fever,byte,H37F_3,"{""0"": ""no"", ""1"": ""yes""}"
h37f_4,na - primaquine for fever,byte,H37F_4,"{""0"": ""no"", ""1"": ""yes""}"
h37f_5,na - primaquine for fever,byte,H37F_5,"{""0"": ""no"", ""1"": ""yes""}"
h37f_6,na - primaquine for fever,byte,H37F_6,"{""0"": ""no"", ""1"": ""yes""}"
h37g_1,na - quinine taken for fever,byte,H37G_1,"{""0"": ""no"", ""1"": ""yes""}"
h37g_2,na - quinine taken for fever,byte,H37G_2,"{""0"": ""no"", ""1"": ""yes""}"
h37g_3,na - quinine taken for fever,byte,H37G_3,"{""0"": ""no"", ""1"": ""yes""}"
h37g_4,na - quinine taken for fever,byte,H37G_4,"{""0"": ""no"", ""1"": ""yes""}"
h37g_5,na - quinine taken for fever,byte,H37G_5,"{""0"": ""no"", ""1"": ""yes""}"
h37g_6,na - quinine taken for fever,byte,H37G_6,"{""0"": ""no"", ""1"": ""yes""}"
h37h_1,na - other antimalarial taken for fever,byte,H37H_1,"{""0"": ""no"", ""1"": ""yes""}"
h37h_2,na - other antimalarial taken for fever,byte,H37H_2,"{""0"": ""no"", ""1"": ""yes""}"
h37h_3,na - other antimalarial taken for fever,byte,H37H_3,"{""0"": ""no"", ""1"": ""yes""}"
h37h_4,na - other antimalarial taken for fever,byte,H37H_4,"{""0"": ""no"", ""1"": ""yes""}"
h37h_5,na - other antimalarial taken for fever,byte,H37H_5,"{""0"": ""no"", ""1"": ""yes""}"
h37h_6,na - other antimalarial taken for fever,byte,H37H_6,"{""0"": ""no"", ""1"": ""yes""}"
h37i_1,na - antibiotic pill/syrup taken for fever,byte,H37I_1,"{""0"": ""no"", ""1"": ""yes""}"
h37i_2,na - antibiotic pill/syrup taken for fever,byte,H37I_2,"{""0"": ""no"", ""1"": ""yes""}"
h37i_3,na - antibiotic pill/syrup taken for fever,byte,H37I_3,"{""0"": ""no"", ""1"": ""yes""}"
h37i_4,na - antibiotic pill/syrup taken for fever,byte,H37I_4,"{""0"": ""no"", ""1"": ""yes""}"
h37i_5,na - antibiotic pill/syrup taken for fever,byte,H37I_5,"{""0"": ""no"", ""1"": ""yes""}"
h37i_6,na - antibiotic pill/syrup taken for fever,byte,H37I_6,"{""0"": ""no"", ""1"": ""yes""}"
h37j_1,na - antibiotic injection taken for fever,byte,H37J_1,"{""0"": ""no"", ""1"": ""yes""}"
h37j_2,na - antibiotic injection taken for fever,byte,H37J_2,"{""0"": ""no"", ""1"": ""yes""}"
h37j_3,na - antibiotic injection taken for fever,byte,H37J_3,"{""0"": ""no"", ""1"": ""yes""}"
h37j_4,na - antibiotic injection taken for fever,byte,H37J_4,"{""0"": ""no"", ""1"": ""yes""}"
h37j_5,na - antibiotic injection taken for fever,byte,H37J_5,"{""0"": ""no"", ""1"": ""yes""}"
h37j_6,na - antibiotic injection taken for fever,byte,H37J_6,"{""0"": ""no"", ""1"": ""yes""}"
h37k_1,na - aspirin taken for fever,byte,H37K_1,"{""0"": ""no"", ""1"": ""yes""}"
h37k_2,na - aspirin taken for fever,byte,H37K_2,"{""0"": ""no"", ""1"": ""yes""}"
h37k_3,na - aspirin taken for fever,byte,H37K_3,"{""0"": ""no"", ""1"": ""yes""}"
h37k_4,na - aspirin taken for fever,byte,H37K_4,"{""0"": ""no"", ""1"": ""yes""}"
h37k_5,na - aspirin taken for fever,byte,H37K_5,"{""0"": ""no"", ""1"": ""yes""}"
h37k_6,na - aspirin taken for fever,byte,H37K_6,"{""0"": ""no"", ""1"": ""yes""}"
h37l_1,na - acetaminophen/paracetamol/panadol taken for fever,byte,H37L_1,"{""0"": ""no"", ""1"": ""yes""}"
h37l_2,na - acetaminophen/paracetamol/panadol taken for fever,byte,H37L_2,"{""0"": ""no"", ""1"": ""yes""}"
h37l_3,na - acetaminophen/paracetamol/panadol taken for fever,byte,H37L_3,"{""0"": ""no"", ""1"": ""yes""}"
h37l_4,na - acetaminophen/paracetamol/panadol taken for fever,byte,H37L_4,"{""0"": ""no"", ""1"": ""yes""}"
h37l_5,na - acetaminophen/paracetamol/panadol taken for fever,byte,H37L_5,"{""0"": ""no"", ""1"": ""yes""}"
h37l_6,na - acetaminophen/paracetamol/panadol taken for fever,byte,H37L_6,"{""0"": ""no"", ""1"": ""yes""}"
h37m_1,na - ibuprofen taken for fever,byte,H37M_1,"{""0"": ""no"", ""1"": ""yes""}"
h37m_2,na - ibuprofen taken for fever,byte,H37M_2,"{""0"": ""no"", ""1"": ""yes""}"
h37m_3,na - ibuprofen taken for fever,byte,H37M_3,"{""0"": ""no"", ""1"": ""yes""}"
h37m_4,na - ibuprofen taken for fever,byte,H37M_4,"{""0"": ""no"", ""1"": ""yes""}"
h37m_5,na - ibuprofen taken for fever,byte,H37M_5,"{""0"": ""no"", ""1"": ""yes""}"
h37m_6,na - ibuprofen taken for fever,byte,H37M_6,"{""0"": ""no"", ""1"": ""yes""}"
h37n_1,na - unknown anti-malaria taken for fever,byte,H37N_1,"{""0"": ""no"", ""1"": ""yes""}"
h37n_2,na - unknown anti-malaria taken for fever,byte,H37N_2,"{""0"": ""no"", ""1"": ""yes""}"
h37n_3,na - unknown anti-malaria taken for fever,byte,H37N_3,"{""0"": ""no"", ""1"": ""yes""}"
h37n_4,na - unknown anti-malaria taken for fever,byte,H37N_4,"{""0"": ""no"", ""1"": ""yes""}"
h37n_5,na - unknown anti-malaria taken for fever,byte,H37N_5,"{""0"": ""no"", ""1"": ""yes""}"
h37n_6,na - unknown anti-malaria taken for fever,byte,H37N_6,"{""0"": ""no"", ""1"": ""yes""}"
h37o_1,na - antibiotic for fever/cough,byte,H37O_1,"{""0"": ""no"", ""1"": ""yes""}"
h37o_2,na - antibiotic for fever/cough,byte,H37O_2,"{""0"": ""no"", ""1"": ""yes""}"
h37o_3,na - antibiotic for fever/cough,byte,H37O_3,"{""0"": ""no"", ""1"": ""yes""}"
h37o_4,na - antibiotic for fever/cough,byte,H37O_4,"{""0"": ""no"", ""1"": ""yes""}"
h37o_5,na - antibiotic for fever/cough,byte,H37O_5,"{""0"": ""no"", ""1"": ""yes""}"
h37o_6,na - antibiotic for fever/cough,byte,H37O_6,"{""0"": ""no"", ""1"": ""yes""}"
h37p_1,na - cs other for fever/cough,byte,H37P_1,"{""0"": ""no"", ""1"": ""yes""}"
h37p_2,na - cs other for fever/cough,byte,H37P_2,"{""0"": ""no"", ""1"": ""yes""}"
h37p_3,na - cs other for fever/cough,byte,H37P_3,"{""0"": ""no"", ""1"": ""yes""}"
h37p_4,na - cs other for fever/cough,byte,H37P_4,"{""0"": ""no"", ""1"": ""yes""}"
h37p_5,na - cs other for fever/cough,byte,H37P_5,"{""0"": ""no"", ""1"": ""yes""}"
h37p_6,na - cs other for fever/cough,byte,H37P_6,"{""0"": ""no"", ""1"": ""yes""}"
h37x_1,na - other taken for fever,byte,H37X_1,"{""0"": ""no"", ""1"": ""yes""}"
h37x_2,na - other taken for fever,byte,H37X_2,"{""0"": ""no"", ""1"": ""yes""}"
h37x_3,na - other taken for fever,byte,H37X_3,"{""0"": ""no"", ""1"": ""yes""}"
h37x_4,na - other taken for fever,byte,H37X_4,"{""0"": ""no"", ""1"": ""yes""}"
h37x_5,na - other taken for fever,byte,H37X_5,"{""0"": ""no"", ""1"": ""yes""}"
h37x_6,na - other taken for fever,byte,H37X_6,"{""0"": ""no"", ""1"": ""yes""}"
h37y_1,na - nothing taken and didn't seek treatment for fever/cough,byte,H37Y_1,"{""0"": ""no"", ""1"": ""yes, nothing taken""}"
h37y_2,na - nothing taken and didn't seek treatment for fever/cough,byte,H37Y_2,"{""0"": ""no"", ""1"": ""yes, nothing taken""}"
h37y_3,na - nothing taken and didn't seek treatment for fever/cough,byte,H37Y_3,"{""0"": ""no"", ""1"": ""yes, nothing taken""}"
h37y_4,na - nothing taken and didn't seek treatment for fever/cough,byte,H37Y_4,"{""0"": ""no"", ""1"": ""yes, nothing taken""}"
h37y_5,na - nothing taken and didn't seek treatment for fever/cough,byte,H37Y_5,"{""0"": ""no"", ""1"": ""yes, nothing taken""}"
h37y_6,na - nothing taken and didn't seek treatment for fever/cough,byte,H37Y_6,"{""0"": ""no"", ""1"": ""yes, nothing taken""}"
h37z_1,na - don't know if or what was taken for fever,byte,H37Z_1,"{""0"": ""no"", ""1"": ""yes, don't know""}"
h37z_2,na - don't know if or what was taken for fever,byte,H37Z_2,"{""0"": ""no"", ""1"": ""yes, don't know""}"
h37z_3,na - don't know if or what was taken for fever,byte,H37Z_3,"{""0"": ""no"", ""1"": ""yes, don't know""}"
h37z_4,na - don't know if or what was taken for fever,byte,H37Z_4,"{""0"": ""no"", ""1"": ""yes, don't know""}"
h37z_5,na - don't know if or what was taken for fever,byte,H37Z_5,"{""0"": ""no"", ""1"": ""yes, don't know""}"
h37z_6,na - don't know if or what was taken for fever,byte,H37Z_6,"{""0"": ""no"", ""1"": ""yes, don't know""}"
h38_1,diarrhea in last 2 weeks: amount offered to drink,byte,H38_1,"{""0"": ""nothing to drink"", ""2"": ""much less"", ""3"": ""somewhat less"", ""4"": ""about the same"", ""5"": ""more"", ""8"": ""don't know""}"
h38_2,diarrhea in last 2 weeks: amount offered to drink,byte,H38_2,"{""0"": ""nothing to drink"", ""2"": ""much less"", ""3"": ""somewhat less"", ""4"": ""about the same"", ""5"": ""more"", ""8"": ""don't know""}"
h38_3,diarrhea in last 2 weeks: amount offered to drink,byte,H38_3,"{""0"": ""nothing to drink"", ""2"": ""much less"", ""3"": ""somewhat less"", ""4"": ""about the same"", ""5"": ""more"", ""8"": ""don't know""}"
h38_4,diarrhea in last 2 weeks: amount offered to drink,byte,H38_4,"{""0"": ""nothing to drink"", ""2"": ""much less"", ""3"": ""somewhat less"", ""4"": ""about the same"", ""5"": ""more"", ""8"": ""don't know""}"
h38_5,diarrhea in last 2 weeks: amount offered to drink,byte,H38_5,"{""0"": ""nothing to drink"", ""2"": ""much less"", ""3"": ""somewhat less"", ""4"": ""about the same"", ""5"": ""more"", ""8"": ""don't know""}"
h38_6,diarrhea in last 2 weeks: amount offered to drink,byte,H38_6,"{""0"": ""nothing to drink"", ""2"": ""much less"", ""3"": ""somewhat less"", ""4"": ""about the same"", ""5"": ""more"", ""8"": ""don't know""}"
h39_1,diarrhea in last 2 weeks: amount offered to eat,byte,H39_1,"{""0"": ""stopped food"", ""1"": ""never gave food"", ""2"": ""much less"", ""3"": ""somewhat less"", ""4"": ""about the same"", ""5"": ""more"", ""8"": ""don't know""}"
h39_2,diarrhea in last 2 weeks: amount offered to eat,byte,H39_2,"{""0"": ""stopped food"", ""1"": ""never gave food"", ""2"": ""much less"", ""3"": ""somewhat less"", ""4"": ""about the same"", ""5"": ""more"", ""8"": ""don't know""}"
h39_3,diarrhea in last 2 weeks: amount offered to eat,byte,H39_3,"{""0"": ""stopped food"", ""1"": ""never gave food"", ""2"": ""much less"", ""3"": ""somewhat less"", ""4"": ""about the same"", ""5"": ""more"", ""8"": ""don't know""}"
h39_4,diarrhea in last 2 weeks: amount offered to eat,byte,H39_4,"{""0"": ""stopped food"", ""1"": ""never gave food"", ""2"": ""much less"", ""3"": ""somewhat less"", ""4"": ""about the same"", ""5"": ""more"", ""8"": ""don't know""}"
h39_5,diarrhea in last 2 weeks: amount offered to eat,byte,H39_5,"{""0"": ""stopped food"", ""1"": ""never gave food"", ""2"": ""much less"", ""3"": ""somewhat less"", ""4"": ""about the same"", ""5"": ""more"", ""8"": ""don't know""}"
h39_6,diarrhea in last 2 weeks: amount offered to eat,byte,H39_6,"{""0"": ""stopped food"", ""1"": ""never gave food"", ""2"": ""much less"", ""3"": ""somewhat less"", ""4"": ""about the same"", ""5"": ""more"", ""8"": ""don't know""}"
h40_1,received vitamin a2 (2nd most recent),byte,H40_1,"{""0"": ""no"", ""1"": ""vaccination date on card"", ""2"": ""reported by mother"", ""3"": ""vaccination marked on card"", ""8"": ""don't know""}"
h40_2,received vitamin a2 (2nd most recent),byte,H40_2,"{""0"": ""no"", ""1"": ""vaccination date on card"", ""2"": ""reported by mother"", ""3"": ""vaccination marked on card"", ""8"": ""don't know""}"
h40_3,received vitamin a2 (2nd most recent),byte,H40_3,"{""0"": ""no"", ""1"": ""vaccination date on card"", ""2"": ""reported by mother"", ""3"": ""vaccination marked on card"", ""8"": ""don't know""}"
h40_4,received vitamin a2 (2nd most recent),byte,H40_4,"{""0"": ""no"", ""1"": ""vaccination date on card"", ""2"": ""reported by mother"", ""3"": ""vaccination marked on card"", ""8"": ""don't know""}"
h40_5,received vitamin a2 (2nd most recent),byte,H40_5,"{""0"": ""no"", ""1"": ""vaccination date on card"", ""2"": ""reported by mother"", ""3"": ""vaccination marked on card"", ""8"": ""don't know""}"
h40_6,received vitamin a2 (2nd most recent),byte,H40_6,"{""0"": ""no"", ""1"": ""vaccination date on card"", ""2"": ""reported by mother"", ""3"": ""vaccination marked on card"", ""8"": ""don't know""}"
h40d_1,vitamin a2 day,byte,H40D_1,"{""97"": ""inconsistent"", ""98"": ""don't know""}"
h40d_2,vitamin a2 day,byte,H40D_2,"{""97"": ""inconsistent"", ""98"": ""don't know""}"
h40d_3,vitamin a2 day,byte,H40D_3,"{""97"": ""inconsistent"", ""98"": ""don't know""}"
h40d_4,vitamin a2 day,byte,H40D_4,"{""97"": ""inconsistent"", ""98"": ""don't know""}"
h40d_5,vitamin a2 day,byte,H40D_5,"{""97"": ""inconsistent"", ""98"": ""don't know""}"
h40d_6,vitamin a2 day,byte,H40D_6,"{""97"": ""inconsistent"", ""98"": ""don't know""}"
h40m_1,vitamin a2 month,byte,H40M_1,"{""97"": ""inconsistent"", ""98"": ""don't know""}"
h40m_2,vitamin a2 month,byte,H40M_2,"{""97"": ""inconsistent"", ""98"": ""don't know""}"
h40m_3,vitamin a2 month,byte,H40M_3,"{""97"": ""inconsistent"", ""98"": ""don't know""}"
h40m_4,vitamin a2 month,byte,H40M_4,"{""97"": ""inconsistent"", ""98"": ""don't know""}"
h40m_5,vitamin a2 month,byte,H40M_5,"{""97"": ""inconsistent"", ""98"": ""don't know""}"
h40m_6,vitamin a2 month,byte,H40M_6,"{""97"": ""inconsistent"", ""98"": ""don't know""}"
h40y_1,vitamin a2 year,int,H40Y_1,"{""9997"": ""inconsistent"", ""9998"": ""don't know""}"
h40y_2,vitamin a2 year,int,H40Y_2,"{""9997"": ""inconsistent"", ""9998"": ""don't know""}"
h40y_3,vitamin a2 year,int,H40Y_3,"{""9997"": ""inconsistent"", ""9998"": ""don't know""}"
h40y_4,vitamin a2 year,byte,H40Y_4,"{""9997"": ""inconsistent"", ""9998"": ""don't know""}"
h40y_5,vitamin a2 year,byte,H40Y_5,"{""9997"": ""inconsistent"", ""9998"": ""don't know""}"
h40y_6,vitamin a2 year,byte,H40Y_6,"{""9997"": ""inconsistent"", ""9998"": ""don't know""}"
h41a_1,na - received vitamin a after most recent in card,byte,H41A_1,"{""0"": ""no"", ""1"": ""yes"", ""8"": ""don't know""}"
h41a_2,na - received vitamin a after most recent in card,byte,H41A_2,"{""0"": ""no"", ""1"": ""yes"", ""8"": ""don't know""}"
h41a_3,na - received vitamin a after most recent in card,byte,H41A_3,"{""0"": ""no"", ""1"": ""yes"", ""8"": ""don't know""}"
h41a_4,na - received vitamin a after most recent in card,byte,H41A_4,"{""0"": ""no"", ""1"": ""yes"", ""8"": ""don't know""}"
h41a_5,na - received vitamin a after most recent in card,byte,H41A_5,"{""0"": ""no"", ""1"": ""yes"", ""8"": ""don't know""}"
h41a_6,na - received vitamin a after most recent in card,byte,H41A_6,"{""0"": ""no"", ""1"": ""yes"", ""8"": ""don't know""}"
h41b_1,na - ever received vitamin a dose,byte,H41B_1,"{""0"": ""no"", ""1"": ""yes"", ""8"": ""don't know""}"
h41b_2,na - ever received vitamin a dose,byte,H41B_2,"{""0"": ""no"", ""1"": ""yes"", ""8"": ""don't know""}"
h41b_3,na - ever received vitamin a dose,byte,H41B_3,"{""0"": ""no"", ""1"": ""yes"", ""8"": ""don't know""}"
h41b_4,na - ever received vitamin a dose,byte,H41B_4,"{""0"": ""no"", ""1"": ""yes"", ""8"": ""don't know""}"
h41b_5,na - ever received vitamin a dose,byte,H41B_5,"{""0"": ""no"", ""1"": ""yes"", ""8"": ""don't know""}"
h41b_6,na - ever received vitamin a dose,byte,H41B_6,"{""0"": ""no"", ""1"": ""yes"", ""8"": ""don't know""}"
h42_1,"taking iron pills, sprinkles or syrup",byte,H42_1,"{""0"": ""no"", ""1"": ""yes"", ""8"": ""don't know""}"
h42_2,"taking iron pills, sprinkles or syrup",byte,H42_2,"{""0"": ""no"", ""1"": ""yes"", ""8"": ""don't know""}"
h42_3,"taking iron pills, sprinkles or syrup",byte,H42_3,"{""0"": ""no"", ""1"": ""yes"", ""8"": ""don't know""}"
h42_4,"taking iron pills, sprinkles or syrup",byte,H42_4,"{""0"": ""no"", ""1"": ""yes"", ""8"": ""don't know""}"
h42_5,"taking iron pills, sprinkles or syrup",byte,H42_5,"{""0"": ""no"", ""1"": ""yes"", ""8"": ""don't know""}"
h42_6,"taking iron pills, sprinkles or syrup",byte,H42_6,"{""0"": ""no"", ""1"": ""yes"", ""8"": ""don't know""}"
h43_1,drugs for intestinal parasites in last 6 months,byte,H43_1,"{""0"": ""no"", ""1"": ""yes"", ""8"": ""don't know""}"
h43_2,drugs for intestinal parasites in last 6 months,byte,H43_2,"{""0"": ""no"", ""1"": ""yes"", ""8"": ""don't know""}"
h43_3,drugs for intestinal parasites in last 6 months,byte,H43_3,"{""0"": ""no"", ""1"": ""yes"", ""8"": ""don't know""}"
h43_4,drugs for intestinal parasites in last 6 months,byte,H43_4,"{""0"": ""no"", ""1"": ""yes"", ""8"": ""don't know""}"
h43_5,drugs for intestinal parasites in last 6 months,byte,H43_5,"{""0"": ""no"", ""1"": ""yes"", ""8"": ""don't know""}"
h43_6,drugs for intestinal parasites in last 6 months,byte,H43_6,"{""0"": ""no"", ""1"": ""yes"", ""8"": ""don't know""}"
h44a_1,place first sought treatment for diarrhea,byte,H44A_1,"{""10"": ""public sector"", ""11"": ""government hospital"", ""12"": ""ayush"", ""13"": ""government dispensary"", ""14"": ""uhc / uhp / ufwc"", ""15"": ""chc / rural hospital / block phc"", ""16"": ""phc / additional phc"", ""17"": ""sub-centre / anm"", ""18"": ""government mobile clinic"", ""19"": ""camp"", ""20"": ""private sector"", ""21"": ""private hospital, clinic"", ""22"": ""pharmacy"", ""23"": ""private doctor"", ""24"": ""private paramedic"", ""25"": ""private ayush"", ""26"": ""other private health"", ""30"": ""other"", ""31"": ""shop"", ""32"": ""friend / relative"", ""33"": ""public anganwadi / icds centre"", ""34"": ""public asha"", ""35"": ""other public health sector"", ""36"": ""ngo or trust hospital / clinic"", ""96"": ""other""}"
h44a_2,place first sought treatment for diarrhea,byte,H44A_2,"{""10"": ""public sector"", ""11"": ""government hospital"", ""12"": ""ayush"", ""13"": ""government dispensary"", ""14"": ""uhc / uhp / ufwc"", ""15"": ""chc / rural hospital / block phc"", ""16"": ""phc / additional phc"", ""17"": ""sub-centre / anm"", ""18"": ""government mobile clinic"", ""19"": ""camp"", ""20"": ""private sector"", ""21"": ""private hospital, clinic"", ""22"": ""pharmacy"", ""23"": ""private doctor"", ""24"": ""private paramedic"", ""25"": ""private ayush"", ""26"": ""other private health"", ""30"": ""other"", ""31"": ""shop"", ""32"": ""friend / relative"", ""33"": ""public anganwadi / icds centre"", ""34"": ""public asha"", ""35"": ""other public health sector"", ""36"": ""ngo or trust hospital / clinic"", ""96"": ""other""}"
h44a_3,place first sought treatment for diarrhea,byte,H44A_3,"{""10"": ""public sector"", ""11"": ""government hospital"", ""12"": ""ayush"", ""13"": ""government dispensary"", ""14"": ""uhc / uhp / ufwc"", ""15"": ""chc / rural hospital / block phc"", ""16"": ""phc / additional phc"", ""17"": ""sub-centre / anm"", ""18"": ""government mobile clinic"", ""19"": ""camp"", ""20"": ""private sector"", ""21"": ""private hospital, clinic"", ""22"": ""pharmacy"", ""23"": ""private doctor"", ""24"": ""private paramedic"", ""25"": ""private ayush"", ""26"": ""other private health"", ""30"": ""other"", ""31"": ""shop"", ""32"": ""friend / relative"", ""33"": ""public anganwadi / icds centre"", ""34"": ""public asha"", ""35"": ""other public health sector"", ""36"": ""ngo or trust hospital / clinic"", ""96"": ""other""}"
h44a_4,place first sought treatment for diarrhea,byte,H44A_4,"{""10"": ""public sector"", ""11"": ""government hospital"", ""12"": ""ayush"", ""13"": ""government dispensary"", ""14"": ""uhc / uhp / ufwc"", ""15"": ""chc / rural hospital / block phc"", ""16"": ""phc / additional phc"", ""17"": ""sub-centre / anm"", ""18"": ""government mobile clinic"", ""19"": ""camp"", ""20"": ""private sector"", ""21"": ""private hospital, clinic"", ""22"": ""pharmacy"", ""23"": ""private doctor"", ""24"": ""private paramedic"", ""25"": ""private ayush"", ""26"": ""other private health"", ""30"": ""other"", ""31"": ""shop"", ""32"": ""friend / relative"", ""33"": ""public anganwadi / icds centre"", ""34"": ""public asha"", ""35"": ""other public health sector"", ""36"": ""ngo or trust hospital / clinic"", ""96"": ""other""}"
h44a_5,place first sought treatment for diarrhea,byte,H44A_5,"{""10"": ""public sector"", ""11"": ""government hospital"", ""12"": ""ayush"", ""13"": ""government dispensary"", ""14"": ""uhc / uhp / ufwc"", ""15"": ""chc / rural hospital / block phc"", ""16"": ""phc / additional phc"", ""17"": ""sub-centre / anm"", ""18"": ""government mobile clinic"", ""19"": ""camp"", ""20"": ""private sector"", ""21"": ""private hospital, clinic"", ""22"": ""pharmacy"", ""23"": ""private doctor"", ""24"": ""private paramedic"", ""25"": ""private ayush"", ""26"": ""other private health"", ""30"": ""other"", ""31"": ""shop"", ""32"": ""friend / relative"", ""33"": ""public anganwadi / icds centre"", ""34"": ""public asha"", ""35"": ""other public health sector"", ""36"": ""ngo or trust hospital / clinic"", ""96"": ""other""}"
h44a_6,place first sought treatment for diarrhea,byte,H44A_6,"{""10"": ""public sector"", ""11"": ""government hospital"", ""12"": ""ayush"", ""13"": ""government dispensary"", ""14"": ""uhc / uhp / ufwc"", ""15"": ""chc / rural hospital / block phc"", ""16"": ""phc / additional phc"", ""17"": ""sub-centre / anm"", ""18"": ""government mobile clinic"", ""19"": ""camp"", ""20"": ""private sector"", ""21"": ""private hospital, clinic"", ""22"": ""pharmacy"", ""23"": ""private doctor"", ""24"": ""private paramedic"", ""25"": ""private ayush"", ""26"": ""other private health"", ""30"": ""other"", ""31"": ""shop"", ""32"": ""friend / relative"", ""33"": ""public anganwadi / icds centre"", ""34"": ""public asha"", ""35"": ""other public health sector"", ""36"": ""ngo or trust hospital / clinic"", ""96"": ""other""}"
h44b_1,days after diarrhea sought advice or treatment,byte,H44B_1,"{""0"": ""same day"", ""98"": ""don't know""}"
h44b_2,days after diarrhea sought advice or treatment,byte,H44B_2,"{""0"": ""same day"", ""98"": ""don't know""}"
h44b_3,days after diarrhea sought advice or treatment,byte,H44B_3,"{""0"": ""same day"", ""98"": ""don't know""}"
h44b_4,days after diarrhea sought advice or treatment,byte,H44B_4,"{""0"": ""same day"", ""98"": ""don't know""}"
h44b_5,days after diarrhea sought advice or treatment,byte,H44B_5,"{""0"": ""same day"", ""98"": ""don't know""}"
h44b_6,days after diarrhea sought advice or treatment,byte,H44B_6,"{""0"": ""same day"", ""98"": ""don't know""}"
h44c_1,na - still has diarrhea,byte,H44C_1,"{""0"": ""no"", ""1"": ""yes"", ""8"": ""don't know""}"
h44c_2,na - still has diarrhea,byte,H44C_2,"{""0"": ""no"", ""1"": ""yes"", ""8"": ""don't know""}"
h44c_3,na - still has diarrhea,byte,H44C_3,"{""0"": ""no"", ""1"": ""yes"", ""8"": ""don't know""}"
h44c_4,na - still has diarrhea,byte,H44C_4,"{""0"": ""no"", ""1"": ""yes"", ""8"": ""don't know""}"
h44c_5,na - still has diarrhea,byte,H44C_5,"{""0"": ""no"", ""1"": ""yes"", ""8"": ""don't know""}"
h44c_6,na - still has diarrhea,byte,H44C_6,"{""0"": ""no"", ""1"": ""yes"", ""8"": ""don't know""}"
h45_1,na - times zinc was given,byte,H45_1,"{""98"": ""don't know""}"
h45_2,na - times zinc was given,byte,H45_2,"{""98"": ""don't know""}"
h45_3,na - times zinc was given,byte,H45_3,"{""98"": ""don't know""}"
h45_4,na - times zinc was given,byte,H45_4,"{""98"": ""don't know""}"
h45_5,na - times zinc was given,byte,H45_5,"{""98"": ""don't know""}"
h45_6,na - times zinc was given,byte,H45_6,"{""98"": ""don't know""}"
h46a_1,place first sought treatment for fever,byte,H46A_1,"{""10"": ""public sector"", ""11"": ""government hospital"", ""12"": ""ayush"", ""13"": ""government dispensary"", ""14"": ""uhc / uhp / ufwc"", ""15"": ""chc / rural hospital / block phc"", ""16"": ""phc / additional phc"", ""17"": ""sub-centre / anm"", ""18"": ""government mobile clinic"", ""19"": ""camp"", ""20"": ""private sector"", ""21"": ""private hospital, clinic"", ""22"": ""pharmacy"", ""23"": ""private doctor"", ""24"": ""private paramedic"", ""25"": ""private ayush"", ""26"": ""other private health"", ""30"": ""other"", ""31"": ""shop"", ""32"": ""traditional healer"", ""33"": ""friend / relative"", ""34"": ""public anganwadi / icds centre"", ""35"": ""public asha"", ""36"": ""other public health sector"", ""37"": ""ngo or trust hospital / clinic"", ""96"": ""other""}"
h46a_2,place first sought treatment for fever,byte,H46A_2,"{""10"": ""public sector"", ""11"": ""government hospital"", ""12"": ""ayush"", ""13"": ""government dispensary"", ""14"": ""uhc / uhp / ufwc"", ""15"": ""chc / rural hospital / block phc"", ""16"": ""phc / additional phc"", ""17"": ""sub-centre / anm"", ""18"": ""government mobile clinic"", ""19"": ""camp"", ""20"": ""private sector"", ""21"": ""private hospital, clinic"", ""22"": ""pharmacy"", ""23"": ""private doctor"", ""24"": ""private paramedic"", ""25"": ""private ayush"", ""26"": ""other private health"", ""30"": ""other"", ""31"": ""shop"", ""32"": ""traditional healer"", ""33"": ""friend / relative"", ""34"": ""public anganwadi / icds centre"", ""35"": ""public asha"", ""36"": ""other public health sector"", ""37"": ""ngo or trust hospital / clinic"", ""96"": ""other""}"
h46a_3,place first sought treatment for fever,byte,H46A_3,"{""10"": ""public sector"", ""11"": ""government hospital"", ""12"": ""ayush"", ""13"": ""government dispensary"", ""14"": ""uhc / uhp / ufwc"", ""15"": ""chc / rural hospital / block phc"", ""16"": ""phc / additional phc"", ""17"": ""sub-centre / anm"", ""18"": ""government mobile clinic"", ""19"": ""camp"", ""20"": ""private sector"", ""21"": ""private hospital, clinic"", ""22"": ""pharmacy"", ""23"": ""private doctor"", ""24"": ""private paramedic"", ""25"": ""private ayush"", ""26"": ""other private health"", ""30"": ""other"", ""31"": ""shop"", ""32"": ""traditional healer"", ""33"": ""friend / relative"", ""34"": ""public anganwadi / icds centre"", ""35"": ""public asha"", ""36"": ""other public health sector"", ""37"": ""ngo or trust hospital / clinic"", ""96"": ""other""}"
h46a_4,place first sought treatment for fever,byte,H46A_4,"{""10"": ""public sector"", ""11"": ""government hospital"", ""12"": ""ayush"", ""13"": ""government dispensary"", ""14"": ""uhc / uhp / ufwc"", ""15"": ""chc / rural hospital / block phc"", ""16"": ""phc / additional phc"", ""17"": ""sub-centre / anm"", ""18"": ""government mobile clinic"", ""19"": ""camp"", ""20"": ""private sector"", ""21"": ""private hospital, clinic"", ""22"": ""pharmacy"", ""23"": ""private doctor"", ""24"": ""private paramedic"", ""25"": ""private ayush"", ""26"": ""other private health"", ""30"": ""other"", ""31"": ""shop"", ""32"": ""traditional healer"", ""33"": ""friend / relative"", ""34"": ""public anganwadi / icds centre"", ""35"": ""public asha"", ""36"": ""other public health sector"", ""37"": ""ngo or trust hospital / clinic"", ""96"": ""other""}"
h46a_5,place first sought treatment for fever,byte,H46A_5,"{""10"": ""public sector"", ""11"": ""government hospital"", ""12"": ""ayush"", ""13"": ""government dispensary"", ""14"": ""uhc / uhp / ufwc"", ""15"": ""chc / rural hospital / block phc"", ""16"": ""phc / additional phc"", ""17"": ""sub-centre / anm"", ""18"": ""government mobile clinic"", ""19"": ""camp"", ""20"": ""private sector"", ""21"": ""private hospital, clinic"", ""22"": ""pharmacy"", ""23"": ""private doctor"", ""24"": ""private paramedic"", ""25"": ""private ayush"", ""26"": ""other private health"", ""30"": ""other"", ""31"": ""shop"", ""32"": ""traditional healer"", ""33"": ""friend / relative"", ""34"": ""public anganwadi / icds centre"", ""35"": ""public asha"", ""36"": ""other public health sector"", ""37"": ""ngo or trust hospital / clinic"", ""96"": ""other""}"
h46a_6,place first sought treatment for fever,byte,H46A_6,"{""10"": ""public sector"", ""11"": ""government hospital"", ""12"": ""ayush"", ""13"": ""government dispensary"", ""14"": ""uhc / uhp / ufwc"", ""15"": ""chc / rural hospital / block phc"", ""16"": ""phc / additional phc"", ""17"": ""sub-centre / anm"", ""18"": ""government mobile clinic"", ""19"": ""camp"", ""20"": ""private sector"", ""21"": ""private hospital, clinic"", ""22"": ""pharmacy"", ""23"": ""private doctor"", ""24"": ""private paramedic"", ""25"": ""private ayush"", ""26"": ""other private health"", ""30"": ""other"", ""31"": ""shop"", ""32"": ""traditional healer"", ""33"": ""friend / relative"", ""34"": ""public anganwadi / icds centre"", ""35"": ""public asha"", ""36"": ""other public health sector"", ""37"": ""ngo or trust hospital / clinic"", ""96"": ""other""}"
h46b_1,number of days after fever began sought advice or treatment,byte,H46B_1,"{""0"": ""same day"", ""98"": ""don't know""}"
h46b_2,number of days after fever began sought advice or treatment,byte,H46B_2,"{""0"": ""same day"", ""98"": ""don't know""}"
h46b_3,number of days after fever began sought advice or treatment,byte,H46B_3,"{""0"": ""same day"", ""98"": ""don't know""}"
h46b_4,number of days after fever began sought advice or treatment,byte,H46B_4,"{""0"": ""same day"", ""98"": ""don't know""}"
h46b_5,number of days after fever began sought advice or treatment,byte,H46B_5,"{""0"": ""same day"", ""98"": ""don't know""}"
h46b_6,number of days after fever began sought advice or treatment,byte,H46B_6,"{""0"": ""same day"", ""98"": ""don't know""}"
h47_1,blood taken from child's finger/heel for testing,byte,H47_1,"{""0"": ""no"", ""1"": ""yes"", ""8"": ""don't know""}"
h47_2,blood taken from child's finger/heel for testing,byte,H47_2,"{""0"": ""no"", ""1"": ""yes"", ""8"": ""don't know""}"
h47_3,blood taken from child's finger/heel for testing,byte,H47_3,"{""0"": ""no"", ""1"": ""yes"", ""8"": ""don't know""}"
h47_4,blood taken from child's finger/heel for testing,byte,H47_4,"{""0"": ""no"", ""1"": ""yes"", ""8"": ""don't know""}"
h47_5,blood taken from child's finger/heel for testing,byte,H47_5,"{""0"": ""no"", ""1"": ""yes"", ""8"": ""don't know""}"
h47_6,blood taken from child's finger/heel for testing,byte,H47_6,"{""0"": ""no"", ""1"": ""yes"", ""8"": ""don't know""}"
h50_1,received hepatitis b at birth,byte,H50_1,"{""0"": ""no"", ""1"": ""vaccination date on card"", ""2"": ""reported by mother"", ""3"": ""vaccination marked on card"", ""8"": ""don't know""}"
h50_2,received hepatitis b at birth,byte,H50_2,"{""0"": ""no"", ""1"": ""vaccination date on card"", ""2"": ""reported by mother"", ""3"": ""vaccination marked on card"", ""8"": ""don't know""}"
h50_3,received hepatitis b at birth,byte,H50_3,"{""0"": ""no"", ""1"": ""vaccination date on card"", ""2"": ""reported by mother"", ""3"": ""vaccination marked on card"", ""8"": ""don't know""}"
h50_4,received hepatitis b at birth,byte,H50_4,"{""0"": ""no"", ""1"": ""vaccination date on card"", ""2"": ""reported by mother"", ""3"": ""vaccination marked on card"", ""8"": ""don't know""}"
h50_5,received hepatitis b at birth,byte,H50_5,"{""0"": ""no"", ""1"": ""vaccination date on card"", ""2"": ""reported by mother"", ""3"": ""vaccination marked on card"", ""8"": ""don't know""}"
h50_6,received hepatitis b at birth,byte,H50_6,"{""0"": ""no"", ""1"": ""vaccination date on card"", ""2"": ""reported by mother"", ""3"": ""vaccination marked on card"", ""8"": ""don't know""}"
h50d_1,hepatitis b at birth day,byte,H50D_1,"{""97"": ""inconsistent"", ""98"": ""don't know""}"
h50d_2,hepatitis b at birth day,byte,H50D_2,"{""97"": ""inconsistent"", ""98"": ""don't know""}"
h50d_3,hepatitis b at birth day,byte,H50D_3,"{""97"": ""inconsistent"", ""98"": ""don't know""}"
h50d_4,hepatitis b at birth day,byte,H50D_4,"{""97"": ""inconsistent"", ""98"": ""don't know""}"
h50d_5,hepatitis b at birth day,byte,H50D_5,"{""97"": ""inconsistent"", ""98"": ""don't know""}"
h50d_6,hepatitis b at birth day,byte,H50D_6,"{""97"": ""inconsistent"", ""98"": ""don't know""}"
h50m_1,hepatitis b at birth month,byte,H50M_1,"{""97"": ""inconsistent"", ""98"": ""don't know""}"
h50m_2,hepatitis b at birth month,byte,H50M_2,"{""97"": ""inconsistent"", ""98"": ""don't know""}"
h50m_3,hepatitis b at birth month,byte,H50M_3,"{""97"": ""inconsistent"", ""98"": ""don't know""}"
h50m_4,hepatitis b at birth month,byte,H50M_4,"{""97"": ""inconsistent"", ""98"": ""don't know""}"
h50m_5,hepatitis b at birth month,byte,H50M_5,"{""97"": ""inconsistent"", ""98"": ""don't know""}"
h50m_6,hepatitis b at birth month,byte,H50M_6,"{""97"": ""inconsistent"", ""98"": ""don't know""}"
h50y_1,hepatitis b at birth year,int,H50Y_1,"{""9997"": ""inconsistent"", ""9998"": ""don't know""}"
h50y_2,hepatitis b at birth year,int,H50Y_2,"{""9997"": ""inconsistent"", ""9998"": ""don't know""}"
h50y_3,hepatitis b at birth year,int,H50Y_3,"{""9997"": ""inconsistent"", ""9998"": ""don't know""}"
h50y_4,hepatitis b at birth year,int,H50Y_4,"{""9997"": ""inconsistent"", ""9998"": ""don't know""}"
h50y_5,hepatitis b at birth year,byte,H50Y_5,"{""9997"": ""inconsistent"", ""9998"": ""don't know""}"
h50y_6,hepatitis b at birth year,byte,H50Y_6,"{""9997"": ""inconsistent"", ""9998"": ""don't know""}"
h51_1,received pentavalent 1,byte,H51_1,"{""0"": ""no"", ""1"": ""vaccination date on card"", ""2"": ""reported by mother"", ""3"": ""vaccination marked on card"", ""8"": ""don't know""}"
h51_2,received pentavalent 1,byte,H51_2,"{""0"": ""no"", ""1"": ""vaccination date on card"", ""2"": ""reported by mother"", ""3"": ""vaccination marked on card"", ""8"": ""don't know""}"
h51_3,received pentavalent 1,byte,H51_3,"{""0"": ""no"", ""1"": ""vaccination date on card"", ""2"": ""reported by mother"", ""3"": ""vaccination marked on card"", ""8"": ""don't know""}"
h51_4,received pentavalent 1,byte,H51_4,"{""0"": ""no"", ""1"": ""vaccination date on card"", ""2"": ""reported by mother"", ""3"": ""vaccination marked on card"", ""8"": ""don't know""}"
h51_5,received pentavalent 1,byte,H51_5,"{""0"": ""no"", ""1"": ""vaccination date on card"", ""2"": ""reported by mother"", ""3"": ""vaccination marked on card"", ""8"": ""don't know""}"
h51_6,received pentavalent 1,byte,H51_6,"{""0"": ""no"", ""1"": ""vaccination date on card"", ""2"": ""reported by mother"", ""3"": ""vaccination marked on card"", ""8"": ""don't know""}"
h51d_1,pentavalent 1 day,byte,H51D_1,"{""97"": ""inconsistent"", ""98"": ""don't know""}"
h51d_2,pentavalent 1 day,byte,H51D_2,"{""97"": ""inconsistent"", ""98"": ""don't know""}"
h51d_3,pentavalent 1 day,byte,H51D_3,"{""97"": ""inconsistent"", ""98"": ""don't know""}"
h51d_4,pentavalent 1 day,byte,H51D_4,"{""97"": ""inconsistent"", ""98"": ""don't know""}"
h51d_5,pentavalent 1 day,byte,H51D_5,"{""97"": ""inconsistent"", ""98"": ""don't know""}"
h51d_6,pentavalent 1 day,byte,H51D_6,"{""97"": ""inconsistent"", ""98"": ""don't know""}"
h51m_1,pentavalent 1 month,byte,H51M_1,"{""97"": ""inconsistent"", ""98"": ""don't know""}"
h51m_2,pentavalent 1 month,byte,H51M_2,"{""97"": ""inconsistent"", ""98"": ""don't know""}"
h51m_3,pentavalent 1 month,byte,H51M_3,"{""97"": ""inconsistent"", ""98"": ""don't know""}"
h51m_4,pentavalent 1 month,byte,H51M_4,"{""97"": ""inconsistent"", ""98"": ""don't know""}"
h51m_5,pentavalent 1 month,byte,H51M_5,"{""97"": ""inconsistent"", ""98"": ""don't know""}"
h51m_6,pentavalent 1 month,byte,H51M_6,"{""97"": ""inconsistent"", ""98"": ""don't know""}"
h51y_1,pentavalent 1 year,int,H51Y_1,"{""9997"": ""inconsistent"", ""9998"": ""don't know""}"
h51y_2,pentavalent 1 year,int,H51Y_2,"{""9997"": ""inconsistent"", ""9998"": ""don't know""}"
h51y_3,pentavalent 1 year,int,H51Y_3,"{""9997"": ""inconsistent"", ""9998"": ""don't know""}"
h51y_4,pentavalent 1 year,int,H51Y_4,"{""9997"": ""inconsistent"", ""9998"": ""don't know""}"
h51y_5,pentavalent 1 year,byte,H51Y_5,"{""9997"": ""inconsistent"", ""9998"": ""don't know""}"
h51y_6,pentavalent 1 year,byte,H51Y_6,"{""9997"": ""inconsistent"", ""9998"": ""don't know""}"
h52_1,received pentavalent 2,byte,H52_1,"{""0"": ""no"", ""1"": ""vaccination date on card"", ""2"": ""reported by mother"", ""3"": ""vaccination marked on card"", ""8"": ""don't know""}"
h52_2,received pentavalent 2,byte,H52_2,"{""0"": ""no"", ""1"": ""vaccination date on card"", ""2"": ""reported by mother"", ""3"": ""vaccination marked on card"", ""8"": ""don't know""}"
h52_3,received pentavalent 2,byte,H52_3,"{""0"": ""no"", ""1"": ""vaccination date on card"", ""2"": ""reported by mother"", ""3"": ""vaccination marked on card"", ""8"": ""don't know""}"
h52_4,received pentavalent 2,byte,H52_4,"{""0"": ""no"", ""1"": ""vaccination date on card"", ""2"": ""reported by mother"", ""3"": ""vaccination marked on card"", ""8"": ""don't know""}"
h52_5,received pentavalent 2,byte,H52_5,"{""0"": ""no"", ""1"": ""vaccination date on card"", ""2"": ""reported by mother"", ""3"": ""vaccination marked on card"", ""8"": ""don't know""}"
h52_6,received pentavalent 2,byte,H52_6,"{""0"": ""no"", ""1"": ""vaccination date on card"", ""2"": ""reported by mother"", ""3"": ""vaccination marked on card"", ""8"": ""don't know""}"
h52d_1,pentavalent 2 day,byte,H52D_1,"{""97"": ""inconsistent"", ""98"": ""don't know""}"
h52d_2,pentavalent 2 day,byte,H52D_2,"{""97"": ""inconsistent"", ""98"": ""don't know""}"
h52d_3,pentavalent 2 day,byte,H52D_3,"{""97"": ""inconsistent"", ""98"": ""don't know""}"
h52d_4,pentavalent 2 day,byte,H52D_4,"{""97"": ""inconsistent"", ""98"": ""don't know""}"
h52d_5,pentavalent 2 day,byte,H52D_5,"{""97"": ""inconsistent"", ""98"": ""don't know""}"
h52d_6,pentavalent 2 day,byte,H52D_6,"{""97"": ""inconsistent"", ""98"": ""don't know""}"
h52m_1,pentavalent 2 month,byte,H52M_1,"{""97"": ""inconsistent"", ""98"": ""don't know""}"
h52m_2,pentavalent 2 month,byte,H52M_2,"{""97"": ""inconsistent"", ""98"": ""don't know""}"
h52m_3,pentavalent 2 month,byte,H52M_3,"{""97"": ""inconsistent"", ""98"": ""don't know""}"
h52m_4,pentavalent 2 month,byte,H52M_4,"{""97"": ""inconsistent"", ""98"": ""don't know""}"
h52m_5,pentavalent 2 month,byte,H52M_5,"{""97"": ""inconsistent"", ""98"": ""don't know""}"
h52m_6,pentavalent 2 month,byte,H52M_6,"{""97"": ""inconsistent"", ""98"": ""don't know""}"
h52y_1,pentavalent 2 year,int,H52Y_1,"{""9997"": ""inconsistent"", ""9998"": ""don't know""}"
h52y_2,pentavalent 2 year,int,H52Y_2,"{""9997"": ""inconsistent"", ""9998"": ""don't know""}"
h52y_3,pentavalent 2 year,int,H52Y_3,"{""9997"": ""inconsistent"", ""9998"": ""don't know""}"
h52y_4,pentavalent 2 year,int,H52Y_4,"{""9997"": ""inconsistent"", ""9998"": ""don't know""}"
h52y_5,pentavalent 2 year,byte,H52Y_5,"{""9997"": ""inconsistent"", ""9998"": ""don't know""}"
h52y_6,pentavalent 2 year,byte,H52Y_6,"{""9997"": ""inconsistent"", ""9998"": ""don't know""}"
h53_1,received pentavalent 3,byte,H53_1,"{""0"": ""no"", ""1"": ""vaccination date on card"", ""2"": ""reported by mother"", ""3"": ""vaccination marked on card"", ""8"": ""don't know""}"
h53_2,received pentavalent 3,byte,H53_2,"{""0"": ""no"", ""1"": ""vaccination date on card"", ""2"": ""reported by mother"", ""3"": ""vaccination marked on card"", ""8"": ""don't know""}"
h53_3,received pentavalent 3,byte,H53_3,"{""0"": ""no"", ""1"": ""vaccination date on card"", ""2"": ""reported by mother"", ""3"": ""vaccination marked on card"", ""8"": ""don't know""}"
h53_4,received pentavalent 3,byte,H53_4,"{""0"": ""no"", ""1"": ""vaccination date on card"", ""2"": ""reported by mother"", ""3"": ""vaccination marked on card"", ""8"": ""don't know""}"
h53_5,received pentavalent 3,byte,H53_5,"{""0"": ""no"", ""1"": ""vaccination date on card"", ""2"": ""reported by mother"", ""3"": ""vaccination marked on card"", ""8"": ""don't know""}"
h53_6,received pentavalent 3,byte,H53_6,"{""0"": ""no"", ""1"": ""vaccination date on card"", ""2"": ""reported by mother"", ""3"": ""vaccination marked on card"", ""8"": ""don't know""}"
h53d_1,pentavalent 3 day,byte,H53D_1,"{""97"": ""inconsistent"", ""98"": ""don't know""}"
h53d_2,pentavalent 3 day,byte,H53D_2,"{""97"": ""inconsistent"", ""98"": ""don't know""}"
h53d_3,pentavalent 3 day,byte,H53D_3,"{""97"": ""inconsistent"", ""98"": ""don't know""}"
h53d_4,pentavalent 3 day,byte,H53D_4,"{""97"": ""inconsistent"", ""98"": ""don't know""}"
h53d_5,pentavalent 3 day,byte,H53D_5,"{""97"": ""inconsistent"", ""98"": ""don't know""}"
h53d_6,pentavalent 3 day,byte,H53D_6,"{""97"": ""inconsistent"", ""98"": ""don't know""}"
h53m_1,pentavalent 3 month,byte,H53M_1,"{""97"": ""inconsistent"", ""98"": ""don't know""}"
h53m_2,pentavalent 3 month,byte,H53M_2,"{""97"": ""inconsistent"", ""98"": ""don't know""}"
h53m_3,pentavalent 3 month,byte,H53M_3,"{""97"": ""inconsistent"", ""98"": ""don't know""}"
h53m_4,pentavalent 3 month,byte,H53M_4,"{""97"": ""inconsistent"", ""98"": ""don't know""}"
h53m_5,pentavalent 3 month,byte,H53M_5,"{""97"": ""inconsistent"", ""98"": ""don't know""}"
h53m_6,pentavalent 3 month,byte,H53M_6,"{""97"": ""inconsistent"", ""98"": ""don't know""}"
h53y_1,pentavalent 3 year,int,H53Y_1,"{""9997"": ""inconsistent"", ""9998"": ""don't know""}"
h53y_2,pentavalent 3 year,int,H53Y_2,"{""9997"": ""inconsistent"", ""9998"": ""don't know""}"
h53y_3,pentavalent 3 year,int,H53Y_3,"{""9997"": ""inconsistent"", ""9998"": ""don't know""}"
h53y_4,pentavalent 3 year,int,H53Y_4,"{""9997"": ""inconsistent"", ""9998"": ""don't know""}"
h53y_5,pentavalent 3 year,byte,H53Y_5,"{""9997"": ""inconsistent"", ""9998"": ""don't know""}"
h53y_6,pentavalent 3 year,byte,H53Y_6,"{""9997"": ""inconsistent"", ""9998"": ""don't know""}"
h54_1,na - received pneumococcal 1,byte,H54_1,"{""0"": ""no"", ""1"": ""vaccination date on card"", ""2"": ""reported by mother"", ""3"": ""vaccination marked on card"", ""8"": ""don't know""}"
h54_2,na - received pneumococcal 1,byte,H54_2,"{""0"": ""no"", ""1"": ""vaccination date on card"", ""2"": ""reported by mother"", ""3"": ""vaccination marked on card"", ""8"": ""don't know""}"
h54_3,na - received pneumococcal 1,byte,H54_3,"{""0"": ""no"", ""1"": ""vaccination date on card"", ""2"": ""reported by mother"", ""3"": ""vaccination marked on card"", ""8"": ""don't know""}"
h54_4,na - received pneumococcal 1,byte,H54_4,"{""0"": ""no"", ""1"": ""vaccination date on card"", ""2"": ""reported by mother"", ""3"": ""vaccination marked on card"", ""8"": ""don't know""}"
h54_5,na - received pneumococcal 1,byte,H54_5,"{""0"": ""no"", ""1"": ""vaccination date on card"", ""2"": ""reported by mother"", ""3"": ""vaccination marked on card"", ""8"": ""don't know""}"
h54_6,na - received pneumococcal 1,byte,H54_6,"{""0"": ""no"", ""1"": ""vaccination date on card"", ""2"": ""reported by mother"", ""3"": ""vaccination marked on card"", ""8"": ""don't know""}"
h54d_1,na - pneumococcal 1 day,byte,H54D_1,"{""97"": ""inconsistent"", ""98"": ""don't know""}"
h54d_2,na - pneumococcal 1 day,byte,H54D_2,"{""97"": ""inconsistent"", ""98"": ""don't know""}"
h54d_3,na - pneumococcal 1 day,byte,H54D_3,"{""97"": ""inconsistent"", ""98"": ""don't know""}"
h54d_4,na - pneumococcal 1 day,byte,H54D_4,"{""97"": ""inconsistent"", ""98"": ""don't know""}"
h54d_5,na - pneumococcal 1 day,byte,H54D_5,"{""97"": ""inconsistent"", ""98"": ""don't know""}"
h54d_6,na - pneumococcal 1 day,byte,H54D_6,"{""97"": ""inconsistent"", ""98"": ""don't know""}"
h54m_1,na - pneumococcal 1 month,byte,H54M_1,"{""97"": ""inconsistent"", ""98"": ""don't know""}"
h54m_2,na - pneumococcal 1 month,byte,H54M_2,"{""97"": ""inconsistent"", ""98"": ""don't know""}"
h54m_3,na - pneumococcal 1 month,byte,H54M_3,"{""97"": ""inconsistent"", ""98"": ""don't know""}"
h54m_4,na - pneumococcal 1 month,byte,H54M_4,"{""97"": ""inconsistent"", ""98"": ""don't know""}"
h54m_5,na - pneumococcal 1 month,byte,H54M_5,"{""97"": ""inconsistent"", ""98"": ""don't know""}"
h54m_6,na - pneumococcal 1 month,byte,H54M_6,"{""97"": ""inconsistent"", ""98"": ""don't know""}"
h54y_1,na - pneumococcal 1 year,byte,H54Y_1,"{""9997"": ""inconsistent"", ""9998"": ""don't know""}"
h54y_2,na - pneumococcal 1 year,byte,H54Y_2,"{""9997"": ""inconsistent"", ""9998"": ""don't know""}"
h54y_3,na - pneumococcal 1 year,byte,H54Y_3,"{""9997"": ""inconsistent"", ""9998"": ""don't know""}"
h54y_4,na - pneumococcal 1 year,byte,H54Y_4,"{""9997"": ""inconsistent"", ""9998"": ""don't know""}"
h54y_5,na - pneumococcal 1 year,byte,H54Y_5,"{""9997"": ""inconsistent"", ""9998"": ""don't know""}"
h54y_6,na - pneumococcal 1 year,byte,H54Y_6,"{""9997"": ""inconsistent"", ""9998"": ""don't know""}"
h55_1,na - received pneumococcal 2,byte,H55_1,"{""0"": ""no"", ""1"": ""vaccination date on card"", ""2"": ""reported by mother"", ""3"": ""vaccination marked on card"", ""8"": ""don't know""}"
h55_2,na - received pneumococcal 2,byte,H55_2,"{""0"": ""no"", ""1"": ""vaccination date on card"", ""2"": ""reported by mother"", ""3"": ""vaccination marked on card"", ""8"": ""don't know""}"
h55_3,na - received pneumococcal 2,byte,H55_3,"{""0"": ""no"", ""1"": ""vaccination date on card"", ""2"": ""reported by mother"", ""3"": ""vaccination marked on card"", ""8"": ""don't know""}"
h55_4,na - received pneumococcal 2,byte,H55_4,"{""0"": ""no"", ""1"": ""vaccination date on card"", ""2"": ""reported by mother"", ""3"": ""vaccination marked on card"", ""8"": ""don't know""}"
h55_5,na - received pneumococcal 2,byte,H55_5,"{""0"": ""no"", ""1"": ""vaccination date on card"", ""2"": ""reported by mother"", ""3"": ""vaccination marked on card"", ""8"": ""don't know""}"
h55_6,na - received pneumococcal 2,byte,H55_6,"{""0"": ""no"", ""1"": ""vaccination date on card"", ""2"": ""reported by mother"", ""3"": ""vaccination marked on card"", ""8"": ""don't know""}"
h55d_1,na - pneumococcal 2 day,byte,H55D_1,"{""97"": ""inconsistent"", ""98"": ""don't know""}"
h55d_2,na - pneumococcal 2 day,byte,H55D_2,"{""97"": ""inconsistent"", ""98"": ""don't know""}"
h55d_3,na - pneumococcal 2 day,byte,H55D_3,"{""97"": ""inconsistent"", ""98"": ""don't know""}"
h55d_4,na - pneumococcal 2 day,byte,H55D_4,"{""97"": ""inconsistent"", ""98"": ""don't know""}"
h55d_5,na - pneumococcal 2 day,byte,H55D_5,"{""97"": ""inconsistent"", ""98"": ""don't know""}"
h55d_6,na - pneumococcal 2 day,byte,H55D_6,"{""97"": ""inconsistent"", ""98"": ""don't know""}"
h55m_1,na - pneumococcal 2 month,byte,H55M_1,"{""97"": ""inconsistent"", ""98"": ""don't know""}"
h55m_2,na - pneumococcal 2 month,byte,H55M_2,"{""97"": ""inconsistent"", ""98"": ""don't know""}"
h55m_3,na - pneumococcal 2 month,byte,H55M_3,"{""97"": ""inconsistent"", ""98"": ""don't know""}"
h55m_4,na - pneumococcal 2 month,byte,H55M_4,"{""97"": ""inconsistent"", ""98"": ""don't know""}"
h55m_5,na - pneumococcal 2 month,byte,H55M_5,"{""97"": ""inconsistent"", ""98"": ""don't know""}"
h55m_6,na - pneumococcal 2 month,byte,H55M_6,"{""97"": ""inconsistent"", ""98"": ""don't know""}"
h55y_1,na - pneumococcal 2 year,byte,H55Y_1,"{""9997"": ""inconsistent"", ""9998"": ""don't know""}"
h55y_2,na - pneumococcal 2 year,byte,H55Y_2,"{""9997"": ""inconsistent"", ""9998"": ""don't know""}"
h55y_3,na - pneumococcal 2 year,byte,H55Y_3,"{""9997"": ""inconsistent"", ""9998"": ""don't know""}"
h55y_4,na - pneumococcal 2 year,byte,H55Y_4,"{""9997"": ""inconsistent"", ""9998"": ""don't know""}"
h55y_5,na - pneumococcal 2 year,byte,H55Y_5,"{""9997"": ""inconsistent"", ""9998"": ""don't know""}"
h55y_6,na - pneumococcal 2 year,byte,H55Y_6,"{""9997"": ""inconsistent"", ""9998"": ""don't know""}"
h56_1,na - received pneumococcal 3,byte,H56_1,"{""0"": ""no"", ""1"": ""vaccination date on card"", ""2"": ""reported by mother"", ""3"": ""vaccination marked on card"", ""8"": ""don't know""}"
h56_2,na - received pneumococcal 3,byte,H56_2,"{""0"": ""no"", ""1"": ""vaccination date on card"", ""2"": ""reported by mother"", ""3"": ""vaccination marked on card"", ""8"": ""don't know""}"
h56_3,na - received pneumococcal 3,byte,H56_3,"{""0"": ""no"", ""1"": ""vaccination date on card"", ""2"": ""reported by mother"", ""3"": ""vaccination marked on card"", ""8"": ""don't know""}"
h56_4,na - received pneumococcal 3,byte,H56_4,"{""0"": ""no"", ""1"": ""vaccination date on card"", ""2"": ""reported by mother"", ""3"": ""vaccination marked on card"", ""8"": ""don't know""}"
h56_5,na - received pneumococcal 3,byte,H56_5,"{""0"": ""no"", ""1"": ""vaccination date on card"", ""2"": ""reported by mother"", ""3"": ""vaccination marked on card"", ""8"": ""don't know""}"
h56_6,na - received pneumococcal 3,byte,H56_6,"{""0"": ""no"", ""1"": ""vaccination date on card"", ""2"": ""reported by mother"", ""3"": ""vaccination marked on card"", ""8"": ""don't know""}"
h56d_1,na - pneumococcal 3 day,byte,H56D_1,"{""97"": ""inconsistent"", ""98"": ""don't know""}"
h56d_2,na - pneumococcal 3 day,byte,H56D_2,"{""97"": ""inconsistent"", ""98"": ""don't know""}"
h56d_3,na - pneumococcal 3 day,byte,H56D_3,"{""97"": ""inconsistent"", ""98"": ""don't know""}"
h56d_4,na - pneumococcal 3 day,byte,H56D_4,"{""97"": ""inconsistent"", ""98"": ""don't know""}"
h56d_5,na - pneumococcal 3 day,byte,H56D_5,"{""97"": ""inconsistent"", ""98"": ""don't know""}"
h56d_6,na - pneumococcal 3 day,byte,H56D_6,"{""97"": ""inconsistent"", ""98"": ""don't know""}"
h56m_1,na - pneumococcal 3 month,byte,H56M_1,"{""97"": ""inconsistent"", ""98"": ""don't know""}"
h56m_2,na - pneumococcal 3 month,byte,H56M_2,"{""97"": ""inconsistent"", ""98"": ""don't know""}"
h56m_3,na - pneumococcal 3 month,byte,H56M_3,"{""97"": ""inconsistent"", ""98"": ""don't know""}"
h56m_4,na - pneumococcal 3 month,byte,H56M_4,"{""97"": ""inconsistent"", ""98"": ""don't know""}"
h56m_5,na - pneumococcal 3 month,byte,H56M_5,"{""97"": ""inconsistent"", ""98"": ""don't know""}"
h56m_6,na - pneumococcal 3 month,byte,H56M_6,"{""97"": ""inconsistent"", ""98"": ""don't know""}"
h56y_1,na - pneumococcal 3 year,byte,H56Y_1,"{""9997"": ""inconsistent"", ""9998"": ""don't know""}"
h56y_2,na - pneumococcal 3 year,byte,H56Y_2,"{""9997"": ""inconsistent"", ""9998"": ""don't know""}"
h56y_3,na - pneumococcal 3 year,byte,H56Y_3,"{""9997"": ""inconsistent"", ""9998"": ""don't know""}"
h56y_4,na - pneumococcal 3 year,byte,H56Y_4,"{""9997"": ""inconsistent"", ""9998"": ""don't know""}"
h56y_5,na - pneumococcal 3 year,byte,H56Y_5,"{""9997"": ""inconsistent"", ""9998"": ""don't know""}"
h56y_6,na - pneumococcal 3 year,byte,H56Y_6,"{""9997"": ""inconsistent"", ""9998"": ""don't know""}"
h57_1,received rotavirus 1,byte,H57_1,"{""0"": ""no"", ""1"": ""vaccination date on card"", ""2"": ""reported by mother"", ""3"": ""vaccination marked on card"", ""8"": ""don't know""}"
h57_2,received rotavirus 1,byte,H57_2,"{""0"": ""no"", ""1"": ""vaccination date on card"", ""2"": ""reported by mother"", ""3"": ""vaccination marked on card"", ""8"": ""don't know""}"
h57_3,received rotavirus 1,byte,H57_3,"{""0"": ""no"", ""1"": ""vaccination date on card"", ""2"": ""reported by mother"", ""3"": ""vaccination marked on card"", ""8"": ""don't know""}"
h57_4,received rotavirus 1,byte,H57_4,"{""0"": ""no"", ""1"": ""vaccination date on card"", ""2"": ""reported by mother"", ""3"": ""vaccination marked on card"", ""8"": ""don't know""}"
h57_5,received rotavirus 1,byte,H57_5,"{""0"": ""no"", ""1"": ""vaccination date on card"", ""2"": ""reported by mother"", ""3"": ""vaccination marked on card"", ""8"": ""don't know""}"
h57_6,received rotavirus 1,byte,H57_6,"{""0"": ""no"", ""1"": ""vaccination date on card"", ""2"": ""reported by mother"", ""3"": ""vaccination marked on card"", ""8"": ""don't know""}"
h57d_1,rotavirus 1 day,byte,H57D_1,"{""97"": ""inconsistent"", ""98"": ""don't know""}"
h57d_2,rotavirus 1 day,byte,H57D_2,"{""97"": ""inconsistent"", ""98"": ""don't know""}"
h57d_3,rotavirus 1 day,byte,H57D_3,"{""97"": ""inconsistent"", ""98"": ""don't know""}"
h57d_4,rotavirus 1 day,byte,H57D_4,"{""97"": ""inconsistent"", ""98"": ""don't know""}"
h57d_5,rotavirus 1 day,byte,H57D_5,"{""97"": ""inconsistent"", ""98"": ""don't know""}"
h57d_6,rotavirus 1 day,byte,H57D_6,"{""97"": ""inconsistent"", ""98"": ""don't know""}"
h57m_1,rotavirus 1 month,byte,H57M_1,"{""97"": ""inconsistent"", ""98"": ""don't know""}"
h57m_2,rotavirus 1 month,byte,H57M_2,"{""97"": ""inconsistent"", ""98"": ""don't know""}"
h57m_3,rotavirus 1 month,byte,H57M_3,"{""97"": ""inconsistent"", ""98"": ""don't know""}"
h57m_4,rotavirus 1 month,byte,H57M_4,"{""97"": ""inconsistent"", ""98"": ""don't know""}"
h57m_5,rotavirus 1 month,byte,H57M_5,"{""97"": ""inconsistent"", ""98"": ""don't know""}"
h57m_6,rotavirus 1 month,byte,H57M_6,"{""97"": ""inconsistent"", ""98"": ""don't know""}"
h57y_1,rotavirus 1 year,int,H57Y_1,"{""9997"": ""inconsistent"", ""9998"": ""don't know""}"
h57y_2,rotavirus 1 year,int,H57Y_2,"{""9997"": ""inconsistent"", ""9998"": ""don't know""}"
h57y_3,rotavirus 1 year,int,H57Y_3,"{""9997"": ""inconsistent"", ""9998"": ""don't know""}"
h57y_4,rotavirus 1 year,byte,H57Y_4,"{""9997"": ""inconsistent"", ""9998"": ""don't know""}"
h57y_5,rotavirus 1 year,byte,H57Y_5,"{""9997"": ""inconsistent"", ""9998"": ""don't know""}"
h57y_6,rotavirus 1 year,byte,H57Y_6,"{""9997"": ""inconsistent"", ""9998"": ""don't know""}"
h58_1,received rotavirus 2,byte,H58_1,"{""0"": ""no"", ""1"": ""vaccination date on card"", ""2"": ""reported by mother"", ""3"": ""vaccination marked on card"", ""8"": ""don't know""}"
h58_2,received rotavirus 2,byte,H58_2,"{""0"": ""no"", ""1"": ""vaccination date on card"", ""2"": ""reported by mother"", ""3"": ""vaccination marked on card"", ""8"": ""don't know""}"
h58_3,received rotavirus 2,byte,H58_3,"{""0"": ""no"", ""1"": ""vaccination date on card"", ""2"": ""reported by mother"", ""3"": ""vaccination marked on card"", ""8"": ""don't know""}"
h58_4,received rotavirus 2,byte,H58_4,"{""0"": ""no"", ""1"": ""vaccination date on card"", ""2"": ""reported by mother"", ""3"": ""vaccination marked on card"", ""8"": ""don't know""}"
h58_5,received rotavirus 2,byte,H58_5,"{""0"": ""no"", ""1"": ""vaccination date on card"", ""2"": ""reported by mother"", ""3"": ""vaccination marked on card"", ""8"": ""don't know""}"
h58_6,received rotavirus 2,byte,H58_6,"{""0"": ""no"", ""1"": ""vaccination date on card"", ""2"": ""reported by mother"", ""3"": ""vaccination marked on card"", ""8"": ""don't know""}"
h58d_1,rotavirus 2 day,byte,H58D_1,"{""97"": ""inconsistent"", ""98"": ""don't know""}"
h58d_2,rotavirus 2 day,byte,H58D_2,"{""97"": ""inconsistent"", ""98"": ""don't know""}"
h58d_3,rotavirus 2 day,byte,H58D_3,"{""97"": ""inconsistent"", ""98"": ""don't know""}"
h58d_4,rotavirus 2 day,byte,H58D_4,"{""97"": ""inconsistent"", ""98"": ""don't know""}"
h58d_5,rotavirus 2 day,byte,H58D_5,"{""97"": ""inconsistent"", ""98"": ""don't know""}"
h58d_6,rotavirus 2 day,byte,H58D_6,"{""97"": ""inconsistent"", ""98"": ""don't know""}"
h58m_1,rotavirus 2 month,byte,H58M_1,"{""97"": ""inconsistent"", ""98"": ""don't know""}"
h58m_2,rotavirus 2 month,byte,H58M_2,"{""97"": ""inconsistent"", ""98"": ""don't know""}"
h58m_3,rotavirus 2 month,byte,H58M_3,"{""97"": ""inconsistent"", ""98"": ""don't know""}"
h58m_4,rotavirus 2 month,byte,H58M_4,"{""97"": ""inconsistent"", ""98"": ""don't know""}"
h58m_5,rotavirus 2 month,byte,H58M_5,"{""97"": ""inconsistent"", ""98"": ""don't know""}"
h58m_6,rotavirus 2 month,byte,H58M_6,"{""97"": ""inconsistent"", ""98"": ""don't know""}"
h58y_1,rotavirus 2 year,int,H58Y_1,"{""9997"": ""inconsistent"", ""9998"": ""don't know""}"
h58y_2,rotavirus 2 year,int,H58Y_2,"{""9997"": ""inconsistent"", ""9998"": ""don't know""}"
h58y_3,rotavirus 2 year,int,H58Y_3,"{""9997"": ""inconsistent"", ""9998"": ""don't know""}"
h58y_4,rotavirus 2 year,byte,H58Y_4,"{""9997"": ""inconsistent"", ""9998"": ""don't know""}"
h58y_5,rotavirus 2 year,byte,H58Y_5,"{""9997"": ""inconsistent"", ""9998"": ""don't know""}"
h58y_6,rotavirus 2 year,byte,H58Y_6,"{""9997"": ""inconsistent"", ""9998"": ""don't know""}"
h59_1,received rotavirus 3,byte,H59_1,"{""0"": ""no"", ""1"": ""vaccination date on card"", ""2"": ""reported by mother"", ""3"": ""vaccination marked on card"", ""8"": ""don't know""}"
h59_2,received rotavirus 3,byte,H59_2,"{""0"": ""no"", ""1"": ""vaccination date on card"", ""2"": ""reported by mother"", ""3"": ""vaccination marked on card"", ""8"": ""don't know""}"
h59_3,received rotavirus 3,byte,H59_3,"{""0"": ""no"", ""1"": ""vaccination date on card"", ""2"": ""reported by mother"", ""3"": ""vaccination marked on card"", ""8"": ""don't know""}"
h59_4,received rotavirus 3,byte,H59_4,"{""0"": ""no"", ""1"": ""vaccination date on card"", ""2"": ""reported by mother"", ""3"": ""vaccination marked on card"", ""8"": ""don't know""}"
h59_5,received rotavirus 3,byte,H59_5,"{""0"": ""no"", ""1"": ""vaccination date on card"", ""2"": ""reported by mother"", ""3"": ""vaccination marked on card"", ""8"": ""don't know""}"
h59_6,received rotavirus 3,byte,H59_6,"{""0"": ""no"", ""1"": ""vaccination date on card"", ""2"": ""reported by mother"", ""3"": ""vaccination marked on card"", ""8"": ""don't know""}"
h59d_1,rotavirus 3 day,byte,H59D_1,"{""97"": ""inconsistent"", ""98"": ""don't know""}"
h59d_2,rotavirus 3 day,byte,H59D_2,"{""97"": ""inconsistent"", ""98"": ""don't know""}"
h59d_3,rotavirus 3 day,byte,H59D_3,"{""97"": ""inconsistent"", ""98"": ""don't know""}"
h59d_4,rotavirus 3 day,byte,H59D_4,"{""97"": ""inconsistent"", ""98"": ""don't know""}"
h59d_5,rotavirus 3 day,byte,H59D_5,"{""97"": ""inconsistent"", ""98"": ""don't know""}"
h59d_6,rotavirus 3 day,byte,H59D_6,"{""97"": ""inconsistent"", ""98"": ""don't know""}"
h59m_1,rotavirus 3 month,byte,H59M_1,"{""97"": ""inconsistent"", ""98"": ""don't know""}"
h59m_2,rotavirus 3 month,byte,H59M_2,"{""97"": ""inconsistent"", ""98"": ""don't know""}"
h59m_3,rotavirus 3 month,byte,H59M_3,"{""97"": ""inconsistent"", ""98"": ""don't know""}"
h59m_4,rotavirus 3 month,byte,H59M_4,"{""97"": ""inconsistent"", ""98"": ""don't know""}"
h59m_5,rotavirus 3 month,byte,H59M_5,"{""97"": ""inconsistent"", ""98"": ""don't know""}"
h59m_6,rotavirus 3 month,byte,H59M_6,"{""97"": ""inconsistent"", ""98"": ""don't know""}"
h59y_1,rotavirus 3 year,int,H59Y_1,"{""9997"": ""inconsistent"", ""9998"": ""don't know""}"
h59y_2,rotavirus 3 year,int,H59Y_2,"{""9997"": ""inconsistent"", ""9998"": ""don't know""}"
h59y_3,rotavirus 3 year,int,H59Y_3,"{""9997"": ""inconsistent"", ""9998"": ""don't know""}"
h59y_4,rotavirus 3 year,byte,H59Y_4,"{""9997"": ""inconsistent"", ""9998"": ""don't know""}"
h59y_5,rotavirus 3 year,byte,H59Y_5,"{""9997"": ""inconsistent"", ""9998"": ""don't know""}"
h59y_6,rotavirus 3 year,byte,H59Y_6,"{""9997"": ""inconsistent"", ""9998"": ""don't know""}"
h60_1,na - received polio inactive,byte,H60_1,"{""0"": ""no"", ""1"": ""vaccination date on card"", ""2"": ""reported by mother"", ""3"": ""vaccination marked on card"", ""8"": ""don't know""}"
h60_2,na - received polio inactive,byte,H60_2,"{""0"": ""no"", ""1"": ""vaccination date on card"", ""2"": ""reported by mother"", ""3"": ""vaccination marked on card"", ""8"": ""don't know""}"
h60_3,na - received polio inactive,byte,H60_3,"{""0"": ""no"", ""1"": ""vaccination date on card"", ""2"": ""reported by mother"", ""3"": ""vaccination marked on card"", ""8"": ""don't know""}"
h60_4,na - received polio inactive,byte,H60_4,"{""0"": ""no"", ""1"": ""vaccination date on card"", ""2"": ""reported by mother"", ""3"": ""vaccination marked on card"", ""8"": ""don't know""}"
h60_5,na - received polio inactive,byte,H60_5,"{""0"": ""no"", ""1"": ""vaccination date on card"", ""2"": ""reported by mother"", ""3"": ""vaccination marked on card"", ""8"": ""don't know""}"
h60_6,na - received polio inactive,byte,H60_6,"{""0"": ""no"", ""1"": ""vaccination date on card"", ""2"": ""reported by mother"", ""3"": ""vaccination marked on card"", ""8"": ""don't know""}"
h60d_1,na - polio inactive day,byte,H60D_1,"{""97"": ""inconsistent"", ""98"": ""don't know""}"
h60d_2,na - polio inactive day,byte,H60D_2,"{""97"": ""inconsistent"", ""98"": ""don't know""}"
h60d_3,na - polio inactive day,byte,H60D_3,"{""97"": ""inconsistent"", ""98"": ""don't know""}"
h60d_4,na - polio inactive day,byte,H60D_4,"{""97"": ""inconsistent"", ""98"": ""don't know""}"
h60d_5,na - polio inactive day,byte,H60D_5,"{""97"": ""inconsistent"", ""98"": ""don't know""}"
h60d_6,na - polio inactive day,byte,H60D_6,"{""97"": ""inconsistent"", ""98"": ""don't know""}"
h60m_1,na - polio inactive month,byte,H60M_1,"{""97"": ""inconsistent"", ""98"": ""don't know""}"
h60m_2,na - polio inactive month,byte,H60M_2,"{""97"": ""inconsistent"", ""98"": ""don't know""}"
h60m_3,na - polio inactive month,byte,H60M_3,"{""97"": ""inconsistent"", ""98"": ""don't know""}"
h60m_4,na - polio inactive month,byte,H60M_4,"{""97"": ""inconsistent"", ""98"": ""don't know""}"
h60m_5,na - polio inactive month,byte,H60M_5,"{""97"": ""inconsistent"", ""98"": ""don't know""}"
h60m_6,na - polio inactive month,byte,H60M_6,"{""97"": ""inconsistent"", ""98"": ""don't know""}"
h60y_1,na - polio inactive year,byte,H60Y_1,"{""9997"": ""inconsistent"", ""9998"": ""don't know""}"
h60y_2,na - polio inactive year,byte,H60Y_2,"{""9997"": ""inconsistent"", ""9998"": ""don't know""}"
h60y_3,na - polio inactive year,byte,H60Y_3,"{""9997"": ""inconsistent"", ""9998"": ""don't know""}"
h60y_4,na - polio inactive year,byte,H60Y_4,"{""9997"": ""inconsistent"", ""9998"": ""don't know""}"
h60y_5,na - polio inactive year,byte,H60Y_5,"{""9997"": ""inconsistent"", ""9998"": ""don't know""}"
h60y_6,na - polio inactive year,byte,H60Y_6,"{""9997"": ""inconsistent"", ""9998"": ""don't know""}"
h61_1,received hepatitis b 1,byte,H61_1,"{""0"": ""no"", ""1"": ""vaccination date on card"", ""2"": ""reported by mother"", ""3"": ""vaccination marked on card"", ""8"": ""don't know""}"
h61_2,received hepatitis b 1,byte,H61_2,"{""0"": ""no"", ""1"": ""vaccination date on card"", ""2"": ""reported by mother"", ""3"": ""vaccination marked on card"", ""8"": ""don't know""}"
h61_3,received hepatitis b 1,byte,H61_3,"{""0"": ""no"", ""1"": ""vaccination date on card"", ""2"": ""reported by mother"", ""3"": ""vaccination marked on card"", ""8"": ""don't know""}"
h61_4,received hepatitis b 1,byte,H61_4,"{""0"": ""no"", ""1"": ""vaccination date on card"", ""2"": ""reported by mother"", ""3"": ""vaccination marked on card"", ""8"": ""don't know""}"
h61_5,received hepatitis b 1,byte,H61_5,"{""0"": ""no"", ""1"": ""vaccination date on card"", ""2"": ""reported by mother"", ""3"": ""vaccination marked on card"", ""8"": ""don't know""}"
h61_6,received hepatitis b 1,byte,H61_6,"{""0"": ""no"", ""1"": ""vaccination date on card"", ""2"": ""reported by mother"", ""3"": ""vaccination marked on card"", ""8"": ""don't know""}"
h61d_1,hepatitis b 1 day,byte,H61D_1,"{""97"": ""inconsistent"", ""98"": ""don't know""}"
h61d_2,hepatitis b 1 day,byte,H61D_2,"{""97"": ""inconsistent"", ""98"": ""don't know""}"
h61d_3,hepatitis b 1 day,byte,H61D_3,"{""97"": ""inconsistent"", ""98"": ""don't know""}"
h61d_4,hepatitis b 1 day,byte,H61D_4,"{""97"": ""inconsistent"", ""98"": ""don't know""}"
h61d_5,hepatitis b 1 day,byte,H61D_5,"{""97"": ""inconsistent"", ""98"": ""don't know""}"
h61d_6,hepatitis b 1 day,byte,H61D_6,"{""97"": ""inconsistent"", ""98"": ""don't know""}"
h61m_1,hepatitis b 1 month,byte,H61M_1,"{""97"": ""inconsistent"", ""98"": ""don't know""}"
h61m_2,hepatitis b 1 month,byte,H61M_2,"{""97"": ""inconsistent"", ""98"": ""don't know""}"
h61m_3,hepatitis b 1 month,byte,H61M_3,"{""97"": ""inconsistent"", ""98"": ""don't know""}"
h61m_4,hepatitis b 1 month,byte,H61M_4,"{""97"": ""inconsistent"", ""98"": ""don't know""}"
h61m_5,hepatitis b 1 month,byte,H61M_5,"{""97"": ""inconsistent"", ""98"": ""don't know""}"
h61m_6,hepatitis b 1 month,byte,H61M_6,"{""97"": ""inconsistent"", ""98"": ""don't know""}"
h61y_1,hepatitis b 1 year,int,H61Y_1,"{""9997"": ""inconsistent"", ""9998"": ""don't know""}"
h61y_2,hepatitis b 1 year,int,H61Y_2,"{""9997"": ""inconsistent"", ""9998"": ""don't know""}"
h61y_3,hepatitis b 1 year,int,H61Y_3,"{""9997"": ""inconsistent"", ""9998"": ""don't know""}"
h61y_4,hepatitis b 1 year,int,H61Y_4,"{""9997"": ""inconsistent"", ""9998"": ""don't know""}"
h61y_5,hepatitis b 1 year,byte,H61Y_5,"{""9997"": ""inconsistent"", ""9998"": ""don't know""}"
h61y_6,hepatitis b 1 year,byte,H61Y_6,"{""9997"": ""inconsistent"", ""9998"": ""don't know""}"
h62_1,received hepatitis b 2,byte,H62_1,"{""0"": ""no"", ""1"": ""vaccination date on card"", ""2"": ""reported by mother"", ""3"": ""vaccination marked on card"", ""8"": ""don't know""}"
h62_2,received hepatitis b 2,byte,H62_2,"{""0"": ""no"", ""1"": ""vaccination date on card"", ""2"": ""reported by mother"", ""3"": ""vaccination marked on card"", ""8"": ""don't know""}"
h62_3,received hepatitis b 2,byte,H62_3,"{""0"": ""no"", ""1"": ""vaccination date on card"", ""2"": ""reported by mother"", ""3"": ""vaccination marked on card"", ""8"": ""don't know""}"
h62_4,received hepatitis b 2,byte,H62_4,"{""0"": ""no"", ""1"": ""vaccination date on card"", ""2"": ""reported by mother"", ""3"": ""vaccination marked on card"", ""8"": ""don't know""}"
h62_5,received hepatitis b 2,byte,H62_5,"{""0"": ""no"", ""1"": ""vaccination date on card"", ""2"": ""reported by mother"", ""3"": ""vaccination marked on card"", ""8"": ""don't know""}"
h62_6,received hepatitis b 2,byte,H62_6,"{""0"": ""no"", ""1"": ""vaccination date on card"", ""2"": ""reported by mother"", ""3"": ""vaccination marked on card"", ""8"": ""don't know""}"
h62d_1,hepatitis b 2 day,byte,H62D_1,"{""97"": ""inconsistent"", ""98"": ""don't know""}"
h62d_2,hepatitis b 2 day,byte,H62D_2,"{""97"": ""inconsistent"", ""98"": ""don't know""}"
h62d_3,hepatitis b 2 day,byte,H62D_3,"{""97"": ""inconsistent"", ""98"": ""don't know""}"
h62d_4,hepatitis b 2 day,byte,H62D_4,"{""97"": ""inconsistent"", ""98"": ""don't know""}"
h62d_5,hepatitis b 2 day,byte,H62D_5,"{""97"": ""inconsistent"", ""98"": ""don't know""}"
h62d_6,hepatitis b 2 day,byte,H62D_6,"{""97"": ""inconsistent"", ""98"": ""don't know""}"
h62m_1,hepatitis b 2 month,byte,H62M_1,"{""97"": ""inconsistent"", ""98"": ""don't know""}"
h62m_2,hepatitis b 2 month,byte,H62M_2,"{""97"": ""inconsistent"", ""98"": ""don't know""}"
h62m_3,hepatitis b 2 month,byte,H62M_3,"{""97"": ""inconsistent"", ""98"": ""don't know""}"
h62m_4,hepatitis b 2 month,byte,H62M_4,"{""97"": ""inconsistent"", ""98"": ""don't know""}"
h62m_5,hepatitis b 2 month,byte,H62M_5,"{""97"": ""inconsistent"", ""98"": ""don't know""}"
h62m_6,hepatitis b 2 month,byte,H62M_6,"{""97"": ""inconsistent"", ""98"": ""don't know""}"
h62y_1,hepatitis b 2 year,int,H62Y_1,"{""9997"": ""inconsistent"", ""9998"": ""don't know""}"
h62y_2,hepatitis b 2 year,int,H62Y_2,"{""9997"": ""inconsistent"", ""9998"": ""don't know""}"
h62y_3,hepatitis b 2 year,int,H62Y_3,"{""9997"": ""inconsistent"", ""9998"": ""don't know""}"
h62y_4,hepatitis b 2 year,int,H62Y_4,"{""9997"": ""inconsistent"", ""9998"": ""don't know""}"
h62y_5,hepatitis b 2 year,byte,H62Y_5,"{""9997"": ""inconsistent"", ""9998"": ""don't know""}"
h62y_6,hepatitis b 2 year,byte,H62Y_6,"{""9997"": ""inconsistent"", ""9998"": ""don't know""}"
h63_1,received hepatitis b 3,byte,H63_1,"{""0"": ""no"", ""1"": ""vaccination date on card"", ""2"": ""reported by mother"", ""3"": ""vaccination marked on card"", ""8"": ""don't know""}"
h63_2,received hepatitis b 3,byte,H63_2,"{""0"": ""no"", ""1"": ""vaccination date on card"", ""2"": ""reported by mother"", ""3"": ""vaccination marked on card"", ""8"": ""don't know""}"
h63_3,received hepatitis b 3,byte,H63_3,"{""0"": ""no"", ""1"": ""vaccination date on card"", ""2"": ""reported by mother"", ""3"": ""vaccination marked on card"", ""8"": ""don't know""}"
h63_4,received hepatitis b 3,byte,H63_4,"{""0"": ""no"", ""1"": ""vaccination date on card"", ""2"": ""reported by mother"", ""3"": ""vaccination marked on card"", ""8"": ""don't know""}"
h63_5,received hepatitis b 3,byte,H63_5,"{""0"": ""no"", ""1"": ""vaccination date on card"", ""2"": ""reported by mother"", ""3"": ""vaccination marked on card"", ""8"": ""don't know""}"
h63_6,received hepatitis b 3,byte,H63_6,"{""0"": ""no"", ""1"": ""vaccination date on card"", ""2"": ""reported by mother"", ""3"": ""vaccination marked on card"", ""8"": ""don't know""}"
h63d_1,hepatitis b 3 day,byte,H63D_1,"{""97"": ""inconsistent"", ""98"": ""don't know""}"
h63d_2,hepatitis b 3 day,byte,H63D_2,"{""97"": ""inconsistent"", ""98"": ""don't know""}"
h63d_3,hepatitis b 3 day,byte,H63D_3,"{""97"": ""inconsistent"", ""98"": ""don't know""}"
h63d_4,hepatitis b 3 day,byte,H63D_4,"{""97"": ""inconsistent"", ""98"": ""don't know""}"
h63d_5,hepatitis b 3 day,byte,H63D_5,"{""97"": ""inconsistent"", ""98"": ""don't know""}"
h63d_6,hepatitis b 3 day,byte,H63D_6,"{""97"": ""inconsistent"", ""98"": ""don't know""}"
h63m_1,hepatitis b 3 month,byte,H63M_1,"{""97"": ""inconsistent"", ""98"": ""don't know""}"
h63m_2,hepatitis b 3 month,byte,H63M_2,"{""97"": ""inconsistent"", ""98"": ""don't know""}"
h63m_3,hepatitis b 3 month,byte,H63M_3,"{""97"": ""inconsistent"", ""98"": ""don't know""}"
h63m_4,hepatitis b 3 month,byte,H63M_4,"{""97"": ""inconsistent"", ""98"": ""don't know""}"
h63m_5,hepatitis b 3 month,byte,H63M_5,"{""97"": ""inconsistent"", ""98"": ""don't know""}"
h63m_6,hepatitis b 3 month,byte,H63M_6,"{""97"": ""inconsistent"", ""98"": ""don't know""}"
h63y_1,hepatitis b 3 year,int,H63Y_1,"{""9997"": ""inconsistent"", ""9998"": ""don't know""}"
h63y_2,hepatitis b 3 year,int,H63Y_2,"{""9997"": ""inconsistent"", ""9998"": ""don't know""}"
h63y_3,hepatitis b 3 year,int,H63Y_3,"{""9997"": ""inconsistent"", ""9998"": ""don't know""}"
h63y_4,hepatitis b 3 year,int,H63Y_4,"{""9997"": ""inconsistent"", ""9998"": ""don't know""}"
h63y_5,hepatitis b 3 year,byte,H63Y_5,"{""9997"": ""inconsistent"", ""9998"": ""don't know""}"
h63y_6,hepatitis b 3 year,byte,H63Y_6,"{""9997"": ""inconsistent"", ""9998"": ""don't know""}"
h64_1,na - received hib 1,byte,H64_1,"{""0"": ""no"", ""1"": ""vaccination date on card"", ""2"": ""reported by mother"", ""3"": ""vaccination marked on card"", ""8"": ""don't know""}"
h64_2,na - received hib 1,byte,H64_2,"{""0"": ""no"", ""1"": ""vaccination date on card"", ""2"": ""reported by mother"", ""3"": ""vaccination marked on card"", ""8"": ""don't know""}"
h64_3,na - received hib 1,byte,H64_3,"{""0"": ""no"", ""1"": ""vaccination date on card"", ""2"": ""reported by mother"", ""3"": ""vaccination marked on card"", ""8"": ""don't know""}"
h64_4,na - received hib 1,byte,H64_4,"{""0"": ""no"", ""1"": ""vaccination date on card"", ""2"": ""reported by mother"", ""3"": ""vaccination marked on card"", ""8"": ""don't know""}"
h64_5,na - received hib 1,byte,H64_5,"{""0"": ""no"", ""1"": ""vaccination date on card"", ""2"": ""reported by mother"", ""3"": ""vaccination marked on card"", ""8"": ""don't know""}"
h64_6,na - received hib 1,byte,H64_6,"{""0"": ""no"", ""1"": ""vaccination date on card"", ""2"": ""reported by mother"", ""3"": ""vaccination marked on card"", ""8"": ""don't know""}"
h64d_1,na - hib 1 day,byte,H64D_1,"{""97"": ""inconsistent"", ""98"": ""don't know""}"
h64d_2,na - hib 1 day,byte,H64D_2,"{""97"": ""inconsistent"", ""98"": ""don't know""}"
h64d_3,na - hib 1 day,byte,H64D_3,"{""97"": ""inconsistent"", ""98"": ""don't know""}"
h64d_4,na - hib 1 day,byte,H64D_4,"{""97"": ""inconsistent"", ""98"": ""don't know""}"
h64d_5,na - hib 1 day,byte,H64D_5,"{""97"": ""inconsistent"", ""98"": ""don't know""}"
h64d_6,na - hib 1 day,byte,H64D_6,"{""97"": ""inconsistent"", ""98"": ""don't know""}"
h64m_1,na - hib 1 month,byte,H64M_1,"{""97"": ""inconsistent"", ""98"": ""don't know""}"
h64m_2,na - hib 1 month,byte,H64M_2,"{""97"": ""inconsistent"", ""98"": ""don't know""}"
h64m_3,na - hib 1 month,byte,H64M_3,"{""97"": ""inconsistent"", ""98"": ""don't know""}"
h64m_4,na - hib 1 month,byte,H64M_4,"{""97"": ""inconsistent"", ""98"": ""don't know""}"
h64m_5,na - hib 1 month,byte,H64M_5,"{""97"": ""inconsistent"", ""98"": ""don't know""}"
h64m_6,na - hib 1 month,byte,H64M_6,"{""97"": ""inconsistent"", ""98"": ""don't know""}"
h64y_1,na - hib 1 year,byte,H64Y_1,"{""9997"": ""inconsistent"", ""9998"": ""don't know""}"
h64y_2,na - hib 1 year,byte,H64Y_2,"{""9997"": ""inconsistent"", ""9998"": ""don't know""}"
h64y_3,na - hib 1 year,byte,H64Y_3,"{""9997"": ""inconsistent"", ""9998"": ""don't know""}"
h64y_4,na - hib 1 year,byte,H64Y_4,"{""9997"": ""inconsistent"", ""9998"": ""don't know""}"
h64y_5,na - hib 1 year,byte,H64Y_5,"{""9997"": ""inconsistent"", ""9998"": ""don't know""}"
h64y_6,na - hib 1 year,byte,H64Y_6,"{""9997"": ""inconsistent"", ""9998"": ""don't know""}"
h65_1,na - received hib 2,byte,H65_1,"{""0"": ""no"", ""1"": ""vaccination date on card"", ""2"": ""reported by mother"", ""3"": ""vaccination marked on card"", ""8"": ""don't know""}"
h65_2,na - received hib 2,byte,H65_2,"{""0"": ""no"", ""1"": ""vaccination date on card"", ""2"": ""reported by mother"", ""3"": ""vaccination marked on card"", ""8"": ""don't know""}"
h65_3,na - received hib 2,byte,H65_3,"{""0"": ""no"", ""1"": ""vaccination date on card"", ""2"": ""reported by mother"", ""3"": ""vaccination marked on card"", ""8"": ""don't know""}"
h65_4,na - received hib 2,byte,H65_4,"{""0"": ""no"", ""1"": ""vaccination date on card"", ""2"": ""reported by mother"", ""3"": ""vaccination marked on card"", ""8"": ""don't know""}"
h65_5,na - received hib 2,byte,H65_5,"{""0"": ""no"", ""1"": ""vaccination date on card"", ""2"": ""reported by mother"", ""3"": ""vaccination marked on card"", ""8"": ""don't know""}"
h65_6,na - received hib 2,byte,H65_6,"{""0"": ""no"", ""1"": ""vaccination date on card"", ""2"": ""reported by mother"", ""3"": ""vaccination marked on card"", ""8"": ""don't know""}"
h65d_1,na - hib 2 day,byte,H65D_1,"{""97"": ""inconsistent"", ""98"": ""don't know""}"
h65d_2,na - hib 2 day,byte,H65D_2,"{""97"": ""inconsistent"", ""98"": ""don't know""}"
h65d_3,na - hib 2 day,byte,H65D_3,"{""97"": ""inconsistent"", ""98"": ""don't know""}"
h65d_4,na - hib 2 day,byte,H65D_4,"{""97"": ""inconsistent"", ""98"": ""don't know""}"
h65d_5,na - hib 2 day,byte,H65D_5,"{""97"": ""inconsistent"", ""98"": ""don't know""}"
h65d_6,na - hib 2 day,byte,H65D_6,"{""97"": ""inconsistent"", ""98"": ""don't know""}"
h65m_1,na - hib 2 month,byte,H65M_1,"{""97"": ""inconsistent"", ""98"": ""don't know""}"
h65m_2,na - hib 2 month,byte,H65M_2,"{""97"": ""inconsistent"", ""98"": ""don't know""}"
h65m_3,na - hib 2 month,byte,H65M_3,"{""97"": ""inconsistent"", ""98"": ""don't know""}"
h65m_4,na - hib 2 month,byte,H65M_4,"{""97"": ""inconsistent"", ""98"": ""don't know""}"
h65m_5,na - hib 2 month,byte,H65M_5,"{""97"": ""inconsistent"", ""98"": ""don't know""}"
h65m_6,na - hib 2 month,byte,H65M_6,"{""97"": ""inconsistent"", ""98"": ""don't know""}"
h65y_1,na - hib 2 year,byte,H65Y_1,"{""9997"": ""inconsistent"", ""9998"": ""don't know""}"
h65y_2,na - hib 2 year,byte,H65Y_2,"{""9997"": ""inconsistent"", ""9998"": ""don't know""}"
h65y_3,na - hib 2 year,byte,H65Y_3,"{""9997"": ""inconsistent"", ""9998"": ""don't know""}"
h65y_4,na - hib 2 year,byte,H65Y_4,"{""9997"": ""inconsistent"", ""9998"": ""don't know""}"
h65y_5,na - hib 2 year,byte,H65Y_5,"{""9997"": ""inconsistent"", ""9998"": ""don't know""}"
h65y_6,na - hib 2 year,byte,H65Y_6,"{""9997"": ""inconsistent"", ""9998"": ""don't know""}"
h66_1,na - received hib 3,byte,H66_1,"{""0"": ""no"", ""1"": ""vaccination date on card"", ""2"": ""reported by mother"", ""3"": ""vaccination marked on card"", ""8"": ""don't know""}"
h66_2,na - received hib 3,byte,H66_2,"{""0"": ""no"", ""1"": ""vaccination date on card"", ""2"": ""reported by mother"", ""3"": ""vaccination marked on card"", ""8"": ""don't know""}"
h66_3,na - received hib 3,byte,H66_3,"{""0"": ""no"", ""1"": ""vaccination date on card"", ""2"": ""reported by mother"", ""3"": ""vaccination marked on card"", ""8"": ""don't know""}"
h66_4,na - received hib 3,byte,H66_4,"{""0"": ""no"", ""1"": ""vaccination date on card"", ""2"": ""reported by mother"", ""3"": ""vaccination marked on card"", ""8"": ""don't know""}"
h66_5,na - received hib 3,byte,H66_5,"{""0"": ""no"", ""1"": ""vaccination date on card"", ""2"": ""reported by mother"", ""3"": ""vaccination marked on card"", ""8"": ""don't know""}"
h66_6,na - received hib 3,byte,H66_6,"{""0"": ""no"", ""1"": ""vaccination date on card"", ""2"": ""reported by mother"", ""3"": ""vaccination marked on card"", ""8"": ""don't know""}"
h66d_1,na - hib 3 day,byte,H66D_1,"{""97"": ""inconsistent"", ""98"": ""don't know""}"
h66d_2,na - hib 3 day,byte,H66D_2,"{""97"": ""inconsistent"", ""98"": ""don't know""}"
h66d_3,na - hib 3 day,byte,H66D_3,"{""97"": ""inconsistent"", ""98"": ""don't know""}"
h66d_4,na - hib 3 day,byte,H66D_4,"{""97"": ""inconsistent"", ""98"": ""don't know""}"
h66d_5,na - hib 3 day,byte,H66D_5,"{""97"": ""inconsistent"", ""98"": ""don't know""}"
h66d_6,na - hib 3 day,byte,H66D_6,"{""97"": ""inconsistent"", ""98"": ""don't know""}"
h66m_1,na - hib 3 month,byte,H66M_1,"{""97"": ""inconsistent"", ""98"": ""don't know""}"
h66m_2,na - hib 3 month,byte,H66M_2,"{""97"": ""inconsistent"", ""98"": ""don't know""}"
h66m_3,na - hib 3 month,byte,H66M_3,"{""97"": ""inconsistent"", ""98"": ""don't know""}"
h66m_4,na - hib 3 month,byte,H66M_4,"{""97"": ""inconsistent"", ""98"": ""don't know""}"
h66m_5,na - hib 3 month,byte,H66M_5,"{""97"": ""inconsistent"", ""98"": ""don't know""}"
h66m_6,na - hib 3 month,byte,H66M_6,"{""97"": ""inconsistent"", ""98"": ""don't know""}"
h66y_1,na - hib 3 year,byte,H66Y_1,"{""9997"": ""inconsistent"", ""9998"": ""don't know""}"
h66y_2,na - hib 3 year,byte,H66Y_2,"{""9997"": ""inconsistent"", ""9998"": ""don't know""}"
h66y_3,na - hib 3 year,byte,H66Y_3,"{""9997"": ""inconsistent"", ""9998"": ""don't know""}"
h66y_4,na - hib 3 year,byte,H66Y_4,"{""9997"": ""inconsistent"", ""9998"": ""don't know""}"
h66y_5,na - hib 3 year,byte,H66Y_5,"{""9997"": ""inconsistent"", ""9998"": ""don't know""}"
h66y_6,na - hib 3 year,byte,H66Y_6,"{""9997"": ""inconsistent"", ""9998"": ""don't know""}"
h80a_1,na - in the last 7 days given: local name for multiple micronutrient powder,byte,H80A_1,"{""0"": ""no"", ""1"": ""yes"", ""8"": ""don't know""}"
h80a_2,na - in the last 7 days given: local name for multiple micronutrient powder,byte,H80A_2,"{""0"": ""no"", ""1"": ""yes"", ""8"": ""don't know""}"
h80a_3,na - in the last 7 days given: local name for multiple micronutrient powder,byte,H80A_3,"{""0"": ""no"", ""1"": ""yes"", ""8"": ""don't know""}"
h80a_4,na - in the last 7 days given: local name for multiple micronutrient powder,byte,H80A_4,"{""0"": ""no"", ""1"": ""yes"", ""8"": ""don't know""}"
h80a_5,na - in the last 7 days given: local name for multiple micronutrient powder,byte,H80A_5,"{""0"": ""no"", ""1"": ""yes"", ""8"": ""don't know""}"
h80a_6,na - in the last 7 days given: local name for multiple micronutrient powder,byte,H80A_6,"{""0"": ""no"", ""1"": ""yes"", ""8"": ""don't know""}"
h80b_1,na - in the last 7 days given: local name ready to use therapeutic food,byte,H80B_1,"{""0"": ""no"", ""1"": ""yes"", ""8"": ""don't know""}"
h80b_2,na - in the last 7 days given: local name ready to use therapeutic food,byte,H80B_2,"{""0"": ""no"", ""1"": ""yes"", ""8"": ""don't know""}"
h80b_3,na - in the last 7 days given: local name ready to use therapeutic food,byte,H80B_3,"{""0"": ""no"", ""1"": ""yes"", ""8"": ""don't know""}"
h80b_4,na - in the last 7 days given: local name ready to use therapeutic food,byte,H80B_4,"{""0"": ""no"", ""1"": ""yes"", ""8"": ""don't know""}"
h80b_5,na - in the last 7 days given: local name ready to use therapeutic food,byte,H80B_5,"{""0"": ""no"", ""1"": ""yes"", ""8"": ""don't know""}"
h80b_6,na - in the last 7 days given: local name ready to use therapeutic food,byte,H80B_6,"{""0"": ""no"", ""1"": ""yes"", ""8"": ""don't know""}"
h80c_1,na - in the last 7 days given: local name for ready to use supplemental food,byte,H80C_1,"{""0"": ""no"", ""1"": ""yes"", ""8"": ""don't know""}"
h80c_2,na - in the last 7 days given: local name for ready to use supplemental food,byte,H80C_2,"{""0"": ""no"", ""1"": ""yes"", ""8"": ""don't know""}"
h80c_3,na - in the last 7 days given: local name for ready to use supplemental food,byte,H80C_3,"{""0"": ""no"", ""1"": ""yes"", ""8"": ""don't know""}"
h80c_4,na - in the last 7 days given: local name for ready to use supplemental food,byte,H80C_4,"{""0"": ""no"", ""1"": ""yes"", ""8"": ""don't know""}"
h80c_5,na - in the last 7 days given: local name for ready to use supplemental food,byte,H80C_5,"{""0"": ""no"", ""1"": ""yes"", ""8"": ""don't know""}"
h80c_6,na - in the last 7 days given: local name for ready to use supplemental food,byte,H80C_6,"{""0"": ""no"", ""1"": ""yes"", ""8"": ""don't know""}"
h80d_1,na - in the last 7 days given: cs,byte,H80D_1,"{""0"": ""no"", ""1"": ""yes"", ""8"": ""don't know""}"
h80d_2,na - in the last 7 days given: cs,byte,H80D_2,"{""0"": ""no"", ""1"": ""yes"", ""8"": ""don't know""}"
h80d_3,na - in the last 7 days given: cs,byte,H80D_3,"{""0"": ""no"", ""1"": ""yes"", ""8"": ""don't know""}"
h80d_4,na - in the last 7 days given: cs,byte,H80D_4,"{""0"": ""no"", ""1"": ""yes"", ""8"": ""don't know""}"
h80d_5,na - in the last 7 days given: cs,byte,H80D_5,"{""0"": ""no"", ""1"": ""yes"", ""8"": ""don't know""}"
h80d_6,na - in the last 7 days given: cs,byte,H80D_6,"{""0"": ""no"", ""1"": ""yes"", ""8"": ""don't know""}"
h80e_1,na - in the last 7 days given: cs,byte,H80E_1,"{""0"": ""no"", ""1"": ""yes"", ""8"": ""don't know""}"
h80e_2,na - in the last 7 days given: cs,byte,H80E_2,"{""0"": ""no"", ""1"": ""yes"", ""8"": ""don't know""}"
h80e_3,na - in the last 7 days given: cs,byte,H80E_3,"{""0"": ""no"", ""1"": ""yes"", ""8"": ""don't know""}"
h80e_4,na - in the last 7 days given: cs,byte,H80E_4,"{""0"": ""no"", ""1"": ""yes"", ""8"": ""don't know""}"
h80e_5,na - in the last 7 days given: cs,byte,H80E_5,"{""0"": ""no"", ""1"": ""yes"", ""8"": ""don't know""}"
h80e_6,na - in the last 7 days given: cs,byte,H80E_6,"{""0"": ""no"", ""1"": ""yes"", ""8"": ""don't know""}"
h80f_1,na - in the last 7 days given: cs,byte,H80F_1,"{""0"": ""no"", ""1"": ""yes"", ""8"": ""don't know""}"
h80f_2,na - in the last 7 days given: cs,byte,H80F_2,"{""0"": ""no"", ""1"": ""yes"", ""8"": ""don't know""}"
h80f_3,na - in the last 7 days given: cs,byte,H80F_3,"{""0"": ""no"", ""1"": ""yes"", ""8"": ""don't know""}"
h80f_4,na - in the last 7 days given: cs,byte,H80F_4,"{""0"": ""no"", ""1"": ""yes"", ""8"": ""don't know""}"
h80f_5,na - in the last 7 days given: cs,byte,H80F_5,"{""0"": ""no"", ""1"": ""yes"", ""8"": ""don't know""}"
h80f_6,na - in the last 7 days given: cs,byte,H80F_6,"{""0"": ""no"", ""1"": ""yes"", ""8"": ""don't know""}"
h80g_1,na - in the last 7 days given: cs,byte,H80G_1,"{""0"": ""no"", ""1"": ""yes"", ""8"": ""don't know""}"
h80g_2,na - in the last 7 days given: cs,byte,H80G_2,"{""0"": ""no"", ""1"": ""yes"", ""8"": ""don't know""}"
h80g_3,na - in the last 7 days given: cs,byte,H80G_3,"{""0"": ""no"", ""1"": ""yes"", ""8"": ""don't know""}"
h80g_4,na - in the last 7 days given: cs,byte,H80G_4,"{""0"": ""no"", ""1"": ""yes"", ""8"": ""don't know""}"
h80g_5,na - in the last 7 days given: cs,byte,H80G_5,"{""0"": ""no"", ""1"": ""yes"", ""8"": ""don't know""}"
h80g_6,na - in the last 7 days given: cs,byte,H80G_6,"{""0"": ""no"", ""1"": ""yes"", ""8"": ""don't know""}"
hidx_1,index to birth history,byte,,
hidx_2,index to birth history,byte,,
hidx_3,index to birth history,byte,,
hidx_4,index to birth history,byte,,
hidx_5,index to birth history,byte,,
hidx_6,index to birth history,byte,,
hidxa_1,index to birth history,byte,,
hidxa_2,index to birth history,byte,,
hidxa_3,index to birth history,byte,,
hidxa_4,index to birth history,byte,,
hidxa_5,index to birth history,byte,,
hidxa_6,index to birth history,byte,,
hw1_1,child's age in months,byte,,
hw1_2,child's age in months,byte,,
hw1_3,child's age in months,byte,,
hw1_4,child's age in months,byte,,
hw1_5,child's age in months,byte,,
hw1_6,child's age in months,byte,,
hw2_1,child's weight in kilograms (1 decimal),int,HW2_1,"{""9994"": ""not present"", ""9995"": ""refused"", ""9996"": ""other""}"
hw2_2,child's weight in kilograms (1 decimal),int,HW2_2,"{""9994"": ""not present"", ""9995"": ""refused"", ""9996"": ""other""}"
hw2_3,child's weight in kilograms (1 decimal),int,HW2_3,"{""9994"": ""not present"", ""9995"": ""refused"", ""9996"": ""other""}"
hw2_4,child's weight in kilograms (1 decimal),int,HW2_4,"{""9994"": ""not present"", ""9995"": ""refused"", ""9996"": ""other""}"
hw2_5,child's weight in kilograms (1 decimal),int,HW2_5,"{""9994"": ""not present"", ""9995"": ""refused"", ""9996"": ""other""}"
hw2_6,child's weight in kilograms (1 decimal),byte,HW2_6,"{""9994"": ""not present"", ""9995"": ""refused"", ""9996"": ""other""}"
hw3_1,child's height in centimeters (1 decimal),int,HW3_1,"{""9994"": ""not present"", ""9995"": ""refused"", ""9996"": ""other""}"
hw3_2,child's height in centimeters (1 decimal),int,HW3_2,"{""9994"": ""not present"", ""9995"": ""refused"", ""9996"": ""other""}"
hw3_3,child's height in centimeters (1 decimal),int,HW3_3,"{""9994"": ""not present"", ""9995"": ""refused"", ""9996"": ""other""}"
hw3_4,child's height in centimeters (1 decimal),int,HW3_4,"{""9994"": ""not present"", ""9995"": ""refused"", ""9996"": ""other""}"
hw3_5,child's height in centimeters (1 decimal),int,HW3_5,"{""9994"": ""not present"", ""9995"": ""refused"", ""9996"": ""other""}"
hw3_6,child's height in centimeters (1 decimal),byte,HW3_6,"{""9994"": ""not present"", ""9995"": ""refused"", ""9996"": ""other""}"
hw4_1,height/age percentile,int,HW4_1,"{""9998"": ""flagged cases""}"
hw4_2,height/age percentile,int,HW4_2,"{""9998"": ""flagged cases""}"
hw4_3,height/age percentile,int,HW4_3,"{""9998"": ""flagged cases""}"
hw4_4,height/age percentile,int,HW4_4,"{""9998"": ""flagged cases""}"
hw4_5,height/age percentile,int,HW4_5,"{""9998"": ""flagged cases""}"
hw4_6,height/age percentile,byte,HW4_6,"{""9998"": ""flagged cases""}"
hw5_1,height/age standard deviation,int,HW5_1,"{""9998"": ""flagged cases""}"
hw5_2,height/age standard deviation,int,HW5_2,"{""9998"": ""flagged cases""}"
hw5_3,height/age standard deviation,int,HW5_3,"{""9998"": ""flagged cases""}"
hw5_4,height/age standard deviation,int,HW5_4,"{""9998"": ""flagged cases""}"
hw5_5,height/age standard deviation,int,HW5_5,"{""9998"": ""flagged cases""}"
hw5_6,height/age standard deviation,byte,HW5_6,"{""9998"": ""flagged cases""}"
hw6_1,height/age percent of ref. median,long,HW6_1,"{""99998"": ""flagged cases""}"
hw6_2,height/age percent of ref. median,long,HW6_2,"{""99998"": ""flagged cases""}"
hw6_3,height/age percent of ref. median,long,HW6_3,"{""99998"": ""flagged cases""}"
hw6_4,height/age percent of ref. median,long,HW6_4,"{""99998"": ""flagged cases""}"
hw6_5,height/age percent of ref. median,int,HW6_5,"{""99998"": ""flagged cases""}"
hw6_6,height/age percent of ref. median,byte,HW6_6,"{""99998"": ""flagged cases""}"
hw7_1,weight/age percentile,int,HW7_1,"{""9998"": ""flagged cases""}"
hw7_2,weight/age percentile,int,HW7_2,"{""9998"": ""flagged cases""}"
hw7_3,weight/age percentile,int,HW7_3,"{""9998"": ""flagged cases""}"
hw7_4,weight/age percentile,int,HW7_4,"{""9998"": ""flagged cases""}"
hw7_5,weight/age percentile,int,HW7_5,"{""9998"": ""flagged cases""}"
hw7_6,weight/age percentile,byte,HW7_6,"{""9998"": ""flagged cases""}"
hw8_1,weight/age standard deviation,int,HW8_1,"{""9998"": ""flagged cases""}"
hw8_2,weight/age standard deviation,int,HW8_2,"{""9998"": ""flagged cases""}"
hw8_3,weight/age standard deviation,int,HW8_3,"{""9998"": ""flagged cases""}"
hw8_4,weight/age standard deviation,int,HW8_4,"{""9998"": ""flagged cases""}"
hw8_5,weight/age standard deviation,int,HW8_5,"{""9998"": ""flagged cases""}"
hw8_6,weight/age standard deviation,byte,HW8_6,"{""9998"": ""flagged cases""}"
hw9_1,weight/age percent of ref. median,long,HW9_1,"{""99998"": ""flagged cases""}"
hw9_2,weight/age percent of ref. median,long,HW9_2,"{""99998"": ""flagged cases""}"
hw9_3,weight/age percent of ref. median,long,HW9_3,"{""99998"": ""flagged cases""}"
hw9_4,weight/age percent of ref. median,long,HW9_4,"{""99998"": ""flagged cases""}"
hw9_5,weight/age percent of ref. median,int,HW9_5,"{""99998"": ""flagged cases""}"
hw9_6,weight/age percent of ref. median,byte,HW9_6,"{""99998"": ""flagged cases""}"
hw10_1,weight/height percentile,int,HW10_1,"{""9998"": ""flagged cases""}"
hw10_2,weight/height percentile,int,HW10_2,"{""9998"": ""flagged cases""}"
hw10_3,weight/height percentile,int,HW10_3,"{""9998"": ""flagged cases""}"
hw10_4,weight/height percentile,int,HW10_4,"{""9998"": ""flagged cases""}"
hw10_5,weight/height percentile,int,HW10_5,"{""9998"": ""flagged cases""}"
hw10_6,weight/height percentile,byte,HW10_6,"{""9998"": ""flagged cases""}"
hw11_1,weight/height standard deviation,int,HW11_1,"{""9998"": ""flagged cases""}"
hw11_2,weight/height standard deviation,int,HW11_2,"{""9998"": ""flagged cases""}"
hw11_3,weight/height standard deviation,int,HW11_3,"{""9998"": ""flagged cases""}"
hw11_4,weight/height standard deviation,int,HW11_4,"{""9998"": ""flagged cases""}"
hw11_5,weight/height standard deviation,int,HW11_5,"{""9998"": ""flagged cases""}"
hw11_6,weight/height standard deviation,byte,HW11_6,"{""9998"": ""flagged cases""}"
hw12_1,weight/height percent of ref. median,long,HW12_1,"{""99998"": ""flagged cases""}"
hw12_2,weight/height percent of ref. median,long,HW12_2,"{""99998"": ""flagged cases""}"
hw12_3,weight/height percent of ref. median,long,HW12_3,"{""99998"": ""flagged cases""}"
hw12_4,weight/height percent of ref. median,long,HW12_4,"{""99998"": ""flagged cases""}"
hw12_5,weight/height percent of ref. median,int,HW12_5,"{""99998"": ""flagged cases""}"
hw12_6,weight/height percent of ref. median,byte,HW12_6,"{""99998"": ""flagged cases""}"
hw13_1,result of measurement - height/weight,byte,HW13_1,"{""0"": ""measured"", ""1"": ""dead"", ""2"": ""sick"", ""3"": ""not present"", ""4"": ""refused"", ""5"": ""mother refused"", ""6"": ""other"", ""7"": ""no measurement found in household""}"
hw13_2,result of measurement - height/weight,byte,HW13_2,"{""0"": ""measured"", ""1"": ""dead"", ""2"": ""sick"", ""3"": ""not present"", ""4"": ""refused"", ""5"": ""mother refused"", ""6"": ""other"", ""7"": ""no measurement found in household""}"
hw13_3,result of measurement - height/weight,byte,HW13_3,"{""0"": ""measured"", ""1"": ""dead"", ""2"": ""sick"", ""3"": ""not present"", ""4"": ""refused"", ""5"": ""mother refused"", ""6"": ""other"", ""7"": ""no measurement found in household""}"
hw13_4,result of measurement - height/weight,byte,HW13_4,"{""0"": ""measured"", ""1"": ""dead"", ""2"": ""sick"", ""3"": ""not present"", ""4"": ""refused"", ""5"": ""mother refused"", ""6"": ""other"", ""7"": ""no measurement found in household""}"
hw13_5,result of measurement - height/weight,byte,HW13_5,"{""0"": ""measured"", ""1"": ""dead"", ""2"": ""sick"", ""3"": ""not present"", ""4"": ""refused"", ""5"": ""mother refused"", ""6"": ""other"", ""7"": ""no measurement found in household""}"
hw13_6,result of measurement - height/weight,byte,HW13_6,"{""0"": ""measured"", ""1"": ""dead"", ""2"": ""sick"", ""3"": ""not present"", ""4"": ""refused"", ""5"": ""mother refused"", ""6"": ""other"", ""7"": ""no measurement found in household""}"
hw15_1,height: lying or standing,byte,HW15_1,"{""0"": ""not measured"", ""1"": ""lying"", ""2"": ""standing""}"
hw15_2,height: lying or standing,byte,HW15_2,"{""0"": ""not measured"", ""1"": ""lying"", ""2"": ""standing""}"
hw15_3,height: lying or standing,byte,HW15_3,"{""0"": ""not measured"", ""1"": ""lying"", ""2"": ""standing""}"
hw15_4,height: lying or standing,byte,HW15_4,"{""0"": ""not measured"", ""1"": ""lying"", ""2"": ""standing""}"
hw15_5,height: lying or standing,byte,HW15_5,"{""0"": ""not measured"", ""1"": ""lying"", ""2"": ""standing""}"
hw15_6,height: lying or standing,byte,HW15_6,"{""0"": ""not measured"", ""1"": ""lying"", ""2"": ""standing""}"
hw16_1,day of birth of child,byte,HW16_1,"{""97"": ""inconsistent"", ""98"": ""don't know""}"
hw16_2,day of birth of child,byte,HW16_2,"{""97"": ""inconsistent"", ""98"": ""don't know""}"
hw16_3,day of birth of child,byte,HW16_3,"{""97"": ""inconsistent"", ""98"": ""don't know""}"
hw16_4,day of birth of child,byte,HW16_4,"{""97"": ""inconsistent"", ""98"": ""don't know""}"
hw16_5,day of birth of child,byte,HW16_5,"{""97"": ""inconsistent"", ""98"": ""don't know""}"
hw16_6,day of birth of child,byte,HW16_6,"{""97"": ""inconsistent"", ""98"": ""don't know""}"
hw17_1,date measured (day),byte,,
hw17_2,date measured (day),byte,,
hw17_3,date measured (day),byte,,
hw17_4,date measured (day),byte,,
hw17_5,date measured (day),byte,,
hw17_6,date measured (day),byte,,
hw18_1,date measured (month),byte,,
hw18_2,date measured (month),byte,,
hw18_3,date measured (month),byte,,
hw18_4,date measured (month),byte,,
hw18_5,date measured (month),byte,,
hw18_6,date measured (month),byte,,
hw19_1,date measured (year),int,,
hw19_2,date measured (year),int,,
hw19_3,date measured (year),int,,
hw19_4,date measured (year),int,,
hw19_5,date measured (year),int,,
hw19_6,date measured (year),byte,,
hw51_1,line number of parent/caretaker,byte,HW51_1,"{""0"": ""not in household""}"
hw51_2,line number of parent/caretaker,byte,HW51_2,"{""0"": ""not in household""}"
hw51_3,line number of parent/caretaker,byte,HW51_3,"{""0"": ""not in household""}"
hw51_4,line number of parent/caretaker,byte,HW51_4,"{""0"": ""not in household""}"
hw51_5,line number of parent/caretaker,byte,HW51_5,"{""0"": ""not in household""}"
hw51_6,line number of parent/caretaker,byte,HW51_6,"{""0"": ""not in household""}"
hw52_1,read consent statement - hemoglobin,byte,HW52_1,"{""1"": ""granted"", ""2"": ""refused"", ""3"": ""not present/other"", ""7"": ""respondent/ parent granted but no signature""}"
hw52_2,read consent statement - hemoglobin,byte,HW52_2,"{""1"": ""granted"", ""2"": ""refused"", ""3"": ""not present/other"", ""7"": ""respondent/ parent granted but no signature""}"
hw52_3,read consent statement - hemoglobin,byte,HW52_3,"{""1"": ""granted"", ""2"": ""refused"", ""3"": ""not present/other"", ""7"": ""respondent/ parent granted but no signature""}"
hw52_4,read consent statement - hemoglobin,byte,HW52_4,"{""1"": ""granted"", ""2"": ""refused"", ""3"": ""not present/other"", ""7"": ""respondent/ parent granted but no signature""}"
hw52_5,read consent statement - hemoglobin,byte,HW52_5,"{""1"": ""granted"", ""2"": ""refused"", ""3"": ""not present/other"", ""7"": ""respondent/ parent granted but no signature""}"
hw52_6,read consent statement - hemoglobin,byte,HW52_6,"{""1"": ""granted"", ""2"": ""refused"", ""3"": ""not present/other"", ""7"": ""respondent/ parent granted but no signature""}"
hw53_1,hemoglobin level (g/dl - 1 decimal),int,HW53_1,"{""994"": ""not present"", ""995"": ""refused"", ""996"": ""other""}"
hw53_2,hemoglobin level (g/dl - 1 decimal),int,HW53_2,"{""994"": ""not present"", ""995"": ""refused"", ""996"": ""other""}"
hw53_3,hemoglobin level (g/dl - 1 decimal),int,HW53_3,"{""994"": ""not present"", ""995"": ""refused"", ""996"": ""other""}"
hw53_4,hemoglobin level (g/dl - 1 decimal),int,HW53_4,"{""994"": ""not present"", ""995"": ""refused"", ""996"": ""other""}"
hw53_5,hemoglobin level (g/dl - 1 decimal),int,HW53_5,"{""994"": ""not present"", ""995"": ""refused"", ""996"": ""other""}"
hw53_6,hemoglobin level (g/dl - 1 decimal),byte,HW53_6,"{""994"": ""not present"", ""995"": ""refused"", ""996"": ""other""}"
hw55_1,result of measurement - hemoglobin,byte,HW55_1,"{""0"": ""measured"", ""1"": ""dead"", ""3"": ""not present"", ""4"": ""refused"", ""6"": ""other"", ""7"": ""no measurement found in household""}"
hw55_2,result of measurement - hemoglobin,byte,HW55_2,"{""0"": ""measured"", ""1"": ""dead"", ""3"": ""not present"", ""4"": ""refused"", ""6"": ""other"", ""7"": ""no measurement found in household""}"
hw55_3,result of measurement - hemoglobin,byte,HW55_3,"{""0"": ""measured"", ""1"": ""dead"", ""3"": ""not present"", ""4"": ""refused"", ""6"": ""other"", ""7"": ""no measurement found in household""}"
hw55_4,result of measurement - hemoglobin,byte,HW55_4,"{""0"": ""measured"", ""1"": ""dead"", ""3"": ""not present"", ""4"": ""refused"", ""6"": ""other"", ""7"": ""no measurement found in household""}"
hw55_5,result of measurement - hemoglobin,byte,HW55_5,"{""0"": ""measured"", ""1"": ""dead"", ""3"": ""not present"", ""4"": ""refused"", ""6"": ""other"", ""7"": ""no measurement found in household""}"
hw55_6,result of measurement - hemoglobin,byte,HW55_6,"{""0"": ""measured"", ""1"": ""dead"", ""3"": ""not present"", ""4"": ""refused"", ""6"": ""other"", ""7"": ""no measurement found in household""}"
hw56_1,hemoglobin level adjusted for altitude (g/dl - 1 decimal),int,HW56_1,"{""997"": ""inconsistent""}"
hw56_2,hemoglobin level adjusted for altitude (g/dl - 1 decimal),int,HW56_2,"{""997"": ""inconsistent""}"
hw56_3,hemoglobin level adjusted for altitude (g/dl - 1 decimal),int,HW56_3,"{""997"": ""inconsistent""}"
hw56_4,hemoglobin level adjusted for altitude (g/dl - 1 decimal),int,HW56_4,"{""997"": ""inconsistent""}"
hw56_5,hemoglobin level adjusted for altitude (g/dl - 1 decimal),int,HW56_5,"{""997"": ""inconsistent""}"
hw56_6,hemoglobin level adjusted for altitude (g/dl - 1 decimal),byte,HW56_6,"{""997"": ""inconsistent""}"
hw57_1,anemia level,byte,HW57_1,"{""1"": ""severe"", ""2"": ""moderate"", ""3"": ""mild"", ""4"": ""not anemic""}"
hw57_2,anemia level,byte,HW57_2,"{""1"": ""severe"", ""2"": ""moderate"", ""3"": ""mild"", ""4"": ""not anemic""}"
hw57_3,anemia level,byte,HW57_3,"{""1"": ""severe"", ""2"": ""moderate"", ""3"": ""mild"", ""4"": ""not anemic""}"
hw57_4,anemia level,byte,HW57_4,"{""1"": ""severe"", ""2"": ""moderate"", ""3"": ""mild"", ""4"": ""not anemic""}"
hw57_5,anemia level,byte,HW57_5,"{""1"": ""severe"", ""2"": ""moderate"", ""3"": ""mild"", ""4"": ""not anemic""}"
hw57_6,anemia level,byte,HW57_6,"{""1"": ""severe"", ""2"": ""moderate"", ""3"": ""mild"", ""4"": ""not anemic""}"
hw58_1,na - agrees to referral - anemia,byte,HW58_1,"{""0"": ""no"", ""1"": ""yes""}"
hw58_2,na - agrees to referral - anemia,byte,HW58_2,"{""0"": ""no"", ""1"": ""yes""}"
hw58_3,na - agrees to referral - anemia,byte,HW58_3,"{""0"": ""no"", ""1"": ""yes""}"
hw58_4,na - agrees to referral - anemia,byte,HW58_4,"{""0"": ""no"", ""1"": ""yes""}"
hw58_5,na - agrees to referral - anemia,byte,HW58_5,"{""0"": ""no"", ""1"": ""yes""}"
hw58_6,na - agrees to referral - anemia,byte,HW58_6,"{""0"": ""no"", ""1"": ""yes""}"
hw70_1,height/age standard deviation (new who),int,HW70_1,"{""9996"": ""height out of plausible limits"", ""9997"": ""age in days out of plausible limits"", ""9998"": ""flagged cases""}"
hw70_2,height/age standard deviation (new who),int,HW70_2,"{""9996"": ""height out of plausible limits"", ""9997"": ""age in days out of plausible limits"", ""9998"": ""flagged cases""}"
hw70_3,height/age standard deviation (new who),int,HW70_3,"{""9996"": ""height out of plausible limits"", ""9997"": ""age in days out of plausible limits"", ""9998"": ""flagged cases""}"
hw70_4,height/age standard deviation (new who),int,HW70_4,"{""9996"": ""height out of plausible limits"", ""9997"": ""age in days out of plausible limits"", ""9998"": ""flagged cases""}"
hw70_5,height/age standard deviation (new who),int,HW70_5,"{""9996"": ""height out of plausible limits"", ""9997"": ""age in days out of plausible limits"", ""9998"": ""flagged cases""}"
hw70_6,height/age standard deviation (new who),byte,HW70_6,"{""9996"": ""height out of plausible limits"", ""9997"": ""age in days out of plausible limits"", ""9998"": ""flagged cases""}"
hw71_1,weight/age standard deviation (new who),int,HW71_1,"{""9996"": ""height out of plausible limits"", ""9997"": ""age in days out of plausible limits"", ""9998"": ""flagged cases""}"
hw71_2,weight/age standard deviation (new who),int,HW71_2,"{""9996"": ""height out of plausible limits"", ""9997"": ""age in days out of plausible limits"", ""9998"": ""flagged cases""}"
hw71_3,weight/age standard deviation (new who),int,HW71_3,"{""9996"": ""height out of plausible limits"", ""9997"": ""age in days out of plausible limits"", ""9998"": ""flagged cases""}"
hw71_4,weight/age standard deviation (new who),int,HW71_4,"{""9996"": ""height out of plausible limits"", ""9997"": ""age in days out of plausible limits"", ""9998"": ""flagged cases""}"
hw71_5,weight/age standard deviation (new who),int,HW71_5,"{""9996"": ""height out of plausible limits"", ""9997"": ""age in days out of plausible limits"", ""9998"": ""flagged cases""}"
hw71_6,weight/age standard deviation (new who),byte,HW71_6,"{""9996"": ""height out of plausible limits"", ""9997"": ""age in days out of plausible limits"", ""9998"": ""flagged cases""}"
hw72_1,weight/height standard deviation (new who),int,HW72_1,"{""9996"": ""height out of plausible limits"", ""9997"": ""age in days out of plausible limits"", ""9998"": ""flagged cases""}"
hw72_2,weight/height standard deviation (new who),int,HW72_2,"{""9996"": ""height out of plausible limits"", ""9997"": ""age in days out of plausible limits"", ""9998"": ""flagged cases""}"
hw72_3,weight/height standard deviation (new who),int,HW72_3,"{""9996"": ""height out of plausible limits"", ""9997"": ""age in days out of plausible limits"", ""9998"": ""flagged cases""}"
hw72_4,weight/height standard deviation (new who),int,HW72_4,"{""9996"": ""height out of plausible limits"", ""9997"": ""age in days out of plausible limits"", ""9998"": ""flagged cases""}"
hw72_5,weight/height standard deviation (new who),int,HW72_5,"{""9996"": ""height out of plausible limits"", ""9997"": ""age in days out of plausible limits"", ""9998"": ""flagged cases""}"
hw72_6,weight/height standard deviation (new who),byte,HW72_6,"{""9996"": ""height out of plausible limits"", ""9997"": ""age in days out of plausible limits"", ""9998"": ""flagged cases""}"
hw73_1,bmi standard deviation (new who),int,HW73_1,"{""9996"": ""height out of plausible limits"", ""9997"": ""age in days out of plausible limits"", ""9998"": ""flagged cases""}"
hw73_2,bmi standard deviation (new who),int,HW73_2,"{""9996"": ""height out of plausible limits"", ""9997"": ""age in days out of plausible limits"", ""9998"": ""flagged cases""}"
hw73_3,bmi standard deviation (new who),int,HW73_3,"{""9996"": ""height out of plausible limits"", ""9997"": ""age in days out of plausible limits"", ""9998"": ""flagged cases""}"
hw73_4,bmi standard deviation (new who),int,HW73_4,"{""9996"": ""height out of plausible limits"", ""9997"": ""age in days out of plausible limits"", ""9998"": ""flagged cases""}"
hw73_5,bmi standard deviation (new who),int,HW73_5,"{""9996"": ""height out of plausible limits"", ""9997"": ""age in days out of plausible limits"", ""9998"": ""flagged cases""}"
hw73_6,bmi standard deviation (new who),byte,HW73_6,"{""9996"": ""height out of plausible limits"", ""9997"": ""age in days out of plausible limits"", ""9998"": ""flagged cases""}"
hwidx_1,index to birth history,byte,,
hwidx_2,index to birth history,byte,,
hwidx_3,index to birth history,byte,,
hwidx_4,index to birth history,byte,,
hwidx_5,index to birth history,byte,,
hwidx_6,index to birth history,byte,,
idx92_01,index to birth history,byte,,
idx92_02,index to birth history,byte,,
idx92_03,index to birth history,byte,,
idx92_04,index to birth history,byte,,
idx92_05,index to birth history,byte,,
idx92_06,index to birth history,byte,,
idx92_07,index to birth history,byte,,
idx92_08,index to birth history,byte,,
idx92_09,index to birth history,byte,,
idx92_10,index to birth history,byte,,
idx92_11,index to birth history,byte,,
idx92_12,index to birth history,byte,,
idx92_13,index to birth history,byte,,
idx92_14,index to birth history,byte,,
idx92_15,index to birth history,byte,,
idx92_16,index to birth history,byte,,
idx94_1,index to birth history,byte,,
idx94_2,index to birth history,byte,,
idx94_3,index to birth history,byte,,
idx94_4,index to birth history,byte,,
idx94_5,index to birth history,byte,,
idx94_6,index to birth history,byte,,
idx95_1,index to birth history,byte,,
idx95_2,index to birth history,byte,,
idx95_3,index to birth history,byte,,
idx95_4,index to birth history,byte,,
idx96_1,index to birth history,byte,,
idx96_2,index to birth history,byte,,
idx96_3,index to birth history,byte,,
idx96_4,index to birth history,byte,,
idx96_5,index to birth history,byte,,
idx96_6,index to birth history,byte,,
idx98_1,index to birth history,byte,,
idx98_2,index to birth history,byte,,
idx98_3,index to birth history,byte,,
idx98_4,index to birth history,byte,,
idx98_5,index to birth history,byte,,
idx98_6,index to birth history,byte,,
idxml_1,index to birth history,byte,,
idxml_2,index to birth history,byte,,
idxml_3,index to birth history,byte,,
idxml_4,index to birth history,byte,,
idxml_5,index to birth history,byte,,
idxml_6,index to birth history,byte,,
je1_1,received je 1,byte,JE1_1,"{""0"": ""no"", ""1"": ""vaccination date on card"", ""2"": ""reported by mother"", ""3"": ""vaccination marked on card"", ""8"": ""don't know""}"
je1_2,received je 1,byte,JE1_2,"{""0"": ""no"", ""1"": ""vaccination date on card"", ""2"": ""reported by mother"", ""3"": ""vaccination marked on card"", ""8"": ""don't know""}"
je1_3,received je 1,byte,JE1_3,"{""0"": ""no"", ""1"": ""vaccination date on card"", ""2"": ""reported by mother"", ""3"": ""vaccination marked on card"", ""8"": ""don't know""}"
je1_4,received je 1,byte,JE1_4,"{""0"": ""no"", ""1"": ""vaccination date on card"", ""2"": ""reported by mother"", ""3"": ""vaccination marked on card"", ""8"": ""don't know""}"
je1d_1,je 1 day,byte,JE1D_1,"{""97"": ""inconsistent"", ""98"": ""don't know""}"
je1d_2,je 1 day,byte,JE1D_2,"{""97"": ""inconsistent"", ""98"": ""don't know""}"
je1d_3,je 1 day,byte,JE1D_3,"{""97"": ""inconsistent"", ""98"": ""don't know""}"
je1d_4,je 1 day,byte,JE1D_4,"{""97"": ""inconsistent"", ""98"": ""don't know""}"
je1m_1,je 1 month,byte,JE1M_1,"{""97"": ""inconsistent"", ""98"": ""don't know""}"
je1m_2,je 1 month,byte,JE1M_2,"{""97"": ""inconsistent"", ""98"": ""don't know""}"
je1m_3,je 1 month,byte,JE1M_3,"{""97"": ""inconsistent"", ""98"": ""don't know""}"
je1m_4,je 1 month,byte,JE1M_4,"{""97"": ""inconsistent"", ""98"": ""don't know""}"
je1y_1,je 1 year,int,JE1Y_1,"{""9997"": ""inconsistent"", ""9998"": ""don't know""}"
je1y_2,je 1 year,int,JE1Y_2,"{""9997"": ""inconsistent"", ""9998"": ""don't know""}"
je1y_3,je 1 year,int,JE1Y_3,"{""9997"": ""inconsistent"", ""9998"": ""don't know""}"
je1y_4,je 1 year,byte,JE1Y_4,"{""9997"": ""inconsistent"", ""9998"": ""don't know""}"
je2_1,received je 2,byte,JE2_1,"{""0"": ""no"", ""1"": ""vaccination date on card"", ""2"": ""reported by mother"", ""3"": ""vaccination marked on card"", ""8"": ""don't know""}"
je2_2,received je 2,byte,JE2_2,"{""0"": ""no"", ""1"": ""vaccination date on card"", ""2"": ""reported by mother"", ""3"": ""vaccination marked on card"", ""8"": ""don't know""}"
je2_3,received je 2,byte,JE2_3,"{""0"": ""no"", ""1"": ""vaccination date on card"", ""2"": ""reported by mother"", ""3"": ""vaccination marked on card"", ""8"": ""don't know""}"
je2_4,received je 2,byte,JE2_4,"{""0"": ""no"", ""1"": ""vaccination date on card"", ""2"": ""reported by mother"", ""3"": ""vaccination marked on card"", ""8"": ""don't know""}"
je2d_1,je 2 day,byte,JE2D_1,"{""97"": ""inconsistent"", ""98"": ""don't know""}"
je2d_2,je 2 day,byte,JE2D_2,"{""97"": ""inconsistent"", ""98"": ""don't know""}"
je2d_3,je 2 day,byte,JE2D_3,"{""97"": ""inconsistent"", ""98"": ""don't know""}"
je2d_4,je 2 day,byte,JE2D_4,"{""97"": ""inconsistent"", ""98"": ""don't know""}"
je2m_1,je 2 month,byte,JE2M_1,"{""97"": ""inconsistent"", ""98"": ""don't know""}"
je2m_2,je 2 month,byte,JE2M_2,"{""97"": ""inconsistent"", ""98"": ""don't know""}"
je2m_3,je 2 month,byte,JE2M_3,"{""97"": ""inconsistent"", ""98"": ""don't know""}"
je2m_4,je 2 month,byte,JE2M_4,"{""97"": ""inconsistent"", ""98"": ""don't know""}"
je2y_1,je 2 year,int,JE2Y_1,"{""9997"": ""inconsistent"", ""9998"": ""don't know""}"
je2y_2,je 2 year,int,JE2Y_2,"{""9997"": ""inconsistent"", ""9998"": ""don't know""}"
je2y_3,je 2 year,int,JE2Y_3,"{""9997"": ""inconsistent"", ""9998"": ""don't know""}"
je2y_4,je 2 year,byte,JE2Y_4,"{""9997"": ""inconsistent"", ""9998"": ""don't know""}"
m1_1,number of tetanus injections before birth,byte,M1_1,"{""0"": ""received no injection"", ""7"": ""7+"", ""8"": ""don't know""}"
m1_2,number of tetanus injections before birth,byte,M1_2,"{""0"": ""received no injection"", ""7"": ""7+"", ""8"": ""don't know""}"
m1_3,number of tetanus injections before birth,byte,M1_3,"{""0"": ""received no injection"", ""7"": ""7+"", ""8"": ""don't know""}"
m1_4,number of tetanus injections before birth,byte,M1_4,"{""0"": ""received no injection"", ""7"": ""7+"", ""8"": ""don't know""}"
m1_5,number of tetanus injections before birth,byte,M1_5,"{""0"": ""received no injection"", ""7"": ""7+"", ""8"": ""don't know""}"
m1_6,number of tetanus injections before birth,byte,M1_6,"{""0"": ""received no injection"", ""7"": ""7+"", ""8"": ""don't know""}"
m1a_1,number of tetanus injections before pregnancy,byte,M1A_1,"{""0"": ""received no injection"", ""7"": ""7+"", ""8"": ""don't know""}"
m1a_2,number of tetanus injections before pregnancy,byte,M1A_2,"{""0"": ""received no injection"", ""7"": ""7+"", ""8"": ""don't know""}"
m1a_3,number of tetanus injections before pregnancy,byte,M1A_3,"{""0"": ""received no injection"", ""7"": ""7+"", ""8"": ""don't know""}"
m1a_4,number of tetanus injections before pregnancy,byte,M1A_4,"{""0"": ""received no injection"", ""7"": ""7+"", ""8"": ""don't know""}"
m1a_5,number of tetanus injections before pregnancy,byte,M1A_5,"{""0"": ""received no injection"", ""7"": ""7+"", ""8"": ""don't know""}"
m1a_6,number of tetanus injections before pregnancy,byte,M1A_6,"{""0"": ""received no injection"", ""7"": ""7+"", ""8"": ""don't know""}"
m1b_1,na - month of last tetanus injection before pregnancy,byte,M1B_1,"{""97"": ""inconsistent"", ""98"": ""don't know month""}"
m1b_2,na - month of last tetanus injection before pregnancy,byte,M1B_2,"{""97"": ""inconsistent"", ""98"": ""don't know month""}"
m1b_3,na - month of last tetanus injection before pregnancy,byte,M1B_3,"{""97"": ""inconsistent"", ""98"": ""don't know month""}"
m1b_4,na - month of last tetanus injection before pregnancy,byte,M1B_4,"{""97"": ""inconsistent"", ""98"": ""don't know month""}"
m1b_5,na - month of last tetanus injection before pregnancy,byte,M1B_5,"{""97"": ""inconsistent"", ""98"": ""don't know month""}"
m1b_6,na - month of last tetanus injection before pregnancy,byte,M1B_6,"{""97"": ""inconsistent"", ""98"": ""don't know month""}"
m1c_1,na - year of last tetanus injection before pregnancy,byte,M1C_1,"{""9997"": ""inconsistent"", ""9998"": ""don't know year""}"
m1c_2,na - year of last tetanus injection before pregnancy,byte,M1C_2,"{""9997"": ""inconsistent"", ""9998"": ""don't know year""}"
m1c_3,na - year of last tetanus injection before pregnancy,byte,M1C_3,"{""9997"": ""inconsistent"", ""9998"": ""don't know year""}"
m1c_4,na - year of last tetanus injection before pregnancy,byte,M1C_4,"{""9997"": ""inconsistent"", ""9998"": ""don't know year""}"
m1c_5,na - year of last tetanus injection before pregnancy,byte,M1C_5,"{""9997"": ""inconsistent"", ""9998"": ""don't know year""}"
m1c_6,na - year of last tetanus injection before pregnancy,byte,M1C_6,"{""9997"": ""inconsistent"", ""9998"": ""don't know year""}"
m1d_1,years ago received last tetanus injection before pregnancy,byte,M1D_1,"{""98"": ""don't know""}"
m1d_2,years ago received last tetanus injection before pregnancy,byte,M1D_2,"{""98"": ""don't know""}"
m1d_3,years ago received last tetanus injection before pregnancy,byte,M1D_3,"{""98"": ""don't know""}"
m1d_4,years ago received last tetanus injection before pregnancy,byte,M1D_4,"{""98"": ""don't know""}"
m1d_5,years ago received last tetanus injection before pregnancy,byte,M1D_5,"{""98"": ""don't know""}"
m1d_6,years ago received last tetanus injection before pregnancy,byte,M1D_6,"{""98"": ""don't know""}"
m1e_1,last tetanus injection before pregnancy (cmc),int,M1E_1,"{""9996"": ""can't be determined""}"
m1e_2,last tetanus injection before pregnancy (cmc),byte,M1E_2,"{""9996"": ""can't be determined""}"
m1e_3,last tetanus injection before pregnancy (cmc),byte,M1E_3,"{""9996"": ""can't be determined""}"
m1e_4,last tetanus injection before pregnancy (cmc),byte,M1E_4,"{""9996"": ""can't be determined""}"
m1e_5,last tetanus injection before pregnancy (cmc),byte,M1E_5,"{""9996"": ""can't be determined""}"
m1e_6,last tetanus injection before pregnancy (cmc),byte,M1E_6,"{""9996"": ""can't be determined""}"
m2a_1,prenatal: doctor,byte,M2A_1,"{""0"": ""no"", ""1"": ""yes""}"
m2a_2,prenatal: doctor,byte,M2A_2,"{""0"": ""no"", ""1"": ""yes""}"
m2a_3,prenatal: doctor,byte,M2A_3,"{""0"": ""no"", ""1"": ""yes""}"
m2a_4,prenatal: doctor,byte,M2A_4,"{""0"": ""no"", ""1"": ""yes""}"
m2a_5,prenatal: doctor,byte,M2A_5,"{""0"": ""no"", ""1"": ""yes""}"
m2a_6,prenatal: doctor,byte,M2A_6,"{""0"": ""no"", ""1"": ""yes""}"
m2b_1,prenatal: anm/nurse/midwife/lhv,byte,M2B_1,"{""0"": ""no"", ""1"": ""yes""}"
m2b_2,prenatal: anm/nurse/midwife/lhv,byte,M2B_2,"{""0"": ""no"", ""1"": ""yes""}"
m2b_3,prenatal: anm/nurse/midwife/lhv,byte,M2B_3,"{""0"": ""no"", ""1"": ""yes""}"
m2b_4,prenatal: anm/nurse/midwife/lhv,byte,M2B_4,"{""0"": ""no"", ""1"": ""yes""}"
m2b_5,prenatal: anm/nurse/midwife/lhv,byte,M2B_5,"{""0"": ""no"", ""1"": ""yes""}"
m2b_6,prenatal: anm/nurse/midwife/lhv,byte,M2B_6,"{""0"": ""no"", ""1"": ""yes""}"
m2c_1,na - prenatal: cs health professional,byte,M2C_1,"{""0"": ""no"", ""1"": ""yes""}"
m2c_2,na - prenatal: cs health professional,byte,M2C_2,"{""0"": ""no"", ""1"": ""yes""}"
m2c_3,na - prenatal: cs health professional,byte,M2C_3,"{""0"": ""no"", ""1"": ""yes""}"
m2c_4,na - prenatal: cs health professional,byte,M2C_4,"{""0"": ""no"", ""1"": ""yes""}"
m2c_5,na - prenatal: cs health professional,byte,M2C_5,"{""0"": ""no"", ""1"": ""yes""}"
m2c_6,na - prenatal: cs health professional,byte,M2C_6,"{""0"": ""no"", ""1"": ""yes""}"
m2d_1,na - prenatal: cs health professional,byte,M2D_1,"{""0"": ""no"", ""1"": ""yes""}"
m2d_2,na - prenatal: cs health professional,byte,M2D_2,"{""0"": ""no"", ""1"": ""yes""}"
m2d_3,na - prenatal: cs health professional,byte,M2D_3,"{""0"": ""no"", ""1"": ""yes""}"
m2d_4,na - prenatal: cs health professional,byte,M2D_4,"{""0"": ""no"", ""1"": ""yes""}"
m2d_5,na - prenatal: cs health professional,byte,M2D_5,"{""0"": ""no"", ""1"": ""yes""}"
m2d_6,na - prenatal: cs health professional,byte,M2D_6,"{""0"": ""no"", ""1"": ""yes""}"
m2e_1,na - prenatal: cs health professional,byte,M2E_1,"{""0"": ""no"", ""1"": ""yes""}"
m2e_2,na - prenatal: cs health professional,byte,M2E_2,"{""0"": ""no"", ""1"": ""yes""}"
m2e_3,na - prenatal: cs health professional,byte,M2E_3,"{""0"": ""no"", ""1"": ""yes""}"
m2e_4,na - prenatal: cs health professional,byte,M2E_4,"{""0"": ""no"", ""1"": ""yes""}"
m2e_5,na - prenatal: cs health professional,byte,M2E_5,"{""0"": ""no"", ""1"": ""yes""}"
m2e_6,na - prenatal: cs health professional,byte,M2E_6,"{""0"": ""no"", ""1"": ""yes""}"
m2f_1,na - prenatal: cs health professional,byte,M2F_1,"{""0"": ""no"", ""1"": ""yes""}"
m2f_2,na - prenatal: cs health professional,byte,M2F_2,"{""0"": ""no"", ""1"": ""yes""}"
m2f_3,na - prenatal: cs health professional,byte,M2F_3,"{""0"": ""no"", ""1"": ""yes""}"
m2f_4,na - prenatal: cs health professional,byte,M2F_4,"{""0"": ""no"", ""1"": ""yes""}"
m2f_5,na - prenatal: cs health professional,byte,M2F_5,"{""0"": ""no"", ""1"": ""yes""}"
m2f_6,na - prenatal: cs health professional,byte,M2F_6,"{""0"": ""no"", ""1"": ""yes""}"
m2g_1,prenatal: dai/traditional birth attendant,byte,M2G_1,"{""0"": ""no"", ""1"": ""yes""}"
m2g_2,prenatal: dai/traditional birth attendant,byte,M2G_2,"{""0"": ""no"", ""1"": ""yes""}"
m2g_3,prenatal: dai/traditional birth attendant,byte,M2G_3,"{""0"": ""no"", ""1"": ""yes""}"
m2g_4,prenatal: dai/traditional birth attendant,byte,M2G_4,"{""0"": ""no"", ""1"": ""yes""}"
m2g_5,prenatal: dai/traditional birth attendant,byte,M2G_5,"{""0"": ""no"", ""1"": ""yes""}"
m2g_6,prenatal: dai/traditional birth attendant,byte,M2G_6,"{""0"": ""no"", ""1"": ""yes""}"
m2h_1,prenatal: community/village health worker,byte,M2H_1,"{""0"": ""no"", ""1"": ""yes""}"
m2h_2,prenatal: community/village health worker,byte,M2H_2,"{""0"": ""no"", ""1"": ""yes""}"
m2h_3,prenatal: community/village health worker,byte,M2H_3,"{""0"": ""no"", ""1"": ""yes""}"
m2h_4,prenatal: community/village health worker,byte,M2H_4,"{""0"": ""no"", ""1"": ""yes""}"
m2h_5,prenatal: community/village health worker,byte,M2H_5,"{""0"": ""no"", ""1"": ""yes""}"
m2h_6,prenatal: community/village health worker,byte,M2H_6,"{""0"": ""no"", ""1"": ""yes""}"
m2i_1,prenatal: anganwadi/icds worker,byte,M2I_1,"{""0"": ""no"", ""1"": ""yes""}"
m2i_2,prenatal: anganwadi/icds worker,byte,M2I_2,"{""0"": ""no"", ""1"": ""yes""}"
m2i_3,prenatal: anganwadi/icds worker,byte,M2I_3,"{""0"": ""no"", ""1"": ""yes""}"
m2i_4,prenatal: anganwadi/icds worker,byte,M2I_4,"{""0"": ""no"", ""1"": ""yes""}"
m2i_5,prenatal: anganwadi/icds worker,byte,M2I_5,"{""0"": ""no"", ""1"": ""yes""}"
m2i_6,prenatal: anganwadi/icds worker,byte,M2I_6,"{""0"": ""no"", ""1"": ""yes""}"
m2j_1,prenatal: asha,byte,M2J_1,"{""0"": ""no"", ""1"": ""yes""}"
m2j_2,prenatal: asha,byte,M2J_2,"{""0"": ""no"", ""1"": ""yes""}"
m2j_3,prenatal: asha,byte,M2J_3,"{""0"": ""no"", ""1"": ""yes""}"
m2j_4,prenatal: asha,byte,M2J_4,"{""0"": ""no"", ""1"": ""yes""}"
m2j_5,prenatal: asha,byte,M2J_5,"{""0"": ""no"", ""1"": ""yes""}"
m2j_6,prenatal: asha,byte,M2J_6,"{""0"": ""no"", ""1"": ""yes""}"
m2k_1,prenatal: other,byte,M2K_1,"{""0"": ""no"", ""1"": ""yes""}"
m2k_2,prenatal: other,byte,M2K_2,"{""0"": ""no"", ""1"": ""yes""}"
m2k_3,prenatal: other,byte,M2K_3,"{""0"": ""no"", ""1"": ""yes""}"
m2k_4,prenatal: other,byte,M2K_4,"{""0"": ""no"", ""1"": ""yes""}"
m2k_5,prenatal: other,byte,M2K_5,"{""0"": ""no"", ""1"": ""yes""}"
m2k_6,prenatal: other,byte,M2K_6,"{""0"": ""no"", ""1"": ""yes""}"
m2l_1,na - prenatal: cs other,byte,M2L_1,"{""0"": ""no"", ""1"": ""yes""}"
m2l_2,na - prenatal: cs other,byte,M2L_2,"{""0"": ""no"", ""1"": ""yes""}"
m2l_3,na - prenatal: cs other,byte,M2L_3,"{""0"": ""no"", ""1"": ""yes""}"
m2l_4,na - prenatal: cs other,byte,M2L_4,"{""0"": ""no"", ""1"": ""yes""}"
m2l_5,na - prenatal: cs other,byte,M2L_5,"{""0"": ""no"", ""1"": ""yes""}"
m2l_6,na - prenatal: cs other,byte,M2L_6,"{""0"": ""no"", ""1"": ""yes""}"
m2m_1,na - prenatal: cs other,byte,M2M_1,"{""0"": ""no"", ""1"": ""yes""}"
m2m_2,na - prenatal: cs other,byte,M2M_2,"{""0"": ""no"", ""1"": ""yes""}"
m2m_3,na - prenatal: cs other,byte,M2M_3,"{""0"": ""no"", ""1"": ""yes""}"
m2m_4,na - prenatal: cs other,byte,M2M_4,"{""0"": ""no"", ""1"": ""yes""}"
m2m_5,na - prenatal: cs other,byte,M2M_5,"{""0"": ""no"", ""1"": ""yes""}"
m2m_6,na - prenatal: cs other,byte,M2M_6,"{""0"": ""no"", ""1"": ""yes""}"
m2n_1,prenatal: no one,byte,M2N_1,"{""0"": ""no: some care"", ""1"": ""yes: no care""}"
m2n_2,prenatal: no one,byte,M2N_2,"{""0"": ""no: some care"", ""1"": ""yes: no care""}"
m2n_3,prenatal: no one,byte,M2N_3,"{""0"": ""no: some care"", ""1"": ""yes: no care""}"
m2n_4,prenatal: no one,byte,M2N_4,"{""0"": ""no: some care"", ""1"": ""yes: no care""}"
m2n_5,prenatal: no one,byte,M2N_5,"{""0"": ""no: some care"", ""1"": ""yes: no care""}"
m2n_6,prenatal: no one,byte,M2N_6,"{""0"": ""no: some care"", ""1"": ""yes: no care""}"
m3a_1,assistance: doctor,byte,M3A_1,"{""0"": ""no"", ""1"": ""yes""}"
m3a_2,assistance: doctor,byte,M3A_2,"{""0"": ""no"", ""1"": ""yes""}"
m3a_3,assistance: doctor,byte,M3A_3,"{""0"": ""no"", ""1"": ""yes""}"
m3a_4,assistance: doctor,byte,M3A_4,"{""0"": ""no"", ""1"": ""yes""}"
m3a_5,assistance: doctor,byte,M3A_5,"{""0"": ""no"", ""1"": ""yes""}"
m3a_6,assistance: doctor,byte,M3A_6,"{""0"": ""no"", ""1"": ""yes""}"
m3b_1,assistance: anm/nurse/midwife/lhv,byte,M3B_1,"{""0"": ""no"", ""1"": ""yes""}"
m3b_2,assistance: anm/nurse/midwife/lhv,byte,M3B_2,"{""0"": ""no"", ""1"": ""yes""}"
m3b_3,assistance: anm/nurse/midwife/lhv,byte,M3B_3,"{""0"": ""no"", ""1"": ""yes""}"
m3b_4,assistance: anm/nurse/midwife/lhv,byte,M3B_4,"{""0"": ""no"", ""1"": ""yes""}"
m3b_5,assistance: anm/nurse/midwife/lhv,byte,M3B_5,"{""0"": ""no"", ""1"": ""yes""}"
m3b_6,assistance: anm/nurse/midwife/lhv,byte,M3B_6,"{""0"": ""no"", ""1"": ""yes""}"
m3c_1,assistance: other health professional,byte,M3C_1,"{""0"": ""no"", ""1"": ""yes""}"
m3c_2,assistance: other health professional,byte,M3C_2,"{""0"": ""no"", ""1"": ""yes""}"
m3c_3,assistance: other health professional,byte,M3C_3,"{""0"": ""no"", ""1"": ""yes""}"
m3c_4,assistance: other health professional,byte,M3C_4,"{""0"": ""no"", ""1"": ""yes""}"
m3c_5,assistance: other health professional,byte,M3C_5,"{""0"": ""no"", ""1"": ""yes""}"
m3c_6,assistance: other health professional,byte,M3C_6,"{""0"": ""no"", ""1"": ""yes""}"
m3d_1,na - assistance: cs health professional,byte,M3D_1,"{""0"": ""no"", ""1"": ""yes""}"
m3d_2,na - assistance: cs health professional,byte,M3D_2,"{""0"": ""no"", ""1"": ""yes""}"
m3d_3,na - assistance: cs health professional,byte,M3D_3,"{""0"": ""no"", ""1"": ""yes""}"
m3d_4,na - assistance: cs health professional,byte,M3D_4,"{""0"": ""no"", ""1"": ""yes""}"
m3d_5,na - assistance: cs health professional,byte,M3D_5,"{""0"": ""no"", ""1"": ""yes""}"
m3d_6,na - assistance: cs health professional,byte,M3D_6,"{""0"": ""no"", ""1"": ""yes""}"
m3e_1,na - assistance: cs health professional,byte,M3E_1,"{""0"": ""no"", ""1"": ""yes""}"
m3e_2,na - assistance: cs health professional,byte,M3E_2,"{""0"": ""no"", ""1"": ""yes""}"
m3e_3,na - assistance: cs health professional,byte,M3E_3,"{""0"": ""no"", ""1"": ""yes""}"
m3e_4,na - assistance: cs health professional,byte,M3E_4,"{""0"": ""no"", ""1"": ""yes""}"
m3e_5,na - assistance: cs health professional,byte,M3E_5,"{""0"": ""no"", ""1"": ""yes""}"
m3e_6,na - assistance: cs health professional,byte,M3E_6,"{""0"": ""no"", ""1"": ""yes""}"
m3f_1,na - assistance: cs health professional,byte,M3F_1,"{""0"": ""no"", ""1"": ""yes""}"
m3f_2,na - assistance: cs health professional,byte,M3F_2,"{""0"": ""no"", ""1"": ""yes""}"
m3f_3,na - assistance: cs health professional,byte,M3F_3,"{""0"": ""no"", ""1"": ""yes""}"
m3f_4,na - assistance: cs health professional,byte,M3F_4,"{""0"": ""no"", ""1"": ""yes""}"
m3f_5,na - assistance: cs health professional,byte,M3F_5,"{""0"": ""no"", ""1"": ""yes""}"
m3f_6,na - assistance: cs health professional,byte,M3F_6,"{""0"": ""no"", ""1"": ""yes""}"
m3g_1,assistance: dai/traditional birth attendant,byte,M3G_1,"{""0"": ""no"", ""1"": ""yes""}"
m3g_2,assistance: dai/traditional birth attendant,byte,M3G_2,"{""0"": ""no"", ""1"": ""yes""}"
m3g_3,assistance: dai/traditional birth attendant,byte,M3G_3,"{""0"": ""no"", ""1"": ""yes""}"
m3g_4,assistance: dai/traditional birth attendant,byte,M3G_4,"{""0"": ""no"", ""1"": ""yes""}"
m3g_5,assistance: dai/traditional birth attendant,byte,M3G_5,"{""0"": ""no"", ""1"": ""yes""}"
m3g_6,assistance: dai/traditional birth attendant,byte,M3G_6,"{""0"": ""no"", ""1"": ""yes""}"
m3h_1,assistance: friend / relative,byte,M3H_1,"{""0"": ""no"", ""1"": ""yes""}"
m3h_2,assistance: friend / relative,byte,M3H_2,"{""0"": ""no"", ""1"": ""yes""}"
m3h_3,assistance: friend / relative,byte,M3H_3,"{""0"": ""no"", ""1"": ""yes""}"
m3h_4,assistance: friend / relative,byte,M3H_4,"{""0"": ""no"", ""1"": ""yes""}"
m3h_5,assistance: friend / relative,byte,M3H_5,"{""0"": ""no"", ""1"": ""yes""}"
m3h_6,assistance: friend / relative,byte,M3H_6,"{""0"": ""no"", ""1"": ""yes""}"
m3i_1,na - assistance: cs other person,byte,M3I_1,"{""0"": ""no"", ""1"": ""yes""}"
m3i_2,na - assistance: cs other person,byte,M3I_2,"{""0"": ""no"", ""1"": ""yes""}"
m3i_3,na - assistance: cs other person,byte,M3I_3,"{""0"": ""no"", ""1"": ""yes""}"
m3i_4,na - assistance: cs other person,byte,M3I_4,"{""0"": ""no"", ""1"": ""yes""}"
m3i_5,na - assistance: cs other person,byte,M3I_5,"{""0"": ""no"", ""1"": ""yes""}"
m3i_6,na - assistance: cs other person,byte,M3I_6,"{""0"": ""no"", ""1"": ""yes""}"
m3j_1,na - assistance: cs other person,byte,M3J_1,"{""0"": ""no"", ""1"": ""yes""}"
m3j_2,na - assistance: cs other person,byte,M3J_2,"{""0"": ""no"", ""1"": ""yes""}"
m3j_3,na - assistance: cs other person,byte,M3J_3,"{""0"": ""no"", ""1"": ""yes""}"
m3j_4,na - assistance: cs other person,byte,M3J_4,"{""0"": ""no"", ""1"": ""yes""}"
m3j_5,na - assistance: cs other person,byte,M3J_5,"{""0"": ""no"", ""1"": ""yes""}"
m3j_6,na - assistance: cs other person,byte,M3J_6,"{""0"": ""no"", ""1"": ""yes""}"
m3k_1,assistance: other,byte,M3K_1,"{""0"": ""no"", ""1"": ""yes""}"
m3k_2,assistance: other,byte,M3K_2,"{""0"": ""no"", ""1"": ""yes""}"
m3k_3,assistance: other,byte,M3K_3,"{""0"": ""no"", ""1"": ""yes""}"
m3k_4,assistance: other,byte,M3K_4,"{""0"": ""no"", ""1"": ""yes""}"
m3k_5,assistance: other,byte,M3K_5,"{""0"": ""no"", ""1"": ""yes""}"
m3k_6,assistance: other,byte,M3K_6,"{""0"": ""no"", ""1"": ""yes""}"
m3l_1,na - assistance: cs other,byte,M3L_1,"{""0"": ""no"", ""1"": ""yes""}"
m3l_2,na - assistance: cs other,byte,M3L_2,"{""0"": ""no"", ""1"": ""yes""}"
m3l_3,na - assistance: cs other,byte,M3L_3,"{""0"": ""no"", ""1"": ""yes""}"
m3l_4,na - assistance: cs other,byte,M3L_4,"{""0"": ""no"", ""1"": ""yes""}"
m3l_5,na - assistance: cs other,byte,M3L_5,"{""0"": ""no"", ""1"": ""yes""}"
m3l_6,na - assistance: cs other,byte,M3L_6,"{""0"": ""no"", ""1"": ""yes""}"
m3m_1,na - assistance: cs other,byte,M3M_1,"{""0"": ""no"", ""1"": ""yes""}"
m3m_2,na - assistance: cs other,byte,M3M_2,"{""0"": ""no"", ""1"": ""yes""}"
m3m_3,na - assistance: cs other,byte,M3M_3,"{""0"": ""no"", ""1"": ""yes""}"
m3m_4,na - assistance: cs other,byte,M3M_4,"{""0"": ""no"", ""1"": ""yes""}"
m3m_5,na - assistance: cs other,byte,M3M_5,"{""0"": ""no"", ""1"": ""yes""}"
m3m_6,na - assistance: cs other,byte,M3M_6,"{""0"": ""no"", ""1"": ""yes""}"
m3n_1,assistance: no one,byte,M3N_1,"{""0"": ""no: some assistance"", ""1"": ""yes: no assistance""}"
m3n_2,assistance: no one,byte,M3N_2,"{""0"": ""no: some assistance"", ""1"": ""yes: no assistance""}"
m3n_3,assistance: no one,byte,M3N_3,"{""0"": ""no: some assistance"", ""1"": ""yes: no assistance""}"
m3n_4,assistance: no one,byte,M3N_4,"{""0"": ""no: some assistance"", ""1"": ""yes: no assistance""}"
m3n_5,assistance: no one,byte,M3N_5,"{""0"": ""no: some assistance"", ""1"": ""yes: no assistance""}"
m3n_6,assistance: no one,byte,M3N_6,"{""0"": ""no: some assistance"", ""1"": ""yes: no assistance""}"
m4_1,duration of breastfeeding,byte,M4_1,"{""93"": ""ever breastfed, not currently breastfeeding"", ""94"": ""never breastfed"", ""95"": ""still breastfeeding"", ""96"": ""breastfed until died"", ""97"": ""inconsistent"", ""98"": ""don't know""}"
m4_2,duration of breastfeeding,byte,M4_2,"{""93"": ""ever breastfed, not currently breastfeeding"", ""94"": ""never breastfed"", ""95"": ""still breastfeeding"", ""96"": ""breastfed until died"", ""97"": ""inconsistent"", ""98"": ""don't know""}"
m4_3,duration of breastfeeding,byte,M4_3,"{""93"": ""ever breastfed, not currently breastfeeding"", ""94"": ""never breastfed"", ""95"": ""still breastfeeding"", ""96"": ""breastfed until died"", ""97"": ""inconsistent"", ""98"": ""don't know""}"
m4_4,duration of breastfeeding,byte,M4_4,"{""93"": ""ever breastfed, not currently breastfeeding"", ""94"": ""never breastfed"", ""95"": ""still breastfeeding"", ""96"": ""breastfed until died"", ""97"": ""inconsistent"", ""98"": ""don't know""}"
m4_5,duration of breastfeeding,byte,M4_5,"{""93"": ""ever breastfed, not currently breastfeeding"", ""94"": ""never breastfed"", ""95"": ""still breastfeeding"", ""96"": ""breastfed until died"", ""97"": ""inconsistent"", ""98"": ""don't know""}"
m4_6,duration of breastfeeding,byte,M4_6,"{""93"": ""ever breastfed, not currently breastfeeding"", ""94"": ""never breastfed"", ""95"": ""still breastfeeding"", ""96"": ""breastfed until died"", ""97"": ""inconsistent"", ""98"": ""don't know""}"
m5_1,months of breastfeeding,byte,M5_1,"{""93"": ""ever breastfed, not currently breastfeeding"", ""94"": ""never breastfed"", ""97"": ""inconsistent"", ""98"": ""don't know""}"
m5_2,months of breastfeeding,byte,M5_2,"{""93"": ""ever breastfed, not currently breastfeeding"", ""94"": ""never breastfed"", ""97"": ""inconsistent"", ""98"": ""don't know""}"
m5_3,months of breastfeeding,byte,M5_3,"{""93"": ""ever breastfed, not currently breastfeeding"", ""94"": ""never breastfed"", ""97"": ""inconsistent"", ""98"": ""don't know""}"
m5_4,months of breastfeeding,byte,M5_4,"{""93"": ""ever breastfed, not currently breastfeeding"", ""94"": ""never breastfed"", ""97"": ""inconsistent"", ""98"": ""don't know""}"
m5_5,months of breastfeeding,byte,M5_5,"{""93"": ""ever breastfed, not currently breastfeeding"", ""94"": ""never breastfed"", ""97"": ""inconsistent"", ""98"": ""don't know""}"
m5_6,months of breastfeeding,byte,M5_6,"{""93"": ""ever breastfed, not currently breastfeeding"", ""94"": ""never breastfed"", ""97"": ""inconsistent"", ""98"": ""don't know""}"
m6_1,duration of amenorrhea,byte,M6_1,"{""96"": ""period not returned"", ""97"": ""inconsistent"", ""98"": ""don't know""}"
m6_2,duration of amenorrhea,byte,M6_2,"{""96"": ""period not returned"", ""97"": ""inconsistent"", ""98"": ""don't know""}"
m6_3,duration of amenorrhea,byte,M6_3,"{""96"": ""period not returned"", ""97"": ""inconsistent"", ""98"": ""don't know""}"
m6_4,duration of amenorrhea,byte,M6_4,"{""96"": ""period not returned"", ""97"": ""inconsistent"", ""98"": ""don't know""}"
m6_5,duration of amenorrhea,byte,M6_5,"{""96"": ""period not returned"", ""97"": ""inconsistent"", ""98"": ""don't know""}"
m6_6,duration of amenorrhea,byte,M6_6,"{""96"": ""period not returned"", ""97"": ""inconsistent"", ""98"": ""don't know""}"
m7_1,months of amenorrhea,byte,M7_1,"{""97"": ""inconsistent"", ""98"": ""don't know""}"
m7_2,months of amenorrhea,byte,M7_2,"{""97"": ""inconsistent"", ""98"": ""don't know""}"
m7_3,months of amenorrhea,byte,M7_3,"{""97"": ""inconsistent"", ""98"": ""don't know""}"
m7_4,months of amenorrhea,byte,M7_4,"{""97"": ""inconsistent"", ""98"": ""don't know""}"
m7_5,months of amenorrhea,byte,M7_5,"{""97"": ""inconsistent"", ""98"": ""don't know""}"
m7_6,months of amenorrhea,byte,M7_6,"{""97"": ""inconsistent"", ""98"": ""don't know""}"
m8_1,duration of abstinence,byte,M8_1,"{""96"": ""still abstaining"", ""97"": ""inconsistent"", ""98"": ""don't know""}"
m8_2,duration of abstinence,byte,M8_2,"{""96"": ""still abstaining"", ""97"": ""inconsistent"", ""98"": ""don't know""}"
m8_3,duration of abstinence,byte,M8_3,"{""96"": ""still abstaining"", ""97"": ""inconsistent"", ""98"": ""don't know""}"
m8_4,duration of abstinence,byte,M8_4,"{""96"": ""still abstaining"", ""97"": ""inconsistent"", ""98"": ""don't know""}"
m8_5,duration of abstinence,byte,M8_5,"{""96"": ""still abstaining"", ""97"": ""inconsistent"", ""98"": ""don't know""}"
m8_6,duration of abstinence,byte,M8_6,"{""96"": ""still abstaining"", ""97"": ""inconsistent"", ""98"": ""don't know""}"
m9_1,months of abstinence,byte,M9_1,"{""97"": ""inconsistent"", ""98"": ""don't know""}"
m9_2,months of abstinence,byte,M9_2,"{""97"": ""inconsistent"", ""98"": ""don't know""}"
m9_3,months of abstinence,byte,M9_3,"{""97"": ""inconsistent"", ""98"": ""don't know""}"
m9_4,months of abstinence,byte,M9_4,"{""97"": ""inconsistent"", ""98"": ""don't know""}"
m9_5,months of abstinence,byte,M9_5,"{""97"": ""inconsistent"", ""98"": ""don't know""}"
m9_6,months of abstinence,byte,M9_6,"{""97"": ""inconsistent"", ""98"": ""don't know""}"
m10_1,wanted pregnancy when became pregnant,byte,M10_1,"{""1"": ""then"", ""2"": ""later"", ""3"": ""no more""}"
m10_2,wanted pregnancy when became pregnant,byte,M10_2,"{""1"": ""then"", ""2"": ""later"", ""3"": ""no more""}"
m10_3,wanted pregnancy when became pregnant,byte,M10_3,"{""1"": ""then"", ""2"": ""later"", ""3"": ""no more""}"
m10_4,wanted pregnancy when became pregnant,byte,M10_4,"{""1"": ""then"", ""2"": ""later"", ""3"": ""no more""}"
m10_5,wanted pregnancy when became pregnant,byte,M10_5,"{""1"": ""then"", ""2"": ""later"", ""3"": ""no more""}"
m10_6,wanted pregnancy when became pregnant,byte,M10_6,"{""1"": ""then"", ""2"": ""later"", ""3"": ""no more""}"
m11_1,desired time would have waited,int,M11_1,"{""101"": ""months: 1"", ""199"": ""months: number missing"", ""201"": ""years: 1"", ""299"": ""years: number missing"", ""998"": ""don't know""}"
m11_2,desired time would have waited,int,M11_2,"{""101"": ""months: 1"", ""199"": ""months: number missing"", ""201"": ""years: 1"", ""299"": ""years: number missing"", ""998"": ""don't know""}"
m11_3,desired time would have waited,int,M11_3,"{""101"": ""months: 1"", ""199"": ""months: number missing"", ""201"": ""years: 1"", ""299"": ""years: number missing"", ""998"": ""don't know""}"
m11_4,desired time would have waited,int,M11_4,"{""101"": ""months: 1"", ""199"": ""months: number missing"", ""201"": ""years: 1"", ""299"": ""years: number missing"", ""998"": ""don't know""}"
m11_5,desired time would have waited,int,M11_5,"{""101"": ""months: 1"", ""199"": ""months: number missing"", ""201"": ""years: 1"", ""299"": ""years: number missing"", ""998"": ""don't know""}"
m11_6,desired time would have waited,byte,M11_6,"{""101"": ""months: 1"", ""199"": ""months: number missing"", ""201"": ""years: 1"", ""299"": ""years: number missing"", ""998"": ""don't know""}"
m13_1,timing of 1st antenatal check (months),byte,M13_1,"{""98"": ""don't know""}"
m13_2,timing of 1st antenatal check (months),byte,M13_2,"{""98"": ""don't know""}"
m13_3,timing of 1st antenatal check (months),byte,M13_3,"{""98"": ""don't know""}"
m13_4,timing of 1st antenatal check (months),byte,M13_4,"{""98"": ""don't know""}"
m13_5,timing of 1st antenatal check (months),byte,M13_5,"{""98"": ""don't know""}"
m13_6,timing of 1st antenatal check (months),byte,M13_6,"{""98"": ""don't know""}"
m14_1,number of antenatal visits during pregnancy,byte,M14_1,"{""0"": ""no antenatal visits"", ""98"": ""don't know""}"
m14_2,number of antenatal visits during pregnancy,byte,M14_2,"{""0"": ""no antenatal visits"", ""98"": ""don't know""}"
m14_3,number of antenatal visits during pregnancy,byte,M14_3,"{""0"": ""no antenatal visits"", ""98"": ""don't know""}"
m14_4,number of antenatal visits during pregnancy,byte,M14_4,"{""0"": ""no antenatal visits"", ""98"": ""don't know""}"
m14_5,number of antenatal visits during pregnancy,byte,M14_5,"{""0"": ""no antenatal visits"", ""98"": ""don't know""}"
m14_6,number of antenatal visits during pregnancy,byte,M14_6,"{""0"": ""no antenatal visits"", ""98"": ""don't know""}"
m15_1,place of delivery,byte,M15_1,"{""10"": ""home"", ""11"": ""respondent's home"", ""12"": ""other home"", ""13"": ""parents' home"", ""20"": ""public sector"", ""21"": ""public: govt./munic. hospital"", ""22"": ""public: govt. dispensary"", ""23"": ""public: uhc/uhp/ufwc"", ""24"": ""public: chc/rural hospital/block phc"", ""25"": ""public: phc/additional phc"", ""26"": ""public: sub-centre"", ""27"": ""other public sector health facility"", ""30"": ""private sector"", ""31"": ""private: hospital/maternity home/clinic"", ""32"": ""other private sector health facility"", ""33"": ""ngo or trust hospital/clinic"", ""96"": ""other""}"
m15_2,place of delivery,byte,M15_2,"{""10"": ""home"", ""11"": ""respondent's home"", ""12"": ""other home"", ""13"": ""parents' home"", ""20"": ""public sector"", ""21"": ""public: govt./munic. hospital"", ""22"": ""public: govt. dispensary"", ""23"": ""public: uhc/uhp/ufwc"", ""24"": ""public: chc/rural hospital/block phc"", ""25"": ""public: phc/additional phc"", ""26"": ""public: sub-centre"", ""27"": ""other public sector health facility"", ""30"": ""private sector"", ""31"": ""private: hospital/maternity home/clinic"", ""32"": ""other private sector health facility"", ""33"": ""ngo or trust hospital/clinic"", ""96"": ""other""}"
m15_3,place of delivery,byte,M15_3,"{""10"": ""home"", ""11"": ""respondent's home"", ""12"": ""other home"", ""13"": ""parents' home"", ""20"": ""public sector"", ""21"": ""public: govt./munic. hospital"", ""22"": ""public: govt. dispensary"", ""23"": ""public: uhc/uhp/ufwc"", ""24"": ""public: chc/rural hospital/block phc"", ""25"": ""public: phc/additional phc"", ""26"": ""public: sub-centre"", ""27"": ""other public sector health facility"", ""30"": ""private sector"", ""31"": ""private: hospital/maternity home/clinic"", ""32"": ""other private sector health facility"", ""33"": ""ngo or trust hospital/clinic"", ""96"": ""other""}"
m15_4,place of delivery,byte,M15_4,"{""10"": ""home"", ""11"": ""respondent's home"", ""12"": ""other home"", ""13"": ""parents' home"", ""20"": ""public sector"", ""21"": ""public: govt./munic. hospital"", ""22"": ""public: govt. dispensary"", ""23"": ""public: uhc/uhp/ufwc"", ""24"": ""public: chc/rural hospital/block phc"", ""25"": ""public: phc/additional phc"", ""26"": ""public: sub-centre"", ""27"": ""other public sector health facility"", ""30"": ""private sector"", ""31"": ""private: hospital/maternity home/clinic"", ""32"": ""other private sector health facility"", ""33"": ""ngo or trust hospital/clinic"", ""96"": ""other""}"
m15_5,place of delivery,byte,M15_5,"{""10"": ""home"", ""11"": ""respondent's home"", ""12"": ""other home"", ""13"": ""parents' home"", ""20"": ""public sector"", ""21"": ""public: govt./munic. hospital"", ""22"": ""public: govt. dispensary"", ""23"": ""public: uhc/uhp/ufwc"", ""24"": ""public: chc/rural hospital/block phc"", ""25"": ""public: phc/additional phc"", ""26"": ""public: sub-centre"", ""27"": ""other public sector health facility"", ""30"": ""private sector"", ""31"": ""private: hospital/maternity home/clinic"", ""32"": ""other private sector health facility"", ""33"": ""ngo or trust hospital/clinic"", ""96"": ""other""}"
m15_6,place of delivery,byte,M15_6,"{""10"": ""home"", ""11"": ""respondent's home"", ""12"": ""other home"", ""13"": ""parents' home"", ""20"": ""public sector"", ""21"": ""public: govt./munic. hospital"", ""22"": ""public: govt. dispensary"", ""23"": ""public: uhc/uhp/ufwc"", ""24"": ""public: chc/rural hospital/block phc"", ""25"": ""public: phc/additional phc"", ""26"": ""public: sub-centre"", ""27"": ""other public sector health facility"", ""30"": ""private sector"", ""31"": ""private: hospital/maternity home/clinic"", ""32"": ""other private sector health facility"", ""33"": ""ngo or trust hospital/clinic"", ""96"": ""other""}"
m17_1,delivery by caesarean section,byte,M17_1,"{""0"": ""no"", ""1"": ""yes""}"
m17_2,delivery by caesarean section,byte,M17_2,"{""0"": ""no"", ""1"": ""yes""}"
m17_3,delivery by caesarean section,byte,M17_3,"{""0"": ""no"", ""1"": ""yes""}"
m17_4,delivery by caesarean section,byte,M17_4,"{""0"": ""no"", ""1"": ""yes""}"
m17_5,delivery by caesarean section,byte,M17_5,"{""0"": ""no"", ""1"": ""yes""}"
m17_6,delivery by caesarean section,byte,M17_6,"{""0"": ""no"", ""1"": ""yes""}"
m17a_1,timing on decision for caesarean section,byte,M17A_1,"{""1"": ""before labor started"", ""2"": ""after labor started"", ""8"": ""don't know""}"
m17a_2,timing on decision for caesarean section,byte,M17A_2,"{""1"": ""before labor started"", ""2"": ""after labor started"", ""8"": ""don't know""}"
m17a_3,timing on decision for caesarean section,byte,M17A_3,"{""1"": ""before labor started"", ""2"": ""after labor started"", ""8"": ""don't know""}"
m17a_4,timing on decision for caesarean section,byte,M17A_4,"{""1"": ""before labor started"", ""2"": ""after labor started"", ""8"": ""don't know""}"
m17a_5,timing on decision for caesarean section,byte,M17A_5,"{""1"": ""before labor started"", ""2"": ""after labor started"", ""8"": ""don't know""}"
m17a_6,timing on decision for caesarean section,byte,M17A_6,"{""1"": ""before labor started"", ""2"": ""after labor started"", ""8"": ""don't know""}"
m18_1,size of child at birth,byte,M18_1,"{""1"": ""very large"", ""2"": ""larger than average"", ""3"": ""average"", ""4"": ""smaller than average"", ""5"": ""very small"", ""8"": ""don't know""}"
m18_2,size of child at birth,byte,M18_2,"{""1"": ""very large"", ""2"": ""larger than average"", ""3"": ""average"", ""4"": ""smaller than average"", ""5"": ""very small"", ""8"": ""don't know""}"
m18_3,size of child at birth,byte,M18_3,"{""1"": ""very large"", ""2"": ""larger than average"", ""3"": ""average"", ""4"": ""smaller than average"", ""5"": ""very small"", ""8"": ""don't know""}"
m18_4,size of child at birth,byte,M18_4,"{""1"": ""very large"", ""2"": ""larger than average"", ""3"": ""average"", ""4"": ""smaller than average"", ""5"": ""very small"", ""8"": ""don't know""}"
m18_5,size of child at birth,byte,M18_5,"{""1"": ""very large"", ""2"": ""larger than average"", ""3"": ""average"", ""4"": ""smaller than average"", ""5"": ""very small"", ""8"": ""don't know""}"
m18_6,size of child at birth,byte,M18_6,"{""1"": ""very large"", ""2"": ""larger than average"", ""3"": ""average"", ""4"": ""smaller than average"", ""5"": ""very small"", ""8"": ""don't know""}"
m19_1,birth weight in kilograms (3 decimals),int,M19_1,"{""9996"": ""not weighed at birth"", ""9998"": ""don't know""}"
m19_2,birth weight in kilograms (3 decimals),int,M19_2,"{""9996"": ""not weighed at birth"", ""9998"": ""don't know""}"
m19_3,birth weight in kilograms (3 decimals),int,M19_3,"{""9996"": ""not weighed at birth"", ""9998"": ""don't know""}"
m19_4,birth weight in kilograms (3 decimals),int,M19_4,"{""9996"": ""not weighed at birth"", ""9998"": ""don't know""}"
m19_5,birth weight in kilograms (3 decimals),int,M19_5,"{""9996"": ""not weighed at birth"", ""9998"": ""don't know""}"
m19_6,birth weight in kilograms (3 decimals),int,M19_6,"{""9996"": ""not weighed at birth"", ""9998"": ""don't know""}"
m19a_1,weight at birth/recall,byte,M19A_1,"{""0"": ""not weighed"", ""1"": ""from written card"", ""2"": ""from mother's recall"", ""8"": ""don't know"", ""9"": ""special answers""}"
m19a_2,weight at birth/recall,byte,M19A_2,"{""0"": ""not weighed"", ""1"": ""from written card"", ""2"": ""from mother's recall"", ""8"": ""don't know"", ""9"": ""special answers""}"
m19a_3,weight at birth/recall,byte,M19A_3,"{""0"": ""not weighed"", ""1"": ""from written card"", ""2"": ""from mother's recall"", ""8"": ""don't know"", ""9"": ""special answers""}"
m19a_4,weight at birth/recall,byte,M19A_4,"{""0"": ""not weighed"", ""1"": ""from written card"", ""2"": ""from mother's recall"", ""8"": ""don't know"", ""9"": ""special answers""}"
m19a_5,weight at birth/recall,byte,M19A_5,"{""0"": ""not weighed"", ""1"": ""from written card"", ""2"": ""from mother's recall"", ""8"": ""don't know"", ""9"": ""special answers""}"
m19a_6,weight at birth/recall,byte,M19A_6,"{""0"": ""not weighed"", ""1"": ""from written card"", ""2"": ""from mother's recall"", ""8"": ""don't know"", ""9"": ""special answers""}"
m27_1,flag for breastfeeding,byte,M27_1,"{""0"": ""no flag"", ""1"": ""> interval"", ""2"": ""> interval by 1 month"", ""3"": ""> age at death"", ""4"": ""during pregnancy in calendar""}"
m27_2,flag for breastfeeding,byte,M27_2,"{""0"": ""no flag"", ""1"": ""> interval"", ""2"": ""> interval by 1 month"", ""3"": ""> age at death"", ""4"": ""during pregnancy in calendar""}"
m27_3,flag for breastfeeding,byte,M27_3,"{""0"": ""no flag"", ""1"": ""> interval"", ""2"": ""> interval by 1 month"", ""3"": ""> age at death"", ""4"": ""during pregnancy in calendar""}"
m27_4,flag for breastfeeding,byte,M27_4,"{""0"": ""no flag"", ""1"": ""> interval"", ""2"": ""> interval by 1 month"", ""3"": ""> age at death"", ""4"": ""during pregnancy in calendar""}"
m27_5,flag for breastfeeding,byte,M27_5,"{""0"": ""no flag"", ""1"": ""> interval"", ""2"": ""> interval by 1 month"", ""3"": ""> age at death"", ""4"": ""during pregnancy in calendar""}"
m27_6,flag for breastfeeding,byte,M27_6,"{""0"": ""no flag"", ""1"": ""> interval"", ""2"": ""> interval by 1 month"", ""3"": ""> age at death"", ""4"": ""during pregnancy in calendar""}"
m28_1,flag for amenorrhea,byte,M28_1,"{""0"": ""no flag"", ""1"": ""> interval"", ""2"": ""> interval by 1 month"", ""4"": ""during pregnancy in calendar""}"
m28_2,flag for amenorrhea,byte,M28_2,"{""0"": ""no flag"", ""1"": ""> interval"", ""2"": ""> interval by 1 month"", ""4"": ""during pregnancy in calendar""}"
m28_3,flag for amenorrhea,byte,M28_3,"{""0"": ""no flag"", ""1"": ""> interval"", ""2"": ""> interval by 1 month"", ""4"": ""during pregnancy in calendar""}"
m28_4,flag for amenorrhea,byte,M28_4,"{""0"": ""no flag"", ""1"": ""> interval"", ""2"": ""> interval by 1 month"", ""4"": ""during pregnancy in calendar""}"
m28_5,flag for amenorrhea,byte,M28_5,"{""0"": ""no flag"", ""1"": ""> interval"", ""2"": ""> interval by 1 month"", ""4"": ""during pregnancy in calendar""}"
m28_6,flag for amenorrhea,byte,M28_6,"{""0"": ""no flag"", ""1"": ""> interval"", ""2"": ""> interval by 1 month"", ""4"": ""during pregnancy in calendar""}"
m29_1,flag for abstinence,byte,M29_1,"{""0"": ""no flag"", ""1"": ""> interval"", ""2"": ""> interval by 1 month"", ""4"": ""during pregnancy in calendar""}"
m29_2,flag for abstinence,byte,M29_2,"{""0"": ""no flag"", ""1"": ""> interval"", ""2"": ""> interval by 1 month"", ""4"": ""during pregnancy in calendar""}"
m29_3,flag for abstinence,byte,M29_3,"{""0"": ""no flag"", ""1"": ""> interval"", ""2"": ""> interval by 1 month"", ""4"": ""during pregnancy in calendar""}"
m29_4,flag for abstinence,byte,M29_4,"{""0"": ""no flag"", ""1"": ""> interval"", ""2"": ""> interval by 1 month"", ""4"": ""during pregnancy in calendar""}"
m29_5,flag for abstinence,byte,M29_5,"{""0"": ""no flag"", ""1"": ""> interval"", ""2"": ""> interval by 1 month"", ""4"": ""during pregnancy in calendar""}"
m29_6,flag for abstinence,byte,M29_6,"{""0"": ""no flag"", ""1"": ""> interval"", ""2"": ""> interval by 1 month"", ""4"": ""during pregnancy in calendar""}"
m34_1,when child put to breast,int,M34_1,"{""0"": ""immediately"", ""100"": ""within first hour"", ""101"": ""hours: 1"", ""199"": ""hours: number missing"", ""201"": ""days: 1"", ""299"": ""days: number missing""}"
m34_2,when child put to breast,int,M34_2,"{""0"": ""immediately"", ""100"": ""within first hour"", ""101"": ""hours: 1"", ""199"": ""hours: number missing"", ""201"": ""days: 1"", ""299"": ""days: number missing""}"
m34_3,when child put to breast,int,M34_3,"{""0"": ""immediately"", ""100"": ""within first hour"", ""101"": ""hours: 1"", ""199"": ""hours: number missing"", ""201"": ""days: 1"", ""299"": ""days: number missing""}"
m34_4,when child put to breast,byte,M34_4,"{""0"": ""immediately"", ""100"": ""within first hour"", ""101"": ""hours: 1"", ""199"": ""hours: number missing"", ""201"": ""days: 1"", ""299"": ""days: number missing""}"
m34_5,when child put to breast,byte,M34_5,"{""0"": ""immediately"", ""100"": ""within first hour"", ""101"": ""hours: 1"", ""199"": ""hours: number missing"", ""201"": ""days: 1"", ""299"": ""days: number missing""}"
m34_6,when child put to breast,byte,M34_6,"{""0"": ""immediately"", ""100"": ""within first hour"", ""101"": ""hours: 1"", ""199"": ""hours: number missing"", ""201"": ""days: 1"", ""299"": ""days: number missing""}"
m35_1,na - number of times breastfed during previous night,byte,M35_1,"{""96"": ""on demand""}"
m35_2,na - number of times breastfed during previous night,byte,M35_2,"{""96"": ""on demand""}"
m35_3,na - number of times breastfed during previous night,byte,M35_3,"{""96"": ""on demand""}"
m35_4,na - number of times breastfed during previous night,byte,M35_4,"{""96"": ""on demand""}"
m35_5,na - number of times breastfed during previous night,byte,M35_5,"{""96"": ""on demand""}"
m35_6,na - number of times breastfed during previous night,byte,M35_6,"{""96"": ""on demand""}"
m36_1,na - number of times breastfed during previous day,byte,M36_1,"{""96"": ""on demand""}"
m36_2,na - number of times breastfed during previous day,byte,M36_2,"{""96"": ""on demand""}"
m36_3,na - number of times breastfed during previous day,byte,M36_3,"{""96"": ""on demand""}"
m36_4,na - number of times breastfed during previous day,byte,M36_4,"{""96"": ""on demand""}"
m36_5,na - number of times breastfed during previous day,byte,M36_5,"{""96"": ""on demand""}"
m36_6,na - number of times breastfed during previous day,byte,M36_6,"{""96"": ""on demand""}"
m38_1,drank from bottle with nipple yesterday/last night,byte,M38_1,"{""0"": ""no"", ""1"": ""yes"", ""8"": ""don't know""}"
m38_2,drank from bottle with nipple yesterday/last night,byte,M38_2,"{""0"": ""no"", ""1"": ""yes"", ""8"": ""don't know""}"
m38_3,drank from bottle with nipple yesterday/last night,byte,M38_3,"{""0"": ""no"", ""1"": ""yes"", ""8"": ""don't know""}"
m38_4,drank from bottle with nipple yesterday/last night,byte,M38_4,"{""0"": ""no"", ""1"": ""yes"", ""8"": ""don't know""}"
m38_5,drank from bottle with nipple yesterday/last night,byte,M38_5,"{""0"": ""no"", ""1"": ""yes"", ""8"": ""don't know""}"
m38_6,drank from bottle with nipple yesterday/last night,byte,M38_6,"{""0"": ""no"", ""1"": ""yes"", ""8"": ""don't know""}"
m39_1,"number of times ate solid, semi-solid or soft food yesterday",byte,M39_1,"{""0"": ""none"", ""7"": ""7+"", ""8"": ""don't know""}"
m39_2,"number of times ate solid, semi-solid or soft food yesterday",byte,M39_2,"{""0"": ""none"", ""7"": ""7+"", ""8"": ""don't know""}"
m39_3,"number of times ate solid, semi-solid or soft food yesterday",byte,M39_3,"{""0"": ""none"", ""7"": ""7+"", ""8"": ""don't know""}"
m39_4,"number of times ate solid, semi-solid or soft food yesterday",byte,M39_4,"{""0"": ""none"", ""7"": ""7+"", ""8"": ""don't know""}"
m39_5,"number of times ate solid, semi-solid or soft food yesterday",byte,M39_5,"{""0"": ""none"", ""7"": ""7+"", ""8"": ""don't know""}"
m39_6,"number of times ate solid, semi-solid or soft food yesterday",byte,M39_6,"{""0"": ""none"", ""7"": ""7+"", ""8"": ""don't know""}"
m39a_1,"did eat any solid, semi-solid or soft foods yesterday",byte,M39A_1,"{""0"": ""no"", ""1"": ""yes"", ""8"": ""don't know""}"
m39a_2,"did eat any solid, semi-solid or soft foods yesterday",byte,M39A_2,"{""0"": ""no"", ""1"": ""yes"", ""8"": ""don't know""}"
m39a_3,"did eat any solid, semi-solid or soft foods yesterday",byte,M39A_3,"{""0"": ""no"", ""1"": ""yes"", ""8"": ""don't know""}"
m39a_4,"did eat any solid, semi-solid or soft foods yesterday",byte,M39A_4,"{""0"": ""no"", ""1"": ""yes"", ""8"": ""don't know""}"
m39a_5,"did eat any solid, semi-solid or soft foods yesterday",byte,M39A_5,"{""0"": ""no"", ""1"": ""yes"", ""8"": ""don't know""}"
m39a_6,"did eat any solid, semi-solid or soft foods yesterday",byte,M39A_6,"{""0"": ""no"", ""1"": ""yes"", ""8"": ""don't know""}"
m42a_1,during pregnancy: weighed,byte,M42A_1,"{""0"": ""no"", ""1"": ""yes""}"
m42a_2,during pregnancy: weighed,byte,M42A_2,"{""0"": ""no"", ""1"": ""yes""}"
m42a_3,during pregnancy: weighed,byte,M42A_3,"{""0"": ""no"", ""1"": ""yes""}"
m42a_4,during pregnancy: weighed,byte,M42A_4,"{""0"": ""no"", ""1"": ""yes""}"
m42a_5,during pregnancy: weighed,byte,M42A_5,"{""0"": ""no"", ""1"": ""yes""}"
m42a_6,during pregnancy: weighed,byte,M42A_6,"{""0"": ""no"", ""1"": ""yes""}"
m42b_1,na - during pregnancy: height measured,byte,M42B_1,"{""0"": ""no"", ""1"": ""yes""}"
m42b_2,na - during pregnancy: height measured,byte,M42B_2,"{""0"": ""no"", ""1"": ""yes""}"
m42b_3,na - during pregnancy: height measured,byte,M42B_3,"{""0"": ""no"", ""1"": ""yes""}"
m42b_4,na - during pregnancy: height measured,byte,M42B_4,"{""0"": ""no"", ""1"": ""yes""}"
m42b_5,na - during pregnancy: height measured,byte,M42B_5,"{""0"": ""no"", ""1"": ""yes""}"
m42b_6,na - during pregnancy: height measured,byte,M42B_6,"{""0"": ""no"", ""1"": ""yes""}"
m42c_1,during pregnancy: blood pressure taken,byte,M42C_1,"{""0"": ""no"", ""1"": ""yes""}"
m42c_2,during pregnancy: blood pressure taken,byte,M42C_2,"{""0"": ""no"", ""1"": ""yes""}"
m42c_3,during pregnancy: blood pressure taken,byte,M42C_3,"{""0"": ""no"", ""1"": ""yes""}"
m42c_4,during pregnancy: blood pressure taken,byte,M42C_4,"{""0"": ""no"", ""1"": ""yes""}"
m42c_5,during pregnancy: blood pressure taken,byte,M42C_5,"{""0"": ""no"", ""1"": ""yes""}"
m42c_6,during pregnancy: blood pressure taken,byte,M42C_6,"{""0"": ""no"", ""1"": ""yes""}"
m42d_1,during pregnancy: urine sample taken,byte,M42D_1,"{""0"": ""no"", ""1"": ""yes""}"
m42d_2,during pregnancy: urine sample taken,byte,M42D_2,"{""0"": ""no"", ""1"": ""yes""}"
m42d_3,during pregnancy: urine sample taken,byte,M42D_3,"{""0"": ""no"", ""1"": ""yes""}"
m42d_4,during pregnancy: urine sample taken,byte,M42D_4,"{""0"": ""no"", ""1"": ""yes""}"
m42d_5,during pregnancy: urine sample taken,byte,M42D_5,"{""0"": ""no"", ""1"": ""yes""}"
m42d_6,during pregnancy: urine sample taken,byte,M42D_6,"{""0"": ""no"", ""1"": ""yes""}"
m42e_1,during pregnancy: blood sample taken,byte,M42E_1,"{""0"": ""no"", ""1"": ""yes""}"
m42e_2,during pregnancy: blood sample taken,byte,M42E_2,"{""0"": ""no"", ""1"": ""yes""}"
m42e_3,during pregnancy: blood sample taken,byte,M42E_3,"{""0"": ""no"", ""1"": ""yes""}"
m42e_4,during pregnancy: blood sample taken,byte,M42E_4,"{""0"": ""no"", ""1"": ""yes""}"
m42e_5,during pregnancy: blood sample taken,byte,M42E_5,"{""0"": ""no"", ""1"": ""yes""}"
m42e_6,during pregnancy: blood sample taken,byte,M42E_6,"{""0"": ""no"", ""1"": ""yes""}"
m43_1,told about pregnancy complications,byte,M43_1,"{""0"": ""no"", ""1"": ""yes"", ""8"": ""don't know""}"
m43_2,told about pregnancy complications,byte,M43_2,"{""0"": ""no"", ""1"": ""yes"", ""8"": ""don't know""}"
m43_3,told about pregnancy complications,byte,M43_3,"{""0"": ""no"", ""1"": ""yes"", ""8"": ""don't know""}"
m43_4,told about pregnancy complications,byte,M43_4,"{""0"": ""no"", ""1"": ""yes"", ""8"": ""don't know""}"
m43_5,told about pregnancy complications,byte,M43_5,"{""0"": ""no"", ""1"": ""yes"", ""8"": ""don't know""}"
m43_6,told about pregnancy complications,byte,M43_6,"{""0"": ""no"", ""1"": ""yes"", ""8"": ""don't know""}"
m44_1,told where to go for pregnancy complications,byte,M44_1,"{""0"": ""no"", ""1"": ""yes"", ""8"": ""don't know""}"
m44_2,told where to go for pregnancy complications,byte,M44_2,"{""0"": ""no"", ""1"": ""yes"", ""8"": ""don't know""}"
m44_3,told where to go for pregnancy complications,byte,M44_3,"{""0"": ""no"", ""1"": ""yes"", ""8"": ""don't know""}"
m44_4,told where to go for pregnancy complications,byte,M44_4,"{""0"": ""no"", ""1"": ""yes"", ""8"": ""don't know""}"
m44_5,told where to go for pregnancy complications,byte,M44_5,"{""0"": ""no"", ""1"": ""yes"", ""8"": ""don't know""}"
m44_6,told where to go for pregnancy complications,byte,M44_6,"{""0"": ""no"", ""1"": ""yes"", ""8"": ""don't know""}"
m45_1,"during pregnancy, given or bought iron tablets/syrup",byte,M45_1,"{""0"": ""no"", ""1"": ""yes"", ""8"": ""don't know""}"
m45_2,"during pregnancy, given or bought iron tablets/syrup",byte,M45_2,"{""0"": ""no"", ""1"": ""yes"", ""8"": ""don't know""}"
m45_3,"during pregnancy, given or bought iron tablets/syrup",byte,M45_3,"{""0"": ""no"", ""1"": ""yes"", ""8"": ""don't know""}"
m45_4,"during pregnancy, given or bought iron tablets/syrup",byte,M45_4,"{""0"": ""no"", ""1"": ""yes"", ""8"": ""don't know""}"
m45_5,"during pregnancy, given or bought iron tablets/syrup",byte,M45_5,"{""0"": ""no"", ""1"": ""yes"", ""8"": ""don't know""}"
m45_6,"during pregnancy, given or bought iron tablets/syrup",byte,M45_6,"{""0"": ""no"", ""1"": ""yes"", ""8"": ""don't know""}"
m46_1,days tablets or syrup taken,int,M46_1,"{""0"": ""were not taken"", ""998"": ""don't know""}"
m46_2,days tablets or syrup taken,byte,M46_2,"{""0"": ""were not taken"", ""998"": ""don't know""}"
m46_3,days tablets or syrup taken,byte,M46_3,"{""0"": ""were not taken"", ""998"": ""don't know""}"
m46_4,days tablets or syrup taken,byte,M46_4,"{""0"": ""were not taken"", ""998"": ""don't know""}"
m46_5,days tablets or syrup taken,byte,M46_5,"{""0"": ""were not taken"", ""998"": ""don't know""}"
m46_6,days tablets or syrup taken,byte,M46_6,"{""0"": ""were not taken"", ""998"": ""don't know""}"
m47_1,"during pregnancy, had difficulty with daylight vision",byte,M47_1,"{""0"": ""no"", ""1"": ""yes"", ""8"": ""don't know""}"
m47_2,"during pregnancy, had difficulty with daylight vision",byte,M47_2,"{""0"": ""no"", ""1"": ""yes"", ""8"": ""don't know""}"
m47_3,"during pregnancy, had difficulty with daylight vision",byte,M47_3,"{""0"": ""no"", ""1"": ""yes"", ""8"": ""don't know""}"
m47_4,"during pregnancy, had difficulty with daylight vision",byte,M47_4,"{""0"": ""no"", ""1"": ""yes"", ""8"": ""don't know""}"
m47_5,"during pregnancy, had difficulty with daylight vision",byte,M47_5,"{""0"": ""no"", ""1"": ""yes"", ""8"": ""don't know""}"
m47_6,"during pregnancy, had difficulty with daylight vision",byte,M47_6,"{""0"": ""no"", ""1"": ""yes"", ""8"": ""don't know""}"
m48_1,"na - during pregnancy, had difficulty with night blindness",byte,M48_1,"{""0"": ""no"", ""1"": ""yes"", ""8"": ""don't know""}"
m48_2,"na - during pregnancy, had difficulty with night blindness",byte,M48_2,"{""0"": ""no"", ""1"": ""yes"", ""8"": ""don't know""}"
m48_3,"na - during pregnancy, had difficulty with night blindness",byte,M48_3,"{""0"": ""no"", ""1"": ""yes"", ""8"": ""don't know""}"
m48_4,"na - during pregnancy, had difficulty with night blindness",byte,M48_4,"{""0"": ""no"", ""1"": ""yes"", ""8"": ""don't know""}"
m48_5,"na - during pregnancy, had difficulty with night blindness",byte,M48_5,"{""0"": ""no"", ""1"": ""yes"", ""8"": ""don't know""}"
m48_6,"na - during pregnancy, had difficulty with night blindness",byte,M48_6,"{""0"": ""no"", ""1"": ""yes"", ""8"": ""don't know""}"
m49a_1,na - during pregnancy took: sp/fansidar for malaria,byte,M49A_1,"{""0"": ""no"", ""1"": ""yes"", ""8"": ""don't know""}"
m49a_2,na - during pregnancy took: sp/fansidar for malaria,byte,M49A_2,"{""0"": ""no"", ""1"": ""yes"", ""8"": ""don't know""}"
m49a_3,na - during pregnancy took: sp/fansidar for malaria,byte,M49A_3,"{""0"": ""no"", ""1"": ""yes"", ""8"": ""don't know""}"
m49a_4,na - during pregnancy took: sp/fansidar for malaria,byte,M49A_4,"{""0"": ""no"", ""1"": ""yes"", ""8"": ""don't know""}"
m49a_5,na - during pregnancy took: sp/fansidar for malaria,byte,M49A_5,"{""0"": ""no"", ""1"": ""yes"", ""8"": ""don't know""}"
m49a_6,na - during pregnancy took: sp/fansidar for malaria,byte,M49A_6,"{""0"": ""no"", ""1"": ""yes"", ""8"": ""don't know""}"
m49b_1,na - during pregnancy took: chloroquine for malaria,byte,M49B_1,"{""0"": ""no"", ""1"": ""yes"", ""8"": ""don't know""}"
m49b_2,na - during pregnancy took: chloroquine for malaria,byte,M49B_2,"{""0"": ""no"", ""1"": ""yes"", ""8"": ""don't know""}"
m49b_3,na - during pregnancy took: chloroquine for malaria,byte,M49B_3,"{""0"": ""no"", ""1"": ""yes"", ""8"": ""don't know""}"
m49b_4,na - during pregnancy took: chloroquine for malaria,byte,M49B_4,"{""0"": ""no"", ""1"": ""yes"", ""8"": ""don't know""}"
m49b_5,na - during pregnancy took: chloroquine for malaria,byte,M49B_5,"{""0"": ""no"", ""1"": ""yes"", ""8"": ""don't know""}"
m49b_6,na - during pregnancy took: chloroquine for malaria,byte,M49B_6,"{""0"": ""no"", ""1"": ""yes"", ""8"": ""don't know""}"
m49c_1,na - during pregnancy took: cs drug for malaria,byte,M49C_1,"{""0"": ""no"", ""1"": ""yes"", ""8"": ""don't know""}"
m49c_2,na - during pregnancy took: cs drug for malaria,byte,M49C_2,"{""0"": ""no"", ""1"": ""yes"", ""8"": ""don't know""}"
m49c_3,na - during pregnancy took: cs drug for malaria,byte,M49C_3,"{""0"": ""no"", ""1"": ""yes"", ""8"": ""don't know""}"
m49c_4,na - during pregnancy took: cs drug for malaria,byte,M49C_4,"{""0"": ""no"", ""1"": ""yes"", ""8"": ""don't know""}"
m49c_5,na - during pregnancy took: cs drug for malaria,byte,M49C_5,"{""0"": ""no"", ""1"": ""yes"", ""8"": ""don't know""}"
m49c_6,na - during pregnancy took: cs drug for malaria,byte,M49C_6,"{""0"": ""no"", ""1"": ""yes"", ""8"": ""don't know""}"
m49d_1,na - during pregnancy took: cs drug for malaria,byte,M49D_1,"{""0"": ""no"", ""1"": ""yes"", ""8"": ""don't know""}"
m49d_2,na - during pregnancy took: cs drug for malaria,byte,M49D_2,"{""0"": ""no"", ""1"": ""yes"", ""8"": ""don't know""}"
m49d_3,na - during pregnancy took: cs drug for malaria,byte,M49D_3,"{""0"": ""no"", ""1"": ""yes"", ""8"": ""don't know""}"
m49d_4,na - during pregnancy took: cs drug for malaria,byte,M49D_4,"{""0"": ""no"", ""1"": ""yes"", ""8"": ""don't know""}"
m49d_5,na - during pregnancy took: cs drug for malaria,byte,M49D_5,"{""0"": ""no"", ""1"": ""yes"", ""8"": ""don't know""}"
m49d_6,na - during pregnancy took: cs drug for malaria,byte,M49D_6,"{""0"": ""no"", ""1"": ""yes"", ""8"": ""don't know""}"
m49e_1,na - during pregnancy took: cs drug for malaria,byte,M49E_1,"{""0"": ""no"", ""1"": ""yes"", ""8"": ""don't know""}"
m49e_2,na - during pregnancy took: cs drug for malaria,byte,M49E_2,"{""0"": ""no"", ""1"": ""yes"", ""8"": ""don't know""}"
m49e_3,na - during pregnancy took: cs drug for malaria,byte,M49E_3,"{""0"": ""no"", ""1"": ""yes"", ""8"": ""don't know""}"
m49e_4,na - during pregnancy took: cs drug for malaria,byte,M49E_4,"{""0"": ""no"", ""1"": ""yes"", ""8"": ""don't know""}"
m49e_5,na - during pregnancy took: cs drug for malaria,byte,M49E_5,"{""0"": ""no"", ""1"": ""yes"", ""8"": ""don't know""}"
m49e_6,na - during pregnancy took: cs drug for malaria,byte,M49E_6,"{""0"": ""no"", ""1"": ""yes"", ""8"": ""don't know""}"
m49f_1,na - during pregnancy took: cs drug for malaria,byte,M49F_1,"{""0"": ""no"", ""1"": ""yes"", ""8"": ""don't know""}"
m49f_2,na - during pregnancy took: cs drug for malaria,byte,M49F_2,"{""0"": ""no"", ""1"": ""yes"", ""8"": ""don't know""}"
m49f_3,na - during pregnancy took: cs drug for malaria,byte,M49F_3,"{""0"": ""no"", ""1"": ""yes"", ""8"": ""don't know""}"
m49f_4,na - during pregnancy took: cs drug for malaria,byte,M49F_4,"{""0"": ""no"", ""1"": ""yes"", ""8"": ""don't know""}"
m49f_5,na - during pregnancy took: cs drug for malaria,byte,M49F_5,"{""0"": ""no"", ""1"": ""yes"", ""8"": ""don't know""}"
m49f_6,na - during pregnancy took: cs drug for malaria,byte,M49F_6,"{""0"": ""no"", ""1"": ""yes"", ""8"": ""don't know""}"
m49g_1,na - during pregnancy took: cs drug for malaria,byte,M49G_1,"{""0"": ""no"", ""1"": ""yes"", ""8"": ""don't know""}"
m49g_2,na - during pregnancy took: cs drug for malaria,byte,M49G_2,"{""0"": ""no"", ""1"": ""yes"", ""8"": ""don't know""}"
m49g_3,na - during pregnancy took: cs drug for malaria,byte,M49G_3,"{""0"": ""no"", ""1"": ""yes"", ""8"": ""don't know""}"
m49g_4,na - during pregnancy took: cs drug for malaria,byte,M49G_4,"{""0"": ""no"", ""1"": ""yes"", ""8"": ""don't know""}"
m49g_5,na - during pregnancy took: cs drug for malaria,byte,M49G_5,"{""0"": ""no"", ""1"": ""yes"", ""8"": ""don't know""}"
m49g_6,na - during pregnancy took: cs drug for malaria,byte,M49G_6,"{""0"": ""no"", ""1"": ""yes"", ""8"": ""don't know""}"
m49x_1,na - during pregnancy took: other drug for malaria,byte,M49X_1,"{""0"": ""no"", ""1"": ""yes"", ""8"": ""don't know""}"
m49x_2,na - during pregnancy took: other drug for malaria,byte,M49X_2,"{""0"": ""no"", ""1"": ""yes"", ""8"": ""don't know""}"
m49x_3,na - during pregnancy took: other drug for malaria,byte,M49X_3,"{""0"": ""no"", ""1"": ""yes"", ""8"": ""don't know""}"
m49x_4,na - during pregnancy took: other drug for malaria,byte,M49X_4,"{""0"": ""no"", ""1"": ""yes"", ""8"": ""don't know""}"
m49x_5,na - during pregnancy took: other drug for malaria,byte,M49X_5,"{""0"": ""no"", ""1"": ""yes"", ""8"": ""don't know""}"
m49x_6,na - during pregnancy took: other drug for malaria,byte,M49X_6,"{""0"": ""no"", ""1"": ""yes"", ""8"": ""don't know""}"
m49y_1,na - during pregnancy took: no drug for malaria,byte,M49Y_1,"{""0"": ""no"", ""1"": ""yes, took no drug"", ""8"": ""don't know""}"
m49y_2,na - during pregnancy took: no drug for malaria,byte,M49Y_2,"{""0"": ""no"", ""1"": ""yes, took no drug"", ""8"": ""don't know""}"
m49y_3,na - during pregnancy took: no drug for malaria,byte,M49Y_3,"{""0"": ""no"", ""1"": ""yes, took no drug"", ""8"": ""don't know""}"
m49y_4,na - during pregnancy took: no drug for malaria,byte,M49Y_4,"{""0"": ""no"", ""1"": ""yes, took no drug"", ""8"": ""don't know""}"
m49y_5,na - during pregnancy took: no drug for malaria,byte,M49Y_5,"{""0"": ""no"", ""1"": ""yes, took no drug"", ""8"": ""don't know""}"
m49y_6,na - during pregnancy took: no drug for malaria,byte,M49Y_6,"{""0"": ""no"", ""1"": ""yes, took no drug"", ""8"": ""don't know""}"
m49z_1,na - during pregnancy took: don't know,byte,M49Z_1,"{""0"": ""no"", ""1"": ""yes: don't know which drug taken"", ""8"": ""don't know""}"
m49z_2,na - during pregnancy took: don't know,byte,M49Z_2,"{""0"": ""no"", ""1"": ""yes: don't know which drug taken"", ""8"": ""don't know""}"
m49z_3,na - during pregnancy took: don't know,byte,M49Z_3,"{""0"": ""no"", ""1"": ""yes: don't know which drug taken"", ""8"": ""don't know""}"
m49z_4,na - during pregnancy took: don't know,byte,M49Z_4,"{""0"": ""no"", ""1"": ""yes: don't know which drug taken"", ""8"": ""don't know""}"
m49z_5,na - during pregnancy took: don't know,byte,M49Z_5,"{""0"": ""no"", ""1"": ""yes: don't know which drug taken"", ""8"": ""don't know""}"
m49z_6,na - during pregnancy took: don't know,byte,M49Z_6,"{""0"": ""no"", ""1"": ""yes: don't know which drug taken"", ""8"": ""don't know""}"
m54_1,na - received vitamin a dose in first 2 months after delivery,byte,M54_1,"{""0"": ""no"", ""1"": ""yes"", ""8"": ""don't know""}"
m54_2,na - received vitamin a dose in first 2 months after delivery,byte,M54_2,"{""0"": ""no"", ""1"": ""yes"", ""8"": ""don't know""}"
m54_3,na - received vitamin a dose in first 2 months after delivery,byte,M54_3,"{""0"": ""no"", ""1"": ""yes"", ""8"": ""don't know""}"
m54_4,na - received vitamin a dose in first 2 months after delivery,byte,M54_4,"{""0"": ""no"", ""1"": ""yes"", ""8"": ""don't know""}"
m54_5,na - received vitamin a dose in first 2 months after delivery,byte,M54_5,"{""0"": ""no"", ""1"": ""yes"", ""8"": ""don't know""}"
m54_6,na - received vitamin a dose in first 2 months after delivery,byte,M54_6,"{""0"": ""no"", ""1"": ""yes"", ""8"": ""don't know""}"
m55_1,given child anything other than breast milk,byte,M55_1,"{""0"": ""no"", ""1"": ""yes""}"
m55_2,given child anything other than breast milk,byte,M55_2,"{""0"": ""no"", ""1"": ""yes""}"
m55_3,given child anything other than breast milk,byte,M55_3,"{""0"": ""no"", ""1"": ""yes""}"
m55_4,given child anything other than breast milk,byte,M55_4,"{""0"": ""no"", ""1"": ""yes""}"
m55_5,given child anything other than breast milk,byte,M55_5,"{""0"": ""no"", ""1"": ""yes""}"
m55_6,given child anything other than breast milk,byte,M55_6,"{""0"": ""no"", ""1"": ""yes""}"
m55a_1,"first 3 days, given milk (other than breast milk)",byte,M55A_1,"{""0"": ""no"", ""1"": ""yes""}"
m55a_2,"first 3 days, given milk (other than breast milk)",byte,M55A_2,"{""0"": ""no"", ""1"": ""yes""}"
m55a_3,"first 3 days, given milk (other than breast milk)",byte,M55A_3,"{""0"": ""no"", ""1"": ""yes""}"
m55a_4,"first 3 days, given milk (other than breast milk)",byte,M55A_4,"{""0"": ""no"", ""1"": ""yes""}"
m55a_5,"first 3 days, given milk (other than breast milk)",byte,M55A_5,"{""0"": ""no"", ""1"": ""yes""}"
m55a_6,"first 3 days, given milk (other than breast milk)",byte,M55A_6,"{""0"": ""no"", ""1"": ""yes""}"
m55b_1,"first 3 days, given plain water",byte,M55B_1,"{""0"": ""no"", ""1"": ""yes""}"
m55b_2,"first 3 days, given plain water",byte,M55B_2,"{""0"": ""no"", ""1"": ""yes""}"
m55b_3,"first 3 days, given plain water",byte,M55B_3,"{""0"": ""no"", ""1"": ""yes""}"
m55b_4,"first 3 days, given plain water",byte,M55B_4,"{""0"": ""no"", ""1"": ""yes""}"
m55b_5,"first 3 days, given plain water",byte,M55B_5,"{""0"": ""no"", ""1"": ""yes""}"
m55b_6,"first 3 days, given plain water",byte,M55B_6,"{""0"": ""no"", ""1"": ""yes""}"
m55c_1,"first 3 days, given sugar/glucose water",byte,M55C_1,"{""0"": ""no"", ""1"": ""yes""}"
m55c_2,"first 3 days, given sugar/glucose water",byte,M55C_2,"{""0"": ""no"", ""1"": ""yes""}"
m55c_3,"first 3 days, given sugar/glucose water",byte,M55C_3,"{""0"": ""no"", ""1"": ""yes""}"
m55c_4,"first 3 days, given sugar/glucose water",byte,M55C_4,"{""0"": ""no"", ""1"": ""yes""}"
m55c_5,"first 3 days, given sugar/glucose water",byte,M55C_5,"{""0"": ""no"", ""1"": ""yes""}"
m55c_6,"first 3 days, given sugar/glucose water",byte,M55C_6,"{""0"": ""no"", ""1"": ""yes""}"
m55d_1,"first 3 days, given gripe water",byte,M55D_1,"{""0"": ""no"", ""1"": ""yes""}"
m55d_2,"first 3 days, given gripe water",byte,M55D_2,"{""0"": ""no"", ""1"": ""yes""}"
m55d_3,"first 3 days, given gripe water",byte,M55D_3,"{""0"": ""no"", ""1"": ""yes""}"
m55d_4,"first 3 days, given gripe water",byte,M55D_4,"{""0"": ""no"", ""1"": ""yes""}"
m55d_5,"first 3 days, given gripe water",byte,M55D_5,"{""0"": ""no"", ""1"": ""yes""}"
m55d_6,"first 3 days, given gripe water",byte,M55D_6,"{""0"": ""no"", ""1"": ""yes""}"
m55e_1,"first 3 days, given sugar/salt solution",byte,M55E_1,"{""0"": ""no"", ""1"": ""yes""}"
m55e_2,"first 3 days, given sugar/salt solution",byte,M55E_2,"{""0"": ""no"", ""1"": ""yes""}"
m55e_3,"first 3 days, given sugar/salt solution",byte,M55E_3,"{""0"": ""no"", ""1"": ""yes""}"
m55e_4,"first 3 days, given sugar/salt solution",byte,M55E_4,"{""0"": ""no"", ""1"": ""yes""}"
m55e_5,"first 3 days, given sugar/salt solution",byte,M55E_5,"{""0"": ""no"", ""1"": ""yes""}"
m55e_6,"first 3 days, given sugar/salt solution",byte,M55E_6,"{""0"": ""no"", ""1"": ""yes""}"
m55f_1,"first 3 days, given fruit juice",byte,M55F_1,"{""0"": ""no"", ""1"": ""yes""}"
m55f_2,"first 3 days, given fruit juice",byte,M55F_2,"{""0"": ""no"", ""1"": ""yes""}"
m55f_3,"first 3 days, given fruit juice",byte,M55F_3,"{""0"": ""no"", ""1"": ""yes""}"
m55f_4,"first 3 days, given fruit juice",byte,M55F_4,"{""0"": ""no"", ""1"": ""yes""}"
m55f_5,"first 3 days, given fruit juice",byte,M55F_5,"{""0"": ""no"", ""1"": ""yes""}"
m55f_6,"first 3 days, given fruit juice",byte,M55F_6,"{""0"": ""no"", ""1"": ""yes""}"
m55g_1,"first 3 days, given infant formula",byte,M55G_1,"{""0"": ""no"", ""1"": ""yes""}"
m55g_2,"first 3 days, given infant formula",byte,M55G_2,"{""0"": ""no"", ""1"": ""yes""}"
m55g_3,"first 3 days, given infant formula",byte,M55G_3,"{""0"": ""no"", ""1"": ""yes""}"
m55g_4,"first 3 days, given infant formula",byte,M55G_4,"{""0"": ""no"", ""1"": ""yes""}"
m55g_5,"first 3 days, given infant formula",byte,M55G_5,"{""0"": ""no"", ""1"": ""yes""}"
m55g_6,"first 3 days, given infant formula",byte,M55G_6,"{""0"": ""no"", ""1"": ""yes""}"
m55h_1,"first 3 days, given tea/infusions",byte,M55H_1,"{""0"": ""no"", ""1"": ""yes""}"
m55h_2,"first 3 days, given tea/infusions",byte,M55H_2,"{""0"": ""no"", ""1"": ""yes""}"
m55h_3,"first 3 days, given tea/infusions",byte,M55H_3,"{""0"": ""no"", ""1"": ""yes""}"
m55h_4,"first 3 days, given tea/infusions",byte,M55H_4,"{""0"": ""no"", ""1"": ""yes""}"
m55h_5,"first 3 days, given tea/infusions",byte,M55H_5,"{""0"": ""no"", ""1"": ""yes""}"
m55h_6,"first 3 days, given tea/infusions",byte,M55H_6,"{""0"": ""no"", ""1"": ""yes""}"
m55i_1,"first 3 days, given honey",byte,M55I_1,"{""0"": ""no"", ""1"": ""yes""}"
m55i_2,"first 3 days, given honey",byte,M55I_2,"{""0"": ""no"", ""1"": ""yes""}"
m55i_3,"first 3 days, given honey",byte,M55I_3,"{""0"": ""no"", ""1"": ""yes""}"
m55i_4,"first 3 days, given honey",byte,M55I_4,"{""0"": ""no"", ""1"": ""yes""}"
m55i_5,"first 3 days, given honey",byte,M55I_5,"{""0"": ""no"", ""1"": ""yes""}"
m55i_6,"first 3 days, given honey",byte,M55I_6,"{""0"": ""no"", ""1"": ""yes""}"
m55j_1,"na - first 3 days, given coffee",byte,M55J_1,"{""0"": ""no"", ""1"": ""yes""}"
m55j_2,"na - first 3 days, given coffee",byte,M55J_2,"{""0"": ""no"", ""1"": ""yes""}"
m55j_3,"na - first 3 days, given coffee",byte,M55J_3,"{""0"": ""no"", ""1"": ""yes""}"
m55j_4,"na - first 3 days, given coffee",byte,M55J_4,"{""0"": ""no"", ""1"": ""yes""}"
m55j_5,"na - first 3 days, given coffee",byte,M55J_5,"{""0"": ""no"", ""1"": ""yes""}"
m55j_6,"na - first 3 days, given coffee",byte,M55J_6,"{""0"": ""no"", ""1"": ""yes""}"
m55k_1,"first 3 days, given janam ghutti",byte,M55K_1,"{""0"": ""no"", ""1"": ""yes""}"
m55k_2,"first 3 days, given janam ghutti",byte,M55K_2,"{""0"": ""no"", ""1"": ""yes""}"
m55k_3,"first 3 days, given janam ghutti",byte,M55K_3,"{""0"": ""no"", ""1"": ""yes""}"
m55k_4,"first 3 days, given janam ghutti",byte,M55K_4,"{""0"": ""no"", ""1"": ""yes""}"
m55k_5,"first 3 days, given janam ghutti",byte,M55K_5,"{""0"": ""no"", ""1"": ""yes""}"
m55k_6,"first 3 days, given janam ghutti",byte,M55K_6,"{""0"": ""no"", ""1"": ""yes""}"
m55l_1,"na - first 3 days, given country specific",byte,M55L_1,"{""0"": ""no"", ""1"": ""yes""}"
m55l_2,"na - first 3 days, given country specific",byte,M55L_2,"{""0"": ""no"", ""1"": ""yes""}"
m55l_3,"na - first 3 days, given country specific",byte,M55L_3,"{""0"": ""no"", ""1"": ""yes""}"
m55l_4,"na - first 3 days, given country specific",byte,M55L_4,"{""0"": ""no"", ""1"": ""yes""}"
m55l_5,"na - first 3 days, given country specific",byte,M55L_5,"{""0"": ""no"", ""1"": ""yes""}"
m55l_6,"na - first 3 days, given country specific",byte,M55L_6,"{""0"": ""no"", ""1"": ""yes""}"
m55m_1,"na - first 3 days, given country specific",byte,M55M_1,"{""0"": ""no"", ""1"": ""yes""}"
m55m_2,"na - first 3 days, given country specific",byte,M55M_2,"{""0"": ""no"", ""1"": ""yes""}"
m55m_3,"na - first 3 days, given country specific",byte,M55M_3,"{""0"": ""no"", ""1"": ""yes""}"
m55m_4,"na - first 3 days, given country specific",byte,M55M_4,"{""0"": ""no"", ""1"": ""yes""}"
m55m_5,"na - first 3 days, given country specific",byte,M55M_5,"{""0"": ""no"", ""1"": ""yes""}"
m55m_6,"na - first 3 days, given country specific",byte,M55M_6,"{""0"": ""no"", ""1"": ""yes""}"
m55n_1,"na - first 3 days, given country specific",byte,M55N_1,"{""0"": ""no"", ""1"": ""yes""}"
m55n_2,"na - first 3 days, given country specific",byte,M55N_2,"{""0"": ""no"", ""1"": ""yes""}"
m55n_3,"na - first 3 days, given country specific",byte,M55N_3,"{""0"": ""no"", ""1"": ""yes""}"
m55n_4,"na - first 3 days, given country specific",byte,M55N_4,"{""0"": ""no"", ""1"": ""yes""}"
m55n_5,"na - first 3 days, given country specific",byte,M55N_5,"{""0"": ""no"", ""1"": ""yes""}"
m55n_6,"na - first 3 days, given country specific",byte,M55N_6,"{""0"": ""no"", ""1"": ""yes""}"
m55o_1,"na - first 3 days, given country specific",byte,M55O_1,"{""0"": ""no"", ""1"": ""yes""}"
m55o_2,"na - first 3 days, given country specific",byte,M55O_2,"{""0"": ""no"", ""1"": ""yes""}"
m55o_3,"na - first 3 days, given country specific",byte,M55O_3,"{""0"": ""no"", ""1"": ""yes""}"
m55o_4,"na - first 3 days, given country specific",byte,M55O_4,"{""0"": ""no"", ""1"": ""yes""}"
m55o_5,"na - first 3 days, given country specific",byte,M55O_5,"{""0"": ""no"", ""1"": ""yes""}"
m55o_6,"na - first 3 days, given country specific",byte,M55O_6,"{""0"": ""no"", ""1"": ""yes""}"
m55x_1,"first 3 days, given other",byte,M55X_1,"{""0"": ""no"", ""1"": ""yes""}"
m55x_2,"first 3 days, given other",byte,M55X_2,"{""0"": ""no"", ""1"": ""yes""}"
m55x_3,"first 3 days, given other",byte,M55X_3,"{""0"": ""no"", ""1"": ""yes""}"
m55x_4,"first 3 days, given other",byte,M55X_4,"{""0"": ""no"", ""1"": ""yes""}"
m55x_5,"first 3 days, given other",byte,M55X_5,"{""0"": ""no"", ""1"": ""yes""}"
m55x_6,"first 3 days, given other",byte,M55X_6,"{""0"": ""no"", ""1"": ""yes""}"
m55z_1,"first 3 days, given nothing",byte,M55Z_1,"{""0"": ""no: given something"", ""1"": ""yes: given nothing""}"
m55z_2,"first 3 days, given nothing",byte,M55Z_2,"{""0"": ""no: given something"", ""1"": ""yes: given nothing""}"
m55z_3,"first 3 days, given nothing",byte,M55Z_3,"{""0"": ""no: given something"", ""1"": ""yes: given nothing""}"
m55z_4,"first 3 days, given nothing",byte,M55Z_4,"{""0"": ""no: given something"", ""1"": ""yes: given nothing""}"
m55z_5,"first 3 days, given nothing",byte,M55Z_5,"{""0"": ""no: given something"", ""1"": ""yes: given nothing""}"
m55z_6,"first 3 days, given nothing",byte,M55Z_6,"{""0"": ""no: given something"", ""1"": ""yes: given nothing""}"
m57a_1,antenatal care: respondent's home,byte,M57A_1,"{""0"": ""no"", ""1"": ""yes""}"
m57a_2,antenatal care: respondent's home,byte,M57A_2,"{""0"": ""no"", ""1"": ""yes""}"
m57a_3,antenatal care: respondent's home,byte,M57A_3,"{""0"": ""no"", ""1"": ""yes""}"
m57a_4,antenatal care: respondent's home,byte,M57A_4,"{""0"": ""no"", ""1"": ""yes""}"
m57a_5,antenatal care: respondent's home,byte,M57A_5,"{""0"": ""no"", ""1"": ""yes""}"
m57a_6,antenatal care: respondent's home,byte,M57A_6,"{""0"": ""no"", ""1"": ""yes""}"
m57b_1,antenatal care: other home,byte,M57B_1,"{""0"": ""no"", ""1"": ""yes""}"
m57b_2,antenatal care: other home,byte,M57B_2,"{""0"": ""no"", ""1"": ""yes""}"
m57b_3,antenatal care: other home,byte,M57B_3,"{""0"": ""no"", ""1"": ""yes""}"
m57b_4,antenatal care: other home,byte,M57B_4,"{""0"": ""no"", ""1"": ""yes""}"
m57b_5,antenatal care: other home,byte,M57B_5,"{""0"": ""no"", ""1"": ""yes""}"
m57b_6,antenatal care: other home,byte,M57B_6,"{""0"": ""no"", ""1"": ""yes""}"
m57c_1,antenatal care: parents' home,byte,M57C_1,"{""0"": ""no"", ""1"": ""yes""}"
m57c_2,antenatal care: parents' home,byte,M57C_2,"{""0"": ""no"", ""1"": ""yes""}"
m57c_3,antenatal care: parents' home,byte,M57C_3,"{""0"": ""no"", ""1"": ""yes""}"
m57c_4,antenatal care: parents' home,byte,M57C_4,"{""0"": ""no"", ""1"": ""yes""}"
m57c_5,antenatal care: parents' home,byte,M57C_5,"{""0"": ""no"", ""1"": ""yes""}"
m57c_6,antenatal care: parents' home,byte,M57C_6,"{""0"": ""no"", ""1"": ""yes""}"
m57d_1,na - na - antenatal care: cs home,byte,M57D_1,"{""0"": ""no"", ""1"": ""yes""}"
m57d_2,na - na - antenatal care: cs home,byte,M57D_2,"{""0"": ""no"", ""1"": ""yes""}"
m57d_3,na - na - antenatal care: cs home,byte,M57D_3,"{""0"": ""no"", ""1"": ""yes""}"
m57d_4,na - na - antenatal care: cs home,byte,M57D_4,"{""0"": ""no"", ""1"": ""yes""}"
m57d_5,na - na - antenatal care: cs home,byte,M57D_5,"{""0"": ""no"", ""1"": ""yes""}"
m57d_6,na - na - antenatal care: cs home,byte,M57D_6,"{""0"": ""no"", ""1"": ""yes""}"
m57e_1,antenatal care: public: govt./munic. hospital,byte,M57E_1,"{""0"": ""no"", ""1"": ""yes""}"
m57e_2,antenatal care: public: govt./munic. hospital,byte,M57E_2,"{""0"": ""no"", ""1"": ""yes""}"
m57e_3,antenatal care: public: govt./munic. hospital,byte,M57E_3,"{""0"": ""no"", ""1"": ""yes""}"
m57e_4,antenatal care: public: govt./munic. hospital,byte,M57E_4,"{""0"": ""no"", ""1"": ""yes""}"
m57e_5,antenatal care: public: govt./munic. hospital,byte,M57E_5,"{""0"": ""no"", ""1"": ""yes""}"
m57e_6,antenatal care: public: govt./munic. hospital,byte,M57E_6,"{""0"": ""no"", ""1"": ""yes""}"
m57f_1,antenatal care: public: govt. dispensary,byte,M57F_1,"{""0"": ""no"", ""1"": ""yes""}"
m57f_2,antenatal care: public: govt. dispensary,byte,M57F_2,"{""0"": ""no"", ""1"": ""yes""}"
m57f_3,antenatal care: public: govt. dispensary,byte,M57F_3,"{""0"": ""no"", ""1"": ""yes""}"
m57f_4,antenatal care: public: govt. dispensary,byte,M57F_4,"{""0"": ""no"", ""1"": ""yes""}"
m57f_5,antenatal care: public: govt. dispensary,byte,M57F_5,"{""0"": ""no"", ""1"": ""yes""}"
m57f_6,antenatal care: public: govt. dispensary,byte,M57F_6,"{""0"": ""no"", ""1"": ""yes""}"
m57g_1,antenatal care: public: uhc/uhp/ufwc,byte,M57G_1,"{""0"": ""no"", ""1"": ""yes""}"
m57g_2,antenatal care: public: uhc/uhp/ufwc,byte,M57G_2,"{""0"": ""no"", ""1"": ""yes""}"
m57g_3,antenatal care: public: uhc/uhp/ufwc,byte,M57G_3,"{""0"": ""no"", ""1"": ""yes""}"
m57g_4,antenatal care: public: uhc/uhp/ufwc,byte,M57G_4,"{""0"": ""no"", ""1"": ""yes""}"
m57g_5,antenatal care: public: uhc/uhp/ufwc,byte,M57G_5,"{""0"": ""no"", ""1"": ""yes""}"
m57g_6,antenatal care: public: uhc/uhp/ufwc,byte,M57G_6,"{""0"": ""no"", ""1"": ""yes""}"
m57h_1,antenatal care: public: chc/rural hospital/block phc,byte,M57H_1,"{""0"": ""no"", ""1"": ""yes""}"
m57h_2,antenatal care: public: chc/rural hospital/block phc,byte,M57H_2,"{""0"": ""no"", ""1"": ""yes""}"
m57h_3,antenatal care: public: chc/rural hospital/block phc,byte,M57H_3,"{""0"": ""no"", ""1"": ""yes""}"
m57h_4,antenatal care: public: chc/rural hospital/block phc,byte,M57H_4,"{""0"": ""no"", ""1"": ""yes""}"
m57h_5,antenatal care: public: chc/rural hospital/block phc,byte,M57H_5,"{""0"": ""no"", ""1"": ""yes""}"
m57h_6,antenatal care: public: chc/rural hospital/block phc,byte,M57H_6,"{""0"": ""no"", ""1"": ""yes""}"
m57i_1,antenatal care: public: phc/additional phc,byte,M57I_1,"{""0"": ""no"", ""1"": ""yes""}"
m57i_2,antenatal care: public: phc/additional phc,byte,M57I_2,"{""0"": ""no"", ""1"": ""yes""}"
m57i_3,antenatal care: public: phc/additional phc,byte,M57I_3,"{""0"": ""no"", ""1"": ""yes""}"
m57i_4,antenatal care: public: phc/additional phc,byte,M57I_4,"{""0"": ""no"", ""1"": ""yes""}"
m57i_5,antenatal care: public: phc/additional phc,byte,M57I_5,"{""0"": ""no"", ""1"": ""yes""}"
m57i_6,antenatal care: public: phc/additional phc,byte,M57I_6,"{""0"": ""no"", ""1"": ""yes""}"
m57j_1,antenatal care: public: sub-centre,byte,M57J_1,"{""0"": ""no"", ""1"": ""yes""}"
m57j_2,antenatal care: public: sub-centre,byte,M57J_2,"{""0"": ""no"", ""1"": ""yes""}"
m57j_3,antenatal care: public: sub-centre,byte,M57J_3,"{""0"": ""no"", ""1"": ""yes""}"
m57j_4,antenatal care: public: sub-centre,byte,M57J_4,"{""0"": ""no"", ""1"": ""yes""}"
m57j_5,antenatal care: public: sub-centre,byte,M57J_5,"{""0"": ""no"", ""1"": ""yes""}"
m57j_6,antenatal care: public: sub-centre,byte,M57J_6,"{""0"": ""no"", ""1"": ""yes""}"
m57k_1,antenatal care: public: anganwadi/icds centre,byte,M57K_1,"{""0"": ""no"", ""1"": ""yes""}"
m57k_2,antenatal care: public: anganwadi/icds centre,byte,M57K_2,"{""0"": ""no"", ""1"": ""yes""}"
m57k_3,antenatal care: public: anganwadi/icds centre,byte,M57K_3,"{""0"": ""no"", ""1"": ""yes""}"
m57k_4,antenatal care: public: anganwadi/icds centre,byte,M57K_4,"{""0"": ""no"", ""1"": ""yes""}"
m57k_5,antenatal care: public: anganwadi/icds centre,byte,M57K_5,"{""0"": ""no"", ""1"": ""yes""}"
m57k_6,antenatal care: public: anganwadi/icds centre,byte,M57K_6,"{""0"": ""no"", ""1"": ""yes""}"
m57l_1,antenatal care: public: village clinic by anm,byte,M57L_1,"{""0"": ""no"", ""1"": ""yes""}"
m57l_2,antenatal care: public: village clinic by anm,byte,M57L_2,"{""0"": ""no"", ""1"": ""yes""}"
m57l_3,antenatal care: public: village clinic by anm,byte,M57L_3,"{""0"": ""no"", ""1"": ""yes""}"
m57l_4,antenatal care: public: village clinic by anm,byte,M57L_4,"{""0"": ""no"", ""1"": ""yes""}"
m57l_5,antenatal care: public: village clinic by anm,byte,M57L_5,"{""0"": ""no"", ""1"": ""yes""}"
m57l_6,antenatal care: public: village clinic by anm,byte,M57L_6,"{""0"": ""no"", ""1"": ""yes""}"
m57m_1,antenatal care: private: hospital/maternity home/clinic,byte,M57M_1,"{""0"": ""no"", ""1"": ""yes""}"
m57m_2,antenatal care: private: hospital/maternity home/clinic,byte,M57M_2,"{""0"": ""no"", ""1"": ""yes""}"
m57m_3,antenatal care: private: hospital/maternity home/clinic,byte,M57M_3,"{""0"": ""no"", ""1"": ""yes""}"
m57m_4,antenatal care: private: hospital/maternity home/clinic,byte,M57M_4,"{""0"": ""no"", ""1"": ""yes""}"
m57m_5,antenatal care: private: hospital/maternity home/clinic,byte,M57M_5,"{""0"": ""no"", ""1"": ""yes""}"
m57m_6,antenatal care: private: hospital/maternity home/clinic,byte,M57M_6,"{""0"": ""no"", ""1"": ""yes""}"
m57n_1,antenatal care: other private sect. health facility,byte,M57N_1,"{""0"": ""no"", ""1"": ""yes""}"
m57n_2,antenatal care: other private sect. health facility,byte,M57N_2,"{""0"": ""no"", ""1"": ""yes""}"
m57n_3,antenatal care: other private sect. health facility,byte,M57N_3,"{""0"": ""no"", ""1"": ""yes""}"
m57n_4,antenatal care: other private sect. health facility,byte,M57N_4,"{""0"": ""no"", ""1"": ""yes""}"
m57n_5,antenatal care: other private sect. health facility,byte,M57N_5,"{""0"": ""no"", ""1"": ""yes""}"
m57n_6,antenatal care: other private sect. health facility,byte,M57N_6,"{""0"": ""no"", ""1"": ""yes""}"
m57o_1,na - antenatal care: cs private medical,byte,M57O_1,"{""0"": ""no"", ""1"": ""yes""}"
m57o_2,na - antenatal care: cs private medical,byte,M57O_2,"{""0"": ""no"", ""1"": ""yes""}"
m57o_3,na - antenatal care: cs private medical,byte,M57O_3,"{""0"": ""no"", ""1"": ""yes""}"
m57o_4,na - antenatal care: cs private medical,byte,M57O_4,"{""0"": ""no"", ""1"": ""yes""}"
m57o_5,na - antenatal care: cs private medical,byte,M57O_5,"{""0"": ""no"", ""1"": ""yes""}"
m57o_6,na - antenatal care: cs private medical,byte,M57O_6,"{""0"": ""no"", ""1"": ""yes""}"
m57p_1,na - antenatal care: cs private medical,byte,M57P_1,"{""0"": ""no"", ""1"": ""yes""}"
m57p_2,na - antenatal care: cs private medical,byte,M57P_2,"{""0"": ""no"", ""1"": ""yes""}"
m57p_3,na - antenatal care: cs private medical,byte,M57P_3,"{""0"": ""no"", ""1"": ""yes""}"
m57p_4,na - antenatal care: cs private medical,byte,M57P_4,"{""0"": ""no"", ""1"": ""yes""}"
m57p_5,na - antenatal care: cs private medical,byte,M57P_5,"{""0"": ""no"", ""1"": ""yes""}"
m57p_6,na - antenatal care: cs private medical,byte,M57P_6,"{""0"": ""no"", ""1"": ""yes""}"
m57q_1,na - antenatal care: cs private medical,byte,M57Q_1,"{""0"": ""no"", ""1"": ""yes""}"
m57q_2,na - antenatal care: cs private medical,byte,M57Q_2,"{""0"": ""no"", ""1"": ""yes""}"
m57q_3,na - antenatal care: cs private medical,byte,M57Q_3,"{""0"": ""no"", ""1"": ""yes""}"
m57q_4,na - antenatal care: cs private medical,byte,M57Q_4,"{""0"": ""no"", ""1"": ""yes""}"
m57q_5,na - antenatal care: cs private medical,byte,M57Q_5,"{""0"": ""no"", ""1"": ""yes""}"
m57q_6,na - antenatal care: cs private medical,byte,M57Q_6,"{""0"": ""no"", ""1"": ""yes""}"
m57r_1,na - antenatal care: cs private medical,byte,M57R_1,"{""0"": ""no"", ""1"": ""yes""}"
m57r_2,na - antenatal care: cs private medical,byte,M57R_2,"{""0"": ""no"", ""1"": ""yes""}"
m57r_3,na - antenatal care: cs private medical,byte,M57R_3,"{""0"": ""no"", ""1"": ""yes""}"
m57r_4,na - antenatal care: cs private medical,byte,M57R_4,"{""0"": ""no"", ""1"": ""yes""}"
m57r_5,na - antenatal care: cs private medical,byte,M57R_5,"{""0"": ""no"", ""1"": ""yes""}"
m57r_6,na - antenatal care: cs private medical,byte,M57R_6,"{""0"": ""no"", ""1"": ""yes""}"
m57s_1,antenatal care: other public sect. health facility,byte,M57S_1,"{""0"": ""no"", ""1"": ""yes""}"
m57s_2,antenatal care: other public sect. health facility,byte,M57S_2,"{""0"": ""no"", ""1"": ""yes""}"
m57s_3,antenatal care: other public sect. health facility,byte,M57S_3,"{""0"": ""no"", ""1"": ""yes""}"
m57s_4,antenatal care: other public sect. health facility,byte,M57S_4,"{""0"": ""no"", ""1"": ""yes""}"
m57s_5,antenatal care: other public sect. health facility,byte,M57S_5,"{""0"": ""no"", ""1"": ""yes""}"
m57s_6,antenatal care: other public sect. health facility,byte,M57S_6,"{""0"": ""no"", ""1"": ""yes""}"
m57t_1,antenatal care: ngo or trust hospital/clinic,byte,M57T_1,"{""0"": ""no"", ""1"": ""yes""}"
m57t_2,antenatal care: ngo or trust hospital/clinic,byte,M57T_2,"{""0"": ""no"", ""1"": ""yes""}"
m57t_3,antenatal care: ngo or trust hospital/clinic,byte,M57T_3,"{""0"": ""no"", ""1"": ""yes""}"
m57t_4,antenatal care: ngo or trust hospital/clinic,byte,M57T_4,"{""0"": ""no"", ""1"": ""yes""}"
m57t_5,antenatal care: ngo or trust hospital/clinic,byte,M57T_5,"{""0"": ""no"", ""1"": ""yes""}"
m57t_6,antenatal care: ngo or trust hospital/clinic,byte,M57T_6,"{""0"": ""no"", ""1"": ""yes""}"
m57u_1,na - antenatal care: cs other,byte,M57U_1,"{""0"": ""no"", ""1"": ""yes""}"
m57u_2,na - antenatal care: cs other,byte,M57U_2,"{""0"": ""no"", ""1"": ""yes""}"
m57u_3,na - antenatal care: cs other,byte,M57U_3,"{""0"": ""no"", ""1"": ""yes""}"
m57u_4,na - antenatal care: cs other,byte,M57U_4,"{""0"": ""no"", ""1"": ""yes""}"
m57u_5,na - antenatal care: cs other,byte,M57U_5,"{""0"": ""no"", ""1"": ""yes""}"
m57u_6,na - antenatal care: cs other,byte,M57U_6,"{""0"": ""no"", ""1"": ""yes""}"
m57v_1,na - antenatal care: cs other,byte,M57V_1,"{""0"": ""no"", ""1"": ""yes""}"
m57v_2,na - antenatal care: cs other,byte,M57V_2,"{""0"": ""no"", ""1"": ""yes""}"
m57v_3,na - antenatal care: cs other,byte,M57V_3,"{""0"": ""no"", ""1"": ""yes""}"
m57v_4,na - antenatal care: cs other,byte,M57V_4,"{""0"": ""no"", ""1"": ""yes""}"
m57v_5,na - antenatal care: cs other,byte,M57V_5,"{""0"": ""no"", ""1"": ""yes""}"
m57v_6,na - antenatal care: cs other,byte,M57V_6,"{""0"": ""no"", ""1"": ""yes""}"
m57x_1,antenatal care: other,byte,M57X_1,"{""0"": ""no"", ""1"": ""yes""}"
m57x_2,antenatal care: other,byte,M57X_2,"{""0"": ""no"", ""1"": ""yes""}"
m57x_3,antenatal care: other,byte,M57X_3,"{""0"": ""no"", ""1"": ""yes""}"
m57x_4,antenatal care: other,byte,M57X_4,"{""0"": ""no"", ""1"": ""yes""}"
m57x_5,antenatal care: other,byte,M57X_5,"{""0"": ""no"", ""1"": ""yes""}"
m57x_6,antenatal care: other,byte,M57X_6,"{""0"": ""no"", ""1"": ""yes""}"
m60_1,drugs for intestinal parasites during pregnancy,byte,M60_1,"{""0"": ""no"", ""1"": ""yes"", ""8"": ""don't know""}"
m60_2,drugs for intestinal parasites during pregnancy,byte,M60_2,"{""0"": ""no"", ""1"": ""yes"", ""8"": ""don't know""}"
m60_3,drugs for intestinal parasites during pregnancy,byte,M60_3,"{""0"": ""no"", ""1"": ""yes"", ""8"": ""don't know""}"
m60_4,drugs for intestinal parasites during pregnancy,byte,M60_4,"{""0"": ""no"", ""1"": ""yes"", ""8"": ""don't know""}"
m60_5,drugs for intestinal parasites during pregnancy,byte,M60_5,"{""0"": ""no"", ""1"": ""yes"", ""8"": ""don't know""}"
m60_6,drugs for intestinal parasites during pregnancy,byte,M60_6,"{""0"": ""no"", ""1"": ""yes"", ""8"": ""don't know""}"
m61_1,time spent at place of delivery,int,M61_1,"{""100"": ""hours: 0"", ""101"": ""hours: 1"", ""199"": ""hours: number missing"", ""201"": ""days: 1"", ""299"": ""days: number missing"", ""301"": ""weeks: 1"", ""399"": ""weeks: number missing"", ""998"": ""don't know""}"
m61_2,time spent at place of delivery,byte,M61_2,"{""100"": ""hours: 0"", ""101"": ""hours: 1"", ""199"": ""hours: number missing"", ""201"": ""days: 1"", ""299"": ""days: number missing"", ""301"": ""weeks: 1"", ""399"": ""weeks: number missing"", ""998"": ""don't know""}"
m61_3,time spent at place of delivery,byte,M61_3,"{""100"": ""hours: 0"", ""101"": ""hours: 1"", ""199"": ""hours: number missing"", ""201"": ""days: 1"", ""299"": ""days: number missing"", ""301"": ""weeks: 1"", ""399"": ""weeks: number missing"", ""998"": ""don't know""}"
m61_4,time spent at place of delivery,byte,M61_4,"{""100"": ""hours: 0"", ""101"": ""hours: 1"", ""199"": ""hours: number missing"", ""201"": ""days: 1"", ""299"": ""days: number missing"", ""301"": ""weeks: 1"", ""399"": ""weeks: number missing"", ""998"": ""don't know""}"
m61_5,time spent at place of delivery,byte,M61_5,"{""100"": ""hours: 0"", ""101"": ""hours: 1"", ""199"": ""hours: number missing"", ""201"": ""days: 1"", ""299"": ""days: number missing"", ""301"": ""weeks: 1"", ""399"": ""weeks: number missing"", ""998"": ""don't know""}"
m61_6,time spent at place of delivery,byte,M61_6,"{""100"": ""hours: 0"", ""101"": ""hours: 1"", ""199"": ""hours: number missing"", ""201"": ""days: 1"", ""299"": ""days: number missing"", ""301"": ""weeks: 1"", ""399"": ""weeks: number missing"", ""998"": ""don't know""}"
m62_1,respondent's health checked before discharge,byte,M62_1,"{""0"": ""no"", ""1"": ""yes"", ""8"": ""don't know""}"
m62_2,respondent's health checked before discharge,byte,M62_2,"{""0"": ""no"", ""1"": ""yes"", ""8"": ""don't know""}"
m62_3,respondent's health checked before discharge,byte,M62_3,"{""0"": ""no"", ""1"": ""yes"", ""8"": ""don't know""}"
m62_4,respondent's health checked before discharge,byte,M62_4,"{""0"": ""no"", ""1"": ""yes"", ""8"": ""don't know""}"
m62_5,respondent's health checked before discharge,byte,M62_5,"{""0"": ""no"", ""1"": ""yes"", ""8"": ""don't know""}"
m62_6,respondent's health checked before discharge,byte,M62_6,"{""0"": ""no"", ""1"": ""yes"", ""8"": ""don't know""}"
m63_1,how long before discharging respondent health check took place,int,M63_1,"{""100"": ""zero hours"", ""201"": ""one day"", ""301"": ""one week"", ""998"": ""dk""}"
m63_2,how long before discharging respondent health check took place,byte,M63_2,"{""100"": ""zero hours"", ""201"": ""one day"", ""301"": ""one week"", ""998"": ""dk""}"
m63_3,how long before discharging respondent health check took place,byte,M63_3,"{""100"": ""zero hours"", ""201"": ""one day"", ""301"": ""one week"", ""998"": ""dk""}"
m63_4,how long before discharging respondent health check took place,byte,M63_4,"{""100"": ""zero hours"", ""201"": ""one day"", ""301"": ""one week"", ""998"": ""dk""}"
m63_5,how long before discharging respondent health check took place,byte,M63_5,"{""100"": ""zero hours"", ""201"": ""one day"", ""301"": ""one week"", ""998"": ""dk""}"
m63_6,how long before discharging respondent health check took place,byte,M63_6,"{""100"": ""zero hours"", ""201"": ""one day"", ""301"": ""one week"", ""998"": ""dk""}"
m64_1,who checked respondent health before discharge,byte,M64_1,"{""11"": ""doctor"", ""12"": ""anm / nurse / mid-wife / lhv"", ""13"": ""other health personnel"", ""21"": ""asha"", ""22"": ""dai / traditional birth attendant"", ""96"": ""other""}"
m64_2,who checked respondent health before discharge,byte,M64_2,"{""11"": ""doctor"", ""12"": ""anm / nurse / mid-wife / lhv"", ""13"": ""other health personnel"", ""21"": ""asha"", ""22"": ""dai / traditional birth attendant"", ""96"": ""other""}"
m64_3,who checked respondent health before discharge,byte,M64_3,"{""11"": ""doctor"", ""12"": ""anm / nurse / mid-wife / lhv"", ""13"": ""other health personnel"", ""21"": ""asha"", ""22"": ""dai / traditional birth attendant"", ""96"": ""other""}"
m64_4,who checked respondent health before discharge,byte,M64_4,"{""11"": ""doctor"", ""12"": ""anm / nurse / mid-wife / lhv"", ""13"": ""other health personnel"", ""21"": ""asha"", ""22"": ""dai / traditional birth attendant"", ""96"": ""other""}"
m64_5,who checked respondent health before discharge,byte,M64_5,"{""11"": ""doctor"", ""12"": ""anm / nurse / mid-wife / lhv"", ""13"": ""other health personnel"", ""21"": ""asha"", ""22"": ""dai / traditional birth attendant"", ""96"": ""other""}"
m64_6,who checked respondent health before discharge,byte,M64_6,"{""11"": ""doctor"", ""12"": ""anm / nurse / mid-wife / lhv"", ""13"": ""other health personnel"", ""21"": ""asha"", ""22"": ""dai / traditional birth attendant"", ""96"": ""other""}"
m65a_1,reason didn't deliver at health facility: cost too much,byte,M65A_1,"{""0"": ""no"", ""1"": ""yes""}"
m65a_2,reason didn't deliver at health facility: cost too much,byte,M65A_2,"{""0"": ""no"", ""1"": ""yes""}"
m65a_3,reason didn't deliver at health facility: cost too much,byte,M65A_3,"{""0"": ""no"", ""1"": ""yes""}"
m65a_4,reason didn't deliver at health facility: cost too much,byte,M65A_4,"{""0"": ""no"", ""1"": ""yes""}"
m65a_5,reason didn't deliver at health facility: cost too much,byte,M65A_5,"{""0"": ""no"", ""1"": ""yes""}"
m65a_6,reason didn't deliver at health facility: cost too much,byte,M65A_6,"{""0"": ""no"", ""1"": ""yes""}"
m65b_1,reason didn't deliver at health facility: facility not open,byte,M65B_1,"{""0"": ""no"", ""1"": ""yes""}"
m65b_2,reason didn't deliver at health facility: facility not open,byte,M65B_2,"{""0"": ""no"", ""1"": ""yes""}"
m65b_3,reason didn't deliver at health facility: facility not open,byte,M65B_3,"{""0"": ""no"", ""1"": ""yes""}"
m65b_4,reason didn't deliver at health facility: facility not open,byte,M65B_4,"{""0"": ""no"", ""1"": ""yes""}"
m65b_5,reason didn't deliver at health facility: facility not open,byte,M65B_5,"{""0"": ""no"", ""1"": ""yes""}"
m65b_6,reason didn't deliver at health facility: facility not open,byte,M65B_6,"{""0"": ""no"", ""1"": ""yes""}"
m65c_1,reason didn't deliver at health facility: too far/no transport,byte,M65C_1,"{""0"": ""no"", ""1"": ""yes""}"
m65c_2,reason didn't deliver at health facility: too far/no transport,byte,M65C_2,"{""0"": ""no"", ""1"": ""yes""}"
m65c_3,reason didn't deliver at health facility: too far/no transport,byte,M65C_3,"{""0"": ""no"", ""1"": ""yes""}"
m65c_4,reason didn't deliver at health facility: too far/no transport,byte,M65C_4,"{""0"": ""no"", ""1"": ""yes""}"
m65c_5,reason didn't deliver at health facility: too far/no transport,byte,M65C_5,"{""0"": ""no"", ""1"": ""yes""}"
m65c_6,reason didn't deliver at health facility: too far/no transport,byte,M65C_6,"{""0"": ""no"", ""1"": ""yes""}"
m65d_1,reason didn't deliver at health facility: don't trust facility/poor service,byte,M65D_1,"{""0"": ""no"", ""1"": ""yes""}"
m65d_2,reason didn't deliver at health facility: don't trust facility/poor service,byte,M65D_2,"{""0"": ""no"", ""1"": ""yes""}"
m65d_3,reason didn't deliver at health facility: don't trust facility/poor service,byte,M65D_3,"{""0"": ""no"", ""1"": ""yes""}"
m65d_4,reason didn't deliver at health facility: don't trust facility/poor service,byte,M65D_4,"{""0"": ""no"", ""1"": ""yes""}"
m65d_5,reason didn't deliver at health facility: don't trust facility/poor service,byte,M65D_5,"{""0"": ""no"", ""1"": ""yes""}"
m65d_6,reason didn't deliver at health facility: don't trust facility/poor service,byte,M65D_6,"{""0"": ""no"", ""1"": ""yes""}"
m65e_1,reason didn't deliver at health facility: no female provider,byte,M65E_1,"{""0"": ""no"", ""1"": ""yes""}"
m65e_2,reason didn't deliver at health facility: no female provider,byte,M65E_2,"{""0"": ""no"", ""1"": ""yes""}"
m65e_3,reason didn't deliver at health facility: no female provider,byte,M65E_3,"{""0"": ""no"", ""1"": ""yes""}"
m65e_4,reason didn't deliver at health facility: no female provider,byte,M65E_4,"{""0"": ""no"", ""1"": ""yes""}"
m65e_5,reason didn't deliver at health facility: no female provider,byte,M65E_5,"{""0"": ""no"", ""1"": ""yes""}"
m65e_6,reason didn't deliver at health facility: no female provider,byte,M65E_6,"{""0"": ""no"", ""1"": ""yes""}"
m65f_1,reason didn't deliver at health facility: husband/family didn't allow,byte,M65F_1,"{""0"": ""no"", ""1"": ""yes""}"
m65f_2,reason didn't deliver at health facility: husband/family didn't allow,byte,M65F_2,"{""0"": ""no"", ""1"": ""yes""}"
m65f_3,reason didn't deliver at health facility: husband/family didn't allow,byte,M65F_3,"{""0"": ""no"", ""1"": ""yes""}"
m65f_4,reason didn't deliver at health facility: husband/family didn't allow,byte,M65F_4,"{""0"": ""no"", ""1"": ""yes""}"
m65f_5,reason didn't deliver at health facility: husband/family didn't allow,byte,M65F_5,"{""0"": ""no"", ""1"": ""yes""}"
m65f_6,reason didn't deliver at health facility: husband/family didn't allow,byte,M65F_6,"{""0"": ""no"", ""1"": ""yes""}"
m65g_1,reason didn't deliver at health facility: not necessary,byte,M65G_1,"{""0"": ""no"", ""1"": ""yes""}"
m65g_2,reason didn't deliver at health facility: not necessary,byte,M65G_2,"{""0"": ""no"", ""1"": ""yes""}"
m65g_3,reason didn't deliver at health facility: not necessary,byte,M65G_3,"{""0"": ""no"", ""1"": ""yes""}"
m65g_4,reason didn't deliver at health facility: not necessary,byte,M65G_4,"{""0"": ""no"", ""1"": ""yes""}"
m65g_5,reason didn't deliver at health facility: not necessary,byte,M65G_5,"{""0"": ""no"", ""1"": ""yes""}"
m65g_6,reason didn't deliver at health facility: not necessary,byte,M65G_6,"{""0"": ""no"", ""1"": ""yes""}"
m65h_1,reason didn't deliver at health facility: not customary,byte,M65H_1,"{""0"": ""no"", ""1"": ""yes""}"
m65h_2,reason didn't deliver at health facility: not customary,byte,M65H_2,"{""0"": ""no"", ""1"": ""yes""}"
m65h_3,reason didn't deliver at health facility: not customary,byte,M65H_3,"{""0"": ""no"", ""1"": ""yes""}"
m65h_4,reason didn't deliver at health facility: not customary,byte,M65H_4,"{""0"": ""no"", ""1"": ""yes""}"
m65h_5,reason didn't deliver at health facility: not customary,byte,M65H_5,"{""0"": ""no"", ""1"": ""yes""}"
m65h_6,reason didn't deliver at health facility: not customary,byte,M65H_6,"{""0"": ""no"", ""1"": ""yes""}"
m65i_1,na - reason didn't deliver at health facility: cs,byte,M65I_1,"{""0"": ""no"", ""1"": ""yes""}"
m65i_2,na - reason didn't deliver at health facility: cs,byte,M65I_2,"{""0"": ""no"", ""1"": ""yes""}"
m65i_3,na - reason didn't deliver at health facility: cs,byte,M65I_3,"{""0"": ""no"", ""1"": ""yes""}"
m65i_4,na - reason didn't deliver at health facility: cs,byte,M65I_4,"{""0"": ""no"", ""1"": ""yes""}"
m65i_5,na - reason didn't deliver at health facility: cs,byte,M65I_5,"{""0"": ""no"", ""1"": ""yes""}"
m65i_6,na - reason didn't deliver at health facility: cs,byte,M65I_6,"{""0"": ""no"", ""1"": ""yes""}"
m65j_1,na - reason didn't deliver at health facility: cs,byte,M65J_1,"{""0"": ""no"", ""1"": ""yes""}"
m65j_2,na - reason didn't deliver at health facility: cs,byte,M65J_2,"{""0"": ""no"", ""1"": ""yes""}"
m65j_3,na - reason didn't deliver at health facility: cs,byte,M65J_3,"{""0"": ""no"", ""1"": ""yes""}"
m65j_4,na - reason didn't deliver at health facility: cs,byte,M65J_4,"{""0"": ""no"", ""1"": ""yes""}"
m65j_5,na - reason didn't deliver at health facility: cs,byte,M65J_5,"{""0"": ""no"", ""1"": ""yes""}"
m65j_6,na - reason didn't deliver at health facility: cs,byte,M65J_6,"{""0"": ""no"", ""1"": ""yes""}"
m65k_1,na - reason didn't deliver at health facility: cs,byte,M65K_1,"{""0"": ""no"", ""1"": ""yes""}"
m65k_2,na - reason didn't deliver at health facility: cs,byte,M65K_2,"{""0"": ""no"", ""1"": ""yes""}"
m65k_3,na - reason didn't deliver at health facility: cs,byte,M65K_3,"{""0"": ""no"", ""1"": ""yes""}"
m65k_4,na - reason didn't deliver at health facility: cs,byte,M65K_4,"{""0"": ""no"", ""1"": ""yes""}"
m65k_5,na - reason didn't deliver at health facility: cs,byte,M65K_5,"{""0"": ""no"", ""1"": ""yes""}"
m65k_6,na - reason didn't deliver at health facility: cs,byte,M65K_6,"{""0"": ""no"", ""1"": ""yes""}"
m65l_1,na - reason didn't deliver at health facility: cs,byte,M65L_1,"{""0"": ""no"", ""1"": ""yes""}"
m65l_2,na - reason didn't deliver at health facility: cs,byte,M65L_2,"{""0"": ""no"", ""1"": ""yes""}"
m65l_3,na - reason didn't deliver at health facility: cs,byte,M65L_3,"{""0"": ""no"", ""1"": ""yes""}"
m65l_4,na - reason didn't deliver at health facility: cs,byte,M65L_4,"{""0"": ""no"", ""1"": ""yes""}"
m65l_5,na - reason didn't deliver at health facility: cs,byte,M65L_5,"{""0"": ""no"", ""1"": ""yes""}"
m65l_6,na - reason didn't deliver at health facility: cs,byte,M65L_6,"{""0"": ""no"", ""1"": ""yes""}"
m65x_1,reason didn't deliver at health facility: other,byte,M65X_1,"{""0"": ""no"", ""1"": ""yes""}"
m65x_2,reason didn't deliver at health facility: other,byte,M65X_2,"{""0"": ""no"", ""1"": ""yes""}"
m65x_3,reason didn't deliver at health facility: other,byte,M65X_3,"{""0"": ""no"", ""1"": ""yes""}"
m65x_4,reason didn't deliver at health facility: other,byte,M65X_4,"{""0"": ""no"", ""1"": ""yes""}"
m65x_5,reason didn't deliver at health facility: other,byte,M65X_5,"{""0"": ""no"", ""1"": ""yes""}"
m65x_6,reason didn't deliver at health facility: other,byte,M65X_6,"{""0"": ""no"", ""1"": ""yes""}"
m66_1,respondent's health checked after discharge/delivery at home,byte,M66_1,"{""0"": ""no"", ""1"": ""yes"", ""8"": ""don't know""}"
m66_2,respondent's health checked after discharge/delivery at home,byte,M66_2,"{""0"": ""no"", ""1"": ""yes"", ""8"": ""don't know""}"
m66_3,respondent's health checked after discharge/delivery at home,byte,M66_3,"{""0"": ""no"", ""1"": ""yes"", ""8"": ""don't know""}"
m66_4,respondent's health checked after discharge/delivery at home,byte,M66_4,"{""0"": ""no"", ""1"": ""yes"", ""8"": ""don't know""}"
m66_5,respondent's health checked after discharge/delivery at home,byte,M66_5,"{""0"": ""no"", ""1"": ""yes"", ""8"": ""don't know""}"
m66_6,respondent's health checked after discharge/delivery at home,byte,M66_6,"{""0"": ""no"", ""1"": ""yes"", ""8"": ""don't know""}"
m67_1,how long after discharge/delivery at home respondent health check took place,int,M67_1,"{""100"": ""zero hours"", ""201"": ""one day"", ""301"": ""one week"", ""998"": ""dk""}"
m67_2,how long after discharge/delivery at home respondent health check took place,byte,M67_2,"{""100"": ""zero hours"", ""201"": ""one day"", ""301"": ""one week"", ""998"": ""dk""}"
m67_3,how long after discharge/delivery at home respondent health check took place,byte,M67_3,"{""100"": ""zero hours"", ""201"": ""one day"", ""301"": ""one week"", ""998"": ""dk""}"
m67_4,how long after discharge/delivery at home respondent health check took place,byte,M67_4,"{""100"": ""zero hours"", ""201"": ""one day"", ""301"": ""one week"", ""998"": ""dk""}"
m67_5,how long after discharge/delivery at home respondent health check took place,byte,M67_5,"{""100"": ""zero hours"", ""201"": ""one day"", ""301"": ""one week"", ""998"": ""dk""}"
m67_6,how long after discharge/delivery at home respondent health check took place,byte,M67_6,"{""100"": ""zero hours"", ""201"": ""one day"", ""301"": ""one week"", ""998"": ""dk""}"
m68_1,who checked respondent health after discharge/delivery at home,byte,M68_1,"{""11"": ""doctor"", ""12"": ""anm / nurse / mid-wife / lhv"", ""13"": ""other health personnel"", ""21"": ""asha"", ""22"": ""dai / traditional birth attendant"", ""96"": ""other""}"
m68_2,who checked respondent health after discharge/delivery at home,byte,M68_2,"{""11"": ""doctor"", ""12"": ""anm / nurse / mid-wife / lhv"", ""13"": ""other health personnel"", ""21"": ""asha"", ""22"": ""dai / traditional birth attendant"", ""96"": ""other""}"
m68_3,who checked respondent health after discharge/delivery at home,byte,M68_3,"{""11"": ""doctor"", ""12"": ""anm / nurse / mid-wife / lhv"", ""13"": ""other health personnel"", ""21"": ""asha"", ""22"": ""dai / traditional birth attendant"", ""96"": ""other""}"
m68_4,who checked respondent health after discharge/delivery at home,byte,M68_4,"{""11"": ""doctor"", ""12"": ""anm / nurse / mid-wife / lhv"", ""13"": ""other health personnel"", ""21"": ""asha"", ""22"": ""dai / traditional birth attendant"", ""96"": ""other""}"
m68_5,who checked respondent health after discharge/delivery at home,byte,M68_5,"{""11"": ""doctor"", ""12"": ""anm / nurse / mid-wife / lhv"", ""13"": ""other health personnel"", ""21"": ""asha"", ""22"": ""dai / traditional birth attendant"", ""96"": ""other""}"
m68_6,who checked respondent health after discharge/delivery at home,byte,M68_6,"{""11"": ""doctor"", ""12"": ""anm / nurse / mid-wife / lhv"", ""13"": ""other health personnel"", ""21"": ""asha"", ""22"": ""dai / traditional birth attendant"", ""96"": ""other""}"
m69_1,where respondent check after discharge/delivery at home took place,byte,M69_1,"{""10"": ""home"", ""11"": ""respondent's home"", ""12"": ""other home"", ""13"": ""parents' home"", ""20"": ""public sector"", ""21"": ""public: govt./munic. hospital"", ""22"": ""public: govt. dispensary"", ""23"": ""public: uhc/uhp/ufwc"", ""24"": ""public: chc/rural hospital/block phc"", ""25"": ""public: phc/additional phc"", ""26"": ""public: sub-centre"", ""27"": ""public: anganwadi/icds centre"", ""28"": ""other public sector health facility"", ""30"": ""private sector"", ""31"": ""private: hospital/maternity home/clinic"", ""32"": ""other private sector health facility"", ""33"": ""ngo or trust hospital/clinic"", ""96"": ""other""}"
m69_2,where respondent check after discharge/delivery at home took place,byte,M69_2,"{""10"": ""home"", ""11"": ""respondent's home"", ""12"": ""other home"", ""13"": ""parents' home"", ""20"": ""public sector"", ""21"": ""public: govt./munic. hospital"", ""22"": ""public: govt. dispensary"", ""23"": ""public: uhc/uhp/ufwc"", ""24"": ""public: chc/rural hospital/block phc"", ""25"": ""public: phc/additional phc"", ""26"": ""public: sub-centre"", ""27"": ""public: anganwadi/icds centre"", ""28"": ""other public sector health facility"", ""30"": ""private sector"", ""31"": ""private: hospital/maternity home/clinic"", ""32"": ""other private sector health facility"", ""33"": ""ngo or trust hospital/clinic"", ""96"": ""other""}"
m69_3,where respondent check after discharge/delivery at home took place,byte,M69_3,"{""10"": ""home"", ""11"": ""respondent's home"", ""12"": ""other home"", ""13"": ""parents' home"", ""20"": ""public sector"", ""21"": ""public: govt./munic. hospital"", ""22"": ""public: govt. dispensary"", ""23"": ""public: uhc/uhp/ufwc"", ""24"": ""public: chc/rural hospital/block phc"", ""25"": ""public: phc/additional phc"", ""26"": ""public: sub-centre"", ""27"": ""public: anganwadi/icds centre"", ""28"": ""other public sector health facility"", ""30"": ""private sector"", ""31"": ""private: hospital/maternity home/clinic"", ""32"": ""other private sector health facility"", ""33"": ""ngo or trust hospital/clinic"", ""96"": ""other""}"
m69_4,where respondent check after discharge/delivery at home took place,byte,M69_4,"{""10"": ""home"", ""11"": ""respondent's home"", ""12"": ""other home"", ""13"": ""parents' home"", ""20"": ""public sector"", ""21"": ""public: govt./munic. hospital"", ""22"": ""public: govt. dispensary"", ""23"": ""public: uhc/uhp/ufwc"", ""24"": ""public: chc/rural hospital/block phc"", ""25"": ""public: phc/additional phc"", ""26"": ""public: sub-centre"", ""27"": ""public: anganwadi/icds centre"", ""28"": ""other public sector health facility"", ""30"": ""private sector"", ""31"": ""private: hospital/maternity home/clinic"", ""32"": ""other private sector health facility"", ""33"": ""ngo or trust hospital/clinic"", ""96"": ""other""}"
m69_5,where respondent check after discharge/delivery at home took place,byte,M69_5,"{""10"": ""home"", ""11"": ""respondent's home"", ""12"": ""other home"", ""13"": ""parents' home"", ""20"": ""public sector"", ""21"": ""public: govt./munic. hospital"", ""22"": ""public: govt. dispensary"", ""23"": ""public: uhc/uhp/ufwc"", ""24"": ""public: chc/rural hospital/block phc"", ""25"": ""public: phc/additional phc"", ""26"": ""public: sub-centre"", ""27"": ""public: anganwadi/icds centre"", ""28"": ""other public sector health facility"", ""30"": ""private sector"", ""31"": ""private: hospital/maternity home/clinic"", ""32"": ""other private sector health facility"", ""33"": ""ngo or trust hospital/clinic"", ""96"": ""other""}"
m69_6,where respondent check after discharge/delivery at home took place,byte,M69_6,"{""10"": ""home"", ""11"": ""respondent's home"", ""12"": ""other home"", ""13"": ""parents' home"", ""20"": ""public sector"", ""21"": ""public: govt./munic. hospital"", ""22"": ""public: govt. dispensary"", ""23"": ""public: uhc/uhp/ufwc"", ""24"": ""public: chc/rural hospital/block phc"", ""25"": ""public: phc/additional phc"", ""26"": ""public: sub-centre"", ""27"": ""public: anganwadi/icds centre"", ""28"": ""other public sector health facility"", ""30"": ""private sector"", ""31"": ""private: hospital/maternity home/clinic"", ""32"": ""other private sector health facility"", ""33"": ""ngo or trust hospital/clinic"", ""96"": ""other""}"
m70_1,baby postnatal check within 2 months,byte,M70_1,"{""0"": ""no"", ""1"": ""yes"", ""8"": ""don't know""}"
m70_2,baby postnatal check within 2 months,byte,M70_2,"{""0"": ""no"", ""1"": ""yes"", ""8"": ""don't know""}"
m70_3,baby postnatal check within 2 months,byte,M70_3,"{""0"": ""no"", ""1"": ""yes"", ""8"": ""don't know""}"
m70_4,baby postnatal check within 2 months,byte,M70_4,"{""0"": ""no"", ""1"": ""yes"", ""8"": ""don't know""}"
m70_5,baby postnatal check within 2 months,byte,M70_5,"{""0"": ""no"", ""1"": ""yes"", ""8"": ""don't know""}"
m70_6,baby postnatal check within 2 months,byte,M70_6,"{""0"": ""no"", ""1"": ""yes"", ""8"": ""don't know""}"
m71_1,time after delivery postnatal check took place,int,M71_1,"{""100"": ""immediately/in first hour"", ""101"": ""hours: 1"", ""199"": ""hours: number missing"", ""201"": ""days: 1"", ""299"": ""days: number missing"", ""301"": ""weeks: 1"", ""399"": ""weeks: number missing"", ""998"": ""don't know""}"
m71_2,time after delivery postnatal check took place,byte,M71_2,"{""100"": ""immediately/in first hour"", ""101"": ""hours: 1"", ""199"": ""hours: number missing"", ""201"": ""days: 1"", ""299"": ""days: number missing"", ""301"": ""weeks: 1"", ""399"": ""weeks: number missing"", ""998"": ""don't know""}"
m71_3,time after delivery postnatal check took place,byte,M71_3,"{""100"": ""immediately/in first hour"", ""101"": ""hours: 1"", ""199"": ""hours: number missing"", ""201"": ""days: 1"", ""299"": ""days: number missing"", ""301"": ""weeks: 1"", ""399"": ""weeks: number missing"", ""998"": ""don't know""}"
m71_4,time after delivery postnatal check took place,byte,M71_4,"{""100"": ""immediately/in first hour"", ""101"": ""hours: 1"", ""199"": ""hours: number missing"", ""201"": ""days: 1"", ""299"": ""days: number missing"", ""301"": ""weeks: 1"", ""399"": ""weeks: number missing"", ""998"": ""don't know""}"
m71_5,time after delivery postnatal check took place,byte,M71_5,"{""100"": ""immediately/in first hour"", ""101"": ""hours: 1"", ""199"": ""hours: number missing"", ""201"": ""days: 1"", ""299"": ""days: number missing"", ""301"": ""weeks: 1"", ""399"": ""weeks: number missing"", ""998"": ""don't know""}"
m71_6,time after delivery postnatal check took place,byte,M71_6,"{""100"": ""immediately/in first hour"", ""101"": ""hours: 1"", ""199"": ""hours: number missing"", ""201"": ""days: 1"", ""299"": ""days: number missing"", ""301"": ""weeks: 1"", ""399"": ""weeks: number missing"", ""998"": ""don't know""}"
m72_1,person who performed postnatal checkup,byte,M72_1,"{""11"": ""doctor"", ""12"": ""anm / nurse / mid-wife / lhv"", ""13"": ""other health personnel"", ""21"": ""asha"", ""22"": ""dai / traditional birth attendant"", ""96"": ""other""}"
m72_2,person who performed postnatal checkup,byte,M72_2,"{""11"": ""doctor"", ""12"": ""anm / nurse / mid-wife / lhv"", ""13"": ""other health personnel"", ""21"": ""asha"", ""22"": ""dai / traditional birth attendant"", ""96"": ""other""}"
m72_3,person who performed postnatal checkup,byte,M72_3,"{""11"": ""doctor"", ""12"": ""anm / nurse / mid-wife / lhv"", ""13"": ""other health personnel"", ""21"": ""asha"", ""22"": ""dai / traditional birth attendant"", ""96"": ""other""}"
m72_4,person who performed postnatal checkup,byte,M72_4,"{""11"": ""doctor"", ""12"": ""anm / nurse / mid-wife / lhv"", ""13"": ""other health personnel"", ""21"": ""asha"", ""22"": ""dai / traditional birth attendant"", ""96"": ""other""}"
m72_5,person who performed postnatal checkup,byte,M72_5,"{""11"": ""doctor"", ""12"": ""anm / nurse / mid-wife / lhv"", ""13"": ""other health personnel"", ""21"": ""asha"", ""22"": ""dai / traditional birth attendant"", ""96"": ""other""}"
m72_6,person who performed postnatal checkup,byte,M72_6,"{""11"": ""doctor"", ""12"": ""anm / nurse / mid-wife / lhv"", ""13"": ""other health personnel"", ""21"": ""asha"", ""22"": ""dai / traditional birth attendant"", ""96"": ""other""}"
m73_1,place baby was first checked,byte,M73_1,"{""10"": ""home"", ""11"": ""respondent's home"", ""12"": ""other home"", ""13"": ""parents' home"", ""20"": ""public sector"", ""21"": ""public: govt./munic. hospital"", ""22"": ""public: govt. dispensary"", ""23"": ""public: uhc/uhp/ufwc"", ""24"": ""public: chc/rural hospital/block phc"", ""25"": ""public: phc/additional phc"", ""26"": ""public: sub-centre"", ""27"": ""public: anganwadi/icds centre"", ""28"": ""other public sector health facility"", ""30"": ""private sector"", ""31"": ""private: hospital/maternity home/clinic"", ""32"": ""other private sector health facility"", ""33"": ""ngo or trust hospital/clinic"", ""96"": ""other""}"
m73_2,place baby was first checked,byte,M73_2,"{""10"": ""home"", ""11"": ""respondent's home"", ""12"": ""other home"", ""13"": ""parents' home"", ""20"": ""public sector"", ""21"": ""public: govt./munic. hospital"", ""22"": ""public: govt. dispensary"", ""23"": ""public: uhc/uhp/ufwc"", ""24"": ""public: chc/rural hospital/block phc"", ""25"": ""public: phc/additional phc"", ""26"": ""public: sub-centre"", ""27"": ""public: anganwadi/icds centre"", ""28"": ""other public sector health facility"", ""30"": ""private sector"", ""31"": ""private: hospital/maternity home/clinic"", ""32"": ""other private sector health facility"", ""33"": ""ngo or trust hospital/clinic"", ""96"": ""other""}"
m73_3,place baby was first checked,byte,M73_3,"{""10"": ""home"", ""11"": ""respondent's home"", ""12"": ""other home"", ""13"": ""parents' home"", ""20"": ""public sector"", ""21"": ""public: govt./munic. hospital"", ""22"": ""public: govt. dispensary"", ""23"": ""public: uhc/uhp/ufwc"", ""24"": ""public: chc/rural hospital/block phc"", ""25"": ""public: phc/additional phc"", ""26"": ""public: sub-centre"", ""27"": ""public: anganwadi/icds centre"", ""28"": ""other public sector health facility"", ""30"": ""private sector"", ""31"": ""private: hospital/maternity home/clinic"", ""32"": ""other private sector health facility"", ""33"": ""ngo or trust hospital/clinic"", ""96"": ""other""}"
m73_4,place baby was first checked,byte,M73_4,"{""10"": ""home"", ""11"": ""respondent's home"", ""12"": ""other home"", ""13"": ""parents' home"", ""20"": ""public sector"", ""21"": ""public: govt./munic. hospital"", ""22"": ""public: govt. dispensary"", ""23"": ""public: uhc/uhp/ufwc"", ""24"": ""public: chc/rural hospital/block phc"", ""25"": ""public: phc/additional phc"", ""26"": ""public: sub-centre"", ""27"": ""public: anganwadi/icds centre"", ""28"": ""other public sector health facility"", ""30"": ""private sector"", ""31"": ""private: hospital/maternity home/clinic"", ""32"": ""other private sector health facility"", ""33"": ""ngo or trust hospital/clinic"", ""96"": ""other""}"
m73_5,place baby was first checked,byte,M73_5,"{""10"": ""home"", ""11"": ""respondent's home"", ""12"": ""other home"", ""13"": ""parents' home"", ""20"": ""public sector"", ""21"": ""public: govt./munic. hospital"", ""22"": ""public: govt. dispensary"", ""23"": ""public: uhc/uhp/ufwc"", ""24"": ""public: chc/rural hospital/block phc"", ""25"": ""public: phc/additional phc"", ""26"": ""public: sub-centre"", ""27"": ""public: anganwadi/icds centre"", ""28"": ""other public sector health facility"", ""30"": ""private sector"", ""31"": ""private: hospital/maternity home/clinic"", ""32"": ""other private sector health facility"", ""33"": ""ngo or trust hospital/clinic"", ""96"": ""other""}"
m73_6,place baby was first checked,byte,M73_6,"{""10"": ""home"", ""11"": ""respondent's home"", ""12"": ""other home"", ""13"": ""parents' home"", ""20"": ""public sector"", ""21"": ""public: govt./munic. hospital"", ""22"": ""public: govt. dispensary"", ""23"": ""public: uhc/uhp/ufwc"", ""24"": ""public: chc/rural hospital/block phc"", ""25"": ""public: phc/additional phc"", ""26"": ""public: sub-centre"", ""27"": ""public: anganwadi/icds centre"", ""28"": ""other public sector health facility"", ""30"": ""private sector"", ""31"": ""private: hospital/maternity home/clinic"", ""32"": ""other private sector health facility"", ""33"": ""ngo or trust hospital/clinic"", ""96"": ""other""}"
m74_1,child's health checked before discharge,byte,M74_1,"{""0"": ""no"", ""1"": ""yes"", ""8"": ""don't know""}"
m74_2,child's health checked before discharge,byte,M74_2,"{""0"": ""no"", ""1"": ""yes"", ""8"": ""don't know""}"
m74_3,child's health checked before discharge,byte,M74_3,"{""0"": ""no"", ""1"": ""yes"", ""8"": ""don't know""}"
m74_4,child's health checked before discharge,byte,M74_4,"{""0"": ""no"", ""1"": ""yes"", ""8"": ""don't know""}"
m74_5,child's health checked before discharge,byte,M74_5,"{""0"": ""no"", ""1"": ""yes"", ""8"": ""don't know""}"
m74_6,child's health checked before discharge,byte,M74_6,"{""0"": ""no"", ""1"": ""yes"", ""8"": ""don't know""}"
m75_1,how long before discharging child health check took place,int,M75_1,"{""100"": ""zero hours"", ""201"": ""one day"", ""301"": ""one week"", ""998"": ""dk""}"
m75_2,how long before discharging child health check took place,byte,M75_2,"{""100"": ""zero hours"", ""201"": ""one day"", ""301"": ""one week"", ""998"": ""dk""}"
m75_3,how long before discharging child health check took place,byte,M75_3,"{""100"": ""zero hours"", ""201"": ""one day"", ""301"": ""one week"", ""998"": ""dk""}"
m75_4,how long before discharging child health check took place,byte,M75_4,"{""100"": ""zero hours"", ""201"": ""one day"", ""301"": ""one week"", ""998"": ""dk""}"
m75_5,how long before discharging child health check took place,byte,M75_5,"{""100"": ""zero hours"", ""201"": ""one day"", ""301"": ""one week"", ""998"": ""dk""}"
m75_6,how long before discharging child health check took place,byte,M75_6,"{""100"": ""zero hours"", ""201"": ""one day"", ""301"": ""one week"", ""998"": ""dk""}"
m76_1,who checked child health before discharge,byte,M76_1,"{""11"": ""doctor"", ""12"": ""anm / nurse / mid-wife / lhv"", ""13"": ""other health personnel"", ""21"": ""asha"", ""22"": ""dai / traditional birth attendant"", ""96"": ""other""}"
m76_2,who checked child health before discharge,byte,M76_2,"{""11"": ""doctor"", ""12"": ""anm / nurse / mid-wife / lhv"", ""13"": ""other health personnel"", ""21"": ""asha"", ""22"": ""dai / traditional birth attendant"", ""96"": ""other""}"
m76_3,who checked child health before discharge,byte,M76_3,"{""11"": ""doctor"", ""12"": ""anm / nurse / mid-wife / lhv"", ""13"": ""other health personnel"", ""21"": ""asha"", ""22"": ""dai / traditional birth attendant"", ""96"": ""other""}"
m76_4,who checked child health before discharge,byte,M76_4,"{""11"": ""doctor"", ""12"": ""anm / nurse / mid-wife / lhv"", ""13"": ""other health personnel"", ""21"": ""asha"", ""22"": ""dai / traditional birth attendant"", ""96"": ""other""}"
m76_5,who checked child health before discharge,byte,M76_5,"{""11"": ""doctor"", ""12"": ""anm / nurse / mid-wife / lhv"", ""13"": ""other health personnel"", ""21"": ""asha"", ""22"": ""dai / traditional birth attendant"", ""96"": ""other""}"
m76_6,who checked child health before discharge,byte,M76_6,"{""11"": ""doctor"", ""12"": ""anm / nurse / mid-wife / lhv"", ""13"": ""other health personnel"", ""21"": ""asha"", ""22"": ""dai / traditional birth attendant"", ""96"": ""other""}"
m77_1,was child put on mother's chest and bare skin after birth,byte,M77_1,"{""0"": ""no"", ""1"": ""put on chest, touching bare skin"", ""2"": ""put on chest, no touching of bare skin"", ""3"": ""put on chest, dk/missing on touching of bare skin"", ""8"": ""don't know""}"
m77_2,was child put on mother's chest and bare skin after birth,byte,M77_2,"{""0"": ""no"", ""1"": ""put on chest, touching bare skin"", ""2"": ""put on chest, no touching of bare skin"", ""3"": ""put on chest, dk/missing on touching of bare skin"", ""8"": ""don't know""}"
m77_3,was child put on mother's chest and bare skin after birth,byte,M77_3,"{""0"": ""no"", ""1"": ""put on chest, touching bare skin"", ""2"": ""put on chest, no touching of bare skin"", ""3"": ""put on chest, dk/missing on touching of bare skin"", ""8"": ""don't know""}"
m77_4,was child put on mother's chest and bare skin after birth,byte,M77_4,"{""0"": ""no"", ""1"": ""put on chest, touching bare skin"", ""2"": ""put on chest, no touching of bare skin"", ""3"": ""put on chest, dk/missing on touching of bare skin"", ""8"": ""don't know""}"
m77_5,was child put on mother's chest and bare skin after birth,byte,M77_5,"{""0"": ""no"", ""1"": ""put on chest, touching bare skin"", ""2"": ""put on chest, no touching of bare skin"", ""3"": ""put on chest, dk/missing on touching of bare skin"", ""8"": ""don't know""}"
m77_6,was child put on mother's chest and bare skin after birth,byte,M77_6,"{""0"": ""no"", ""1"": ""put on chest, touching bare skin"", ""2"": ""put on chest, no touching of bare skin"", ""3"": ""put on chest, dk/missing on touching of bare skin"", ""8"": ""don't know""}"
m78a_1,na - during first 2 days health provider: examine cord,byte,M78A_1,"{""0"": ""no"", ""1"": ""yes"", ""8"": ""don't know""}"
m78a_2,na - during first 2 days health provider: examine cord,byte,M78A_2,"{""0"": ""no"", ""1"": ""yes"", ""8"": ""don't know""}"
m78a_3,na - during first 2 days health provider: examine cord,byte,M78A_3,"{""0"": ""no"", ""1"": ""yes"", ""8"": ""don't know""}"
m78a_4,na - during first 2 days health provider: examine cord,byte,M78A_4,"{""0"": ""no"", ""1"": ""yes"", ""8"": ""don't know""}"
m78a_5,na - during first 2 days health provider: examine cord,byte,M78A_5,"{""0"": ""no"", ""1"": ""yes"", ""8"": ""don't know""}"
m78a_6,na - during first 2 days health provider: examine cord,byte,M78A_6,"{""0"": ""no"", ""1"": ""yes"", ""8"": ""don't know""}"
m78b_1,na - during first 2 days health provider: measure temperature,byte,M78B_1,"{""0"": ""no"", ""1"": ""yes"", ""8"": ""don't know""}"
m78b_2,na - during first 2 days health provider: measure temperature,byte,M78B_2,"{""0"": ""no"", ""1"": ""yes"", ""8"": ""don't know""}"
m78b_3,na - during first 2 days health provider: measure temperature,byte,M78B_3,"{""0"": ""no"", ""1"": ""yes"", ""8"": ""don't know""}"
m78b_4,na - during first 2 days health provider: measure temperature,byte,M78B_4,"{""0"": ""no"", ""1"": ""yes"", ""8"": ""don't know""}"
m78b_5,na - during first 2 days health provider: measure temperature,byte,M78B_5,"{""0"": ""no"", ""1"": ""yes"", ""8"": ""don't know""}"
m78b_6,na - during first 2 days health provider: measure temperature,byte,M78B_6,"{""0"": ""no"", ""1"": ""yes"", ""8"": ""don't know""}"
m78c_1,na - during first 2 days health provider: counsel on newborn dangers,byte,M78C_1,"{""0"": ""no"", ""1"": ""yes"", ""8"": ""don't know""}"
m78c_2,na - during first 2 days health provider: counsel on newborn dangers,byte,M78C_2,"{""0"": ""no"", ""1"": ""yes"", ""8"": ""don't know""}"
m78c_3,na - during first 2 days health provider: counsel on newborn dangers,byte,M78C_3,"{""0"": ""no"", ""1"": ""yes"", ""8"": ""don't know""}"
m78c_4,na - during first 2 days health provider: counsel on newborn dangers,byte,M78C_4,"{""0"": ""no"", ""1"": ""yes"", ""8"": ""don't know""}"
m78c_5,na - during first 2 days health provider: counsel on newborn dangers,byte,M78C_5,"{""0"": ""no"", ""1"": ""yes"", ""8"": ""don't know""}"
m78c_6,na - during first 2 days health provider: counsel on newborn dangers,byte,M78C_6,"{""0"": ""no"", ""1"": ""yes"", ""8"": ""don't know""}"
m78d_1,na - during first 2 days health provider: counsel on breastfeeding,byte,M78D_1,"{""0"": ""no"", ""1"": ""yes"", ""8"": ""don't know""}"
m78d_2,na - during first 2 days health provider: counsel on breastfeeding,byte,M78D_2,"{""0"": ""no"", ""1"": ""yes"", ""8"": ""don't know""}"
m78d_3,na - during first 2 days health provider: counsel on breastfeeding,byte,M78D_3,"{""0"": ""no"", ""1"": ""yes"", ""8"": ""don't know""}"
m78d_4,na - during first 2 days health provider: counsel on breastfeeding,byte,M78D_4,"{""0"": ""no"", ""1"": ""yes"", ""8"": ""don't know""}"
m78d_5,na - during first 2 days health provider: counsel on breastfeeding,byte,M78D_5,"{""0"": ""no"", ""1"": ""yes"", ""8"": ""don't know""}"
m78d_6,na - during first 2 days health provider: counsel on breastfeeding,byte,M78D_6,"{""0"": ""no"", ""1"": ""yes"", ""8"": ""don't know""}"
m78e_1,na - during first 2 days health provider: observe breastfeeding,byte,M78E_1,"{""0"": ""no"", ""1"": ""yes"", ""8"": ""don't know""}"
m78e_2,na - during first 2 days health provider: observe breastfeeding,byte,M78E_2,"{""0"": ""no"", ""1"": ""yes"", ""8"": ""don't know""}"
m78e_3,na - during first 2 days health provider: observe breastfeeding,byte,M78E_3,"{""0"": ""no"", ""1"": ""yes"", ""8"": ""don't know""}"
m78e_4,na - during first 2 days health provider: observe breastfeeding,byte,M78E_4,"{""0"": ""no"", ""1"": ""yes"", ""8"": ""don't know""}"
m78e_5,na - during first 2 days health provider: observe breastfeeding,byte,M78E_5,"{""0"": ""no"", ""1"": ""yes"", ""8"": ""don't know""}"
m78e_6,na - during first 2 days health provider: observe breastfeeding,byte,M78E_6,"{""0"": ""no"", ""1"": ""yes"", ""8"": ""don't know""}"
m78f_1,na - during first 2 days health provider: cs,byte,M78F_1,"{""0"": ""no"", ""1"": ""yes"", ""8"": ""don't know""}"
m78f_2,na - during first 2 days health provider: cs,byte,M78F_2,"{""0"": ""no"", ""1"": ""yes"", ""8"": ""don't know""}"
m78f_3,na - during first 2 days health provider: cs,byte,M78F_3,"{""0"": ""no"", ""1"": ""yes"", ""8"": ""don't know""}"
m78f_4,na - during first 2 days health provider: cs,byte,M78F_4,"{""0"": ""no"", ""1"": ""yes"", ""8"": ""don't know""}"
m78f_5,na - during first 2 days health provider: cs,byte,M78F_5,"{""0"": ""no"", ""1"": ""yes"", ""8"": ""don't know""}"
m78f_6,na - during first 2 days health provider: cs,byte,M78F_6,"{""0"": ""no"", ""1"": ""yes"", ""8"": ""don't know""}"
m78g_1,na - during first 2 days health provider: cs,byte,M78G_1,"{""0"": ""no"", ""1"": ""yes"", ""8"": ""don't know""}"
m78g_2,na - during first 2 days health provider: cs,byte,M78G_2,"{""0"": ""no"", ""1"": ""yes"", ""8"": ""don't know""}"
m78g_3,na - during first 2 days health provider: cs,byte,M78G_3,"{""0"": ""no"", ""1"": ""yes"", ""8"": ""don't know""}"
m78g_4,na - during first 2 days health provider: cs,byte,M78G_4,"{""0"": ""no"", ""1"": ""yes"", ""8"": ""don't know""}"
m78g_5,na - during first 2 days health provider: cs,byte,M78G_5,"{""0"": ""no"", ""1"": ""yes"", ""8"": ""don't know""}"
m78g_6,na - during first 2 days health provider: cs,byte,M78G_6,"{""0"": ""no"", ""1"": ""yes"", ""8"": ""don't know""}"
m78h_1,na - during first 2 days health provider: cs,byte,M78H_1,"{""0"": ""no"", ""1"": ""yes"", ""8"": ""don't know""}"
m78h_2,na - during first 2 days health provider: cs,byte,M78H_2,"{""0"": ""no"", ""1"": ""yes"", ""8"": ""don't know""}"
m78h_3,na - during first 2 days health provider: cs,byte,M78H_3,"{""0"": ""no"", ""1"": ""yes"", ""8"": ""don't know""}"
m78h_4,na - during first 2 days health provider: cs,byte,M78H_4,"{""0"": ""no"", ""1"": ""yes"", ""8"": ""don't know""}"
m78h_5,na - during first 2 days health provider: cs,byte,M78H_5,"{""0"": ""no"", ""1"": ""yes"", ""8"": ""don't know""}"
m78h_6,na - during first 2 days health provider: cs,byte,M78H_6,"{""0"": ""no"", ""1"": ""yes"", ""8"": ""don't know""}"
m78i_1,na - during first 2 days health provider: cs,byte,M78I_1,"{""0"": ""no"", ""1"": ""yes"", ""8"": ""don't know""}"
m78i_2,na - during first 2 days health provider: cs,byte,M78I_2,"{""0"": ""no"", ""1"": ""yes"", ""8"": ""don't know""}"
m78i_3,na - during first 2 days health provider: cs,byte,M78I_3,"{""0"": ""no"", ""1"": ""yes"", ""8"": ""don't know""}"
m78i_4,na - during first 2 days health provider: cs,byte,M78I_4,"{""0"": ""no"", ""1"": ""yes"", ""8"": ""don't know""}"
m78i_5,na - during first 2 days health provider: cs,byte,M78I_5,"{""0"": ""no"", ""1"": ""yes"", ""8"": ""don't know""}"
m78i_6,na - during first 2 days health provider: cs,byte,M78I_6,"{""0"": ""no"", ""1"": ""yes"", ""8"": ""don't know""}"
m78j_1,na - during first 2 days health provider: cs,byte,M78J_1,"{""0"": ""no"", ""1"": ""yes"", ""8"": ""don't know""}"
m78j_2,na - during first 2 days health provider: cs,byte,M78J_2,"{""0"": ""no"", ""1"": ""yes"", ""8"": ""don't know""}"
m78j_3,na - during first 2 days health provider: cs,byte,M78J_3,"{""0"": ""no"", ""1"": ""yes"", ""8"": ""don't know""}"
m78j_4,na - during first 2 days health provider: cs,byte,M78J_4,"{""0"": ""no"", ""1"": ""yes"", ""8"": ""don't know""}"
m78j_5,na - during first 2 days health provider: cs,byte,M78J_5,"{""0"": ""no"", ""1"": ""yes"", ""8"": ""don't know""}"
m78j_6,na - during first 2 days health provider: cs,byte,M78J_6,"{""0"": ""no"", ""1"": ""yes"", ""8"": ""don't know""}"
mcv1d_1,mcv 1 day,byte,MCV1D_1,"{""0"": ""not given"", ""44"": ""marked on card"", ""66"": ""mother reported"", ""98"": ""don't know""}"
mcv1d_2,mcv 1 day,byte,MCV1D_2,"{""0"": ""not given"", ""44"": ""marked on card"", ""66"": ""mother reported"", ""98"": ""don't know""}"
mcv1d_3,mcv 1 day,byte,MCV1D_3,"{""0"": ""not given"", ""44"": ""marked on card"", ""66"": ""mother reported"", ""98"": ""don't know""}"
mcv1d_4,mcv 1 day,byte,MCV1D_4,"{""0"": ""not given"", ""44"": ""marked on card"", ""66"": ""mother reported"", ""98"": ""don't know""}"
mcv1m_1,mcv 1 month,byte,MCV1M_1,"{""0"": ""not given"", ""44"": ""marked on card"", ""66"": ""mother reported"", ""98"": ""don't know""}"
mcv1m_2,mcv 1 month,byte,MCV1M_2,"{""0"": ""not given"", ""44"": ""marked on card"", ""66"": ""mother reported"", ""98"": ""don't know""}"
mcv1m_3,mcv 1 month,byte,MCV1M_3,"{""0"": ""not given"", ""44"": ""marked on card"", ""66"": ""mother reported"", ""98"": ""don't know""}"
mcv1m_4,mcv 1 month,byte,MCV1M_4,"{""0"": ""not given"", ""44"": ""marked on card"", ""66"": ""mother reported"", ""98"": ""don't know""}"
mcv1y_1,mcv 1 year,int,MCV1Y_1,"{""0"": ""not given"", ""4444"": ""marked on card"", ""6666"": ""mother reported"", ""9998"": ""don't know""}"
mcv1y_2,mcv 1 year,int,MCV1Y_2,"{""0"": ""not given"", ""4444"": ""marked on card"", ""6666"": ""mother reported"", ""9998"": ""don't know""}"
mcv1y_3,mcv 1 year,int,MCV1Y_3,"{""0"": ""not given"", ""4444"": ""marked on card"", ""6666"": ""mother reported"", ""9998"": ""don't know""}"
mcv1y_4,mcv 1 year,int,MCV1Y_4,"{""0"": ""not given"", ""4444"": ""marked on card"", ""6666"": ""mother reported"", ""9998"": ""don't know""}"
mcv2d_1,mcv 2 day,byte,MCV2D_1,"{""0"": ""not given"", ""44"": ""marked on card"", ""66"": ""mother reported"", ""98"": ""don't know""}"
mcv2d_2,mcv 2 day,byte,MCV2D_2,"{""0"": ""not given"", ""44"": ""marked on card"", ""66"": ""mother reported"", ""98"": ""don't know""}"
mcv2d_3,mcv 2 day,byte,MCV2D_3,"{""0"": ""not given"", ""44"": ""marked on card"", ""66"": ""mother reported"", ""98"": ""don't know""}"
mcv2d_4,mcv 2 day,byte,MCV2D_4,"{""0"": ""not given"", ""44"": ""marked on card"", ""66"": ""mother reported"", ""98"": ""don't know""}"
mcv2m_1,mcv 2 month,byte,MCV2M_1,"{""0"": ""not given"", ""44"": ""marked on card"", ""66"": ""mother reported"", ""98"": ""don't know""}"
mcv2m_2,mcv 2 month,byte,MCV2M_2,"{""0"": ""not given"", ""44"": ""marked on card"", ""66"": ""mother reported"", ""98"": ""don't know""}"
mcv2m_3,mcv 2 month,byte,MCV2M_3,"{""0"": ""not given"", ""44"": ""marked on card"", ""66"": ""mother reported"", ""98"": ""don't know""}"
mcv2m_4,mcv 2 month,byte,MCV2M_4,"{""0"": ""not given"", ""44"": ""marked on card"", ""66"": ""mother reported"", ""98"": ""don't know""}"
mcv2y_1,mcv 2 year,int,MCV2Y_1,"{""0"": ""not given"", ""4444"": ""marked on card"", ""6666"": ""mother reported"", ""9998"": ""don't know""}"
mcv2y_2,mcv 2 year,int,MCV2Y_2,"{""0"": ""not given"", ""4444"": ""marked on card"", ""6666"": ""mother reported"", ""9998"": ""don't know""}"
mcv2y_3,mcv 2 year,int,MCV2Y_3,"{""0"": ""not given"", ""4444"": ""marked on card"", ""6666"": ""mother reported"", ""9998"": ""don't know""}"
mcv2y_4,mcv 2 year,byte,MCV2Y_4,"{""0"": ""not given"", ""4444"": ""marked on card"", ""6666"": ""mother reported"", ""9998"": ""don't know""}"
midx_1,index to birth history,byte,,
midx_2,index to birth history,byte,,
midx_3,index to birth history,byte,,
midx_4,index to birth history,byte,,
midx_5,index to birth history,byte,,
midx_6,index to birth history,byte,,
ml0_1,type of mosquito bed net(s) child slept under last night,byte,ML0_1,"{""0"": ""no net"", ""1"": ""only treated nets"", ""2"": ""both treated and untreated nets"", ""3"": ""only untreated nets""}"
ml0_2,type of mosquito bed net(s) child slept under last night,byte,ML0_2,"{""0"": ""no net"", ""1"": ""only treated nets"", ""2"": ""both treated and untreated nets"", ""3"": ""only untreated nets""}"
ml0_3,type of mosquito bed net(s) child slept under last night,byte,ML0_3,"{""0"": ""no net"", ""1"": ""only treated nets"", ""2"": ""both treated and untreated nets"", ""3"": ""only untreated nets""}"
ml0_4,type of mosquito bed net(s) child slept under last night,byte,ML0_4,"{""0"": ""no net"", ""1"": ""only treated nets"", ""2"": ""both treated and untreated nets"", ""3"": ""only untreated nets""}"
ml0_5,type of mosquito bed net(s) child slept under last night,byte,ML0_5,"{""0"": ""no net"", ""1"": ""only treated nets"", ""2"": ""both treated and untreated nets"", ""3"": ""only untreated nets""}"
ml0_6,type of mosquito bed net(s) child slept under last night,byte,ML0_6,"{""0"": ""no net"", ""1"": ""only treated nets"", ""2"": ""both treated and untreated nets"", ""3"": ""only untreated nets""}"
ml1_1,na - number of times took fansidar during pregnancy,byte,ML1_1,"{""98"": ""don't know""}"
ml1_2,na - number of times took fansidar during pregnancy,byte,ML1_2,"{""98"": ""don't know""}"
ml1_3,na - number of times took fansidar during pregnancy,byte,ML1_3,"{""98"": ""don't know""}"
ml1_4,na - number of times took fansidar during pregnancy,byte,ML1_4,"{""98"": ""don't know""}"
ml1_5,na - number of times took fansidar during pregnancy,byte,ML1_5,"{""98"": ""don't know""}"
ml1_6,na - number of times took fansidar during pregnancy,byte,ML1_6,"{""98"": ""don't know""}"
ml2_1,na - source of antimalarial during pregnancy,byte,ML2_1,"{""1"": ""antenatal visit"", ""2"": ""another facility visit"", ""6"": ""other source""}"
ml2_2,na - source of antimalarial during pregnancy,byte,ML2_2,"{""1"": ""antenatal visit"", ""2"": ""another facility visit"", ""6"": ""other source""}"
ml2_3,na - source of antimalarial during pregnancy,byte,ML2_3,"{""1"": ""antenatal visit"", ""2"": ""another facility visit"", ""6"": ""other source""}"
ml2_4,na - source of antimalarial during pregnancy,byte,ML2_4,"{""1"": ""antenatal visit"", ""2"": ""another facility visit"", ""6"": ""other source""}"
ml2_5,na - source of antimalarial during pregnancy,byte,ML2_5,"{""1"": ""antenatal visit"", ""2"": ""another facility visit"", ""6"": ""other source""}"
ml2_6,na - source of antimalarial during pregnancy,byte,ML2_6,"{""1"": ""antenatal visit"", ""2"": ""another facility visit"", ""6"": ""other source""}"
ml11_1,na - child has fever/cough now,byte,ML11_1,"{""0"": ""no"", ""1"": ""yes, fever only"", ""2"": ""yes, cough only"", ""3"": ""both fever and cough"", ""8"": ""don't know""}"
ml11_2,na - child has fever/cough now,byte,ML11_2,"{""0"": ""no"", ""1"": ""yes, fever only"", ""2"": ""yes, cough only"", ""3"": ""both fever and cough"", ""8"": ""don't know""}"
ml11_3,na - child has fever/cough now,byte,ML11_3,"{""0"": ""no"", ""1"": ""yes, fever only"", ""2"": ""yes, cough only"", ""3"": ""both fever and cough"", ""8"": ""don't know""}"
ml11_4,na - child has fever/cough now,byte,ML11_4,"{""0"": ""no"", ""1"": ""yes, fever only"", ""2"": ""yes, cough only"", ""3"": ""both fever and cough"", ""8"": ""don't know""}"
ml11_5,na - child has fever/cough now,byte,ML11_5,"{""0"": ""no"", ""1"": ""yes, fever only"", ""2"": ""yes, cough only"", ""3"": ""both fever and cough"", ""8"": ""don't know""}"
ml11_6,na - child has fever/cough now,byte,ML11_6,"{""0"": ""no"", ""1"": ""yes, fever only"", ""2"": ""yes, cough only"", ""3"": ""both fever and cough"", ""8"": ""don't know""}"
ml12_1,na - child has had convulsions in last 2 weeks,byte,ML12_1,"{""0"": ""no"", ""1"": ""yes"", ""8"": ""don't know""}"
ml12_2,na - child has had convulsions in last 2 weeks,byte,ML12_2,"{""0"": ""no"", ""1"": ""yes"", ""8"": ""don't know""}"
ml12_3,na - child has had convulsions in last 2 weeks,byte,ML12_3,"{""0"": ""no"", ""1"": ""yes"", ""8"": ""don't know""}"
ml12_4,na - child has had convulsions in last 2 weeks,byte,ML12_4,"{""0"": ""no"", ""1"": ""yes"", ""8"": ""don't know""}"
ml12_5,na - child has had convulsions in last 2 weeks,byte,ML12_5,"{""0"": ""no"", ""1"": ""yes"", ""8"": ""don't know""}"
ml12_6,na - child has had convulsions in last 2 weeks,byte,ML12_6,"{""0"": ""no"", ""1"": ""yes"", ""8"": ""don't know""}"
ml13a_1,fansidar taken for fever,byte,ML13A_1,"{""0"": ""no"", ""1"": ""yes""}"
ml13a_2,fansidar taken for fever,byte,ML13A_2,"{""0"": ""no"", ""1"": ""yes""}"
ml13a_3,fansidar taken for fever,byte,ML13A_3,"{""0"": ""no"", ""1"": ""yes""}"
ml13a_4,fansidar taken for fever,byte,ML13A_4,"{""0"": ""no"", ""1"": ""yes""}"
ml13a_5,fansidar taken for fever,byte,ML13A_5,"{""0"": ""no"", ""1"": ""yes""}"
ml13a_6,fansidar taken for fever,byte,ML13A_6,"{""0"": ""no"", ""1"": ""yes""}"
ml13aa_1,na - artesunate rectal taken for fever,byte,ML13AA_1,"{""0"": ""no"", ""1"": ""yes""}"
ml13aa_2,na - artesunate rectal taken for fever,byte,ML13AA_2,"{""0"": ""no"", ""1"": ""yes""}"
ml13aa_3,na - artesunate rectal taken for fever,byte,ML13AA_3,"{""0"": ""no"", ""1"": ""yes""}"
ml13aa_4,na - artesunate rectal taken for fever,byte,ML13AA_4,"{""0"": ""no"", ""1"": ""yes""}"
ml13aa_5,na - artesunate rectal taken for fever,byte,ML13AA_5,"{""0"": ""no"", ""1"": ""yes""}"
ml13aa_6,na - artesunate rectal taken for fever,byte,ML13AA_6,"{""0"": ""no"", ""1"": ""yes""}"
ml13ab_1,na - artesunate injection/iv taken for fever,byte,ML13AB_1,"{""0"": ""no"", ""1"": ""yes""}"
ml13ab_2,na - artesunate injection/iv taken for fever,byte,ML13AB_2,"{""0"": ""no"", ""1"": ""yes""}"
ml13ab_3,na - artesunate injection/iv taken for fever,byte,ML13AB_3,"{""0"": ""no"", ""1"": ""yes""}"
ml13ab_4,na - artesunate injection/iv taken for fever,byte,ML13AB_4,"{""0"": ""no"", ""1"": ""yes""}"
ml13ab_5,na - artesunate injection/iv taken for fever,byte,ML13AB_5,"{""0"": ""no"", ""1"": ""yes""}"
ml13ab_6,na - artesunate injection/iv taken for fever,byte,ML13AB_6,"{""0"": ""no"", ""1"": ""yes""}"
ml13b_1,chloroquine taken for fever,byte,ML13B_1,"{""0"": ""no"", ""1"": ""yes""}"
ml13b_2,chloroquine taken for fever,byte,ML13B_2,"{""0"": ""no"", ""1"": ""yes""}"
ml13b_3,chloroquine taken for fever,byte,ML13B_3,"{""0"": ""no"", ""1"": ""yes""}"
ml13b_4,chloroquine taken for fever,byte,ML13B_4,"{""0"": ""no"", ""1"": ""yes""}"
ml13b_5,chloroquine taken for fever,byte,ML13B_5,"{""0"": ""no"", ""1"": ""yes""}"
ml13b_6,chloroquine taken for fever,byte,ML13B_6,"{""0"": ""no"", ""1"": ""yes""}"
ml13c_1,na - amodiaquine taken for fever,byte,ML13C_1,"{""0"": ""no"", ""1"": ""yes""}"
ml13c_2,na - amodiaquine taken for fever,byte,ML13C_2,"{""0"": ""no"", ""1"": ""yes""}"
ml13c_3,na - amodiaquine taken for fever,byte,ML13C_3,"{""0"": ""no"", ""1"": ""yes""}"
ml13c_4,na - amodiaquine taken for fever,byte,ML13C_4,"{""0"": ""no"", ""1"": ""yes""}"
ml13c_5,na - amodiaquine taken for fever,byte,ML13C_5,"{""0"": ""no"", ""1"": ""yes""}"
ml13c_6,na - amodiaquine taken for fever,byte,ML13C_6,"{""0"": ""no"", ""1"": ""yes""}"
ml13d_1,quinine taken for fever,byte,ML13D_1,"{""0"": ""no"", ""1"": ""yes""}"
ml13d_2,quinine taken for fever,byte,ML13D_2,"{""0"": ""no"", ""1"": ""yes""}"
ml13d_3,quinine taken for fever,byte,ML13D_3,"{""0"": ""no"", ""1"": ""yes""}"
ml13d_4,quinine taken for fever,byte,ML13D_4,"{""0"": ""no"", ""1"": ""yes""}"
ml13d_5,quinine taken for fever,byte,ML13D_5,"{""0"": ""no"", ""1"": ""yes""}"
ml13d_6,quinine taken for fever,byte,ML13D_6,"{""0"": ""no"", ""1"": ""yes""}"
ml13da_1,na - quinine injection/iv taken for fever,byte,ML13DA_1,"{""0"": ""no"", ""1"": ""yes""}"
ml13da_2,na - quinine injection/iv taken for fever,byte,ML13DA_2,"{""0"": ""no"", ""1"": ""yes""}"
ml13da_3,na - quinine injection/iv taken for fever,byte,ML13DA_3,"{""0"": ""no"", ""1"": ""yes""}"
ml13da_4,na - quinine injection/iv taken for fever,byte,ML13DA_4,"{""0"": ""no"", ""1"": ""yes""}"
ml13da_5,na - quinine injection/iv taken for fever,byte,ML13DA_5,"{""0"": ""no"", ""1"": ""yes""}"
ml13da_6,na - quinine injection/iv taken for fever,byte,ML13DA_6,"{""0"": ""no"", ""1"": ""yes""}"
ml13e_1,combination with artemisinin taken for fever,byte,ML13E_1,"{""0"": ""no"", ""1"": ""yes""}"
ml13e_2,combination with artemisinin taken for fever,byte,ML13E_2,"{""0"": ""no"", ""1"": ""yes""}"
ml13e_3,combination with artemisinin taken for fever,byte,ML13E_3,"{""0"": ""no"", ""1"": ""yes""}"
ml13e_4,combination with artemisinin taken for fever,byte,ML13E_4,"{""0"": ""no"", ""1"": ""yes""}"
ml13e_5,combination with artemisinin taken for fever,byte,ML13E_5,"{""0"": ""no"", ""1"": ""yes""}"
ml13e_6,combination with artemisinin taken for fever,byte,ML13E_6,"{""0"": ""no"", ""1"": ""yes""}"
ml13f_1,primaquine taken for fever,byte,ML13F_1,"{""0"": ""no"", ""1"": ""yes""}"
ml13f_2,primaquine taken for fever,byte,ML13F_2,"{""0"": ""no"", ""1"": ""yes""}"
ml13f_3,primaquine taken for fever,byte,ML13F_3,"{""0"": ""no"", ""1"": ""yes""}"
ml13f_4,primaquine taken for fever,byte,ML13F_4,"{""0"": ""no"", ""1"": ""yes""}"
ml13f_5,primaquine taken for fever,byte,ML13F_5,"{""0"": ""no"", ""1"": ""yes""}"
ml13f_6,primaquine taken for fever,byte,ML13F_6,"{""0"": ""no"", ""1"": ""yes""}"
ml13g_1,unknown anti-malarial taken for fever,byte,ML13G_1,"{""0"": ""no"", ""1"": ""yes""}"
ml13g_2,unknown anti-malarial taken for fever,byte,ML13G_2,"{""0"": ""no"", ""1"": ""yes""}"
ml13g_3,unknown anti-malarial taken for fever,byte,ML13G_3,"{""0"": ""no"", ""1"": ""yes""}"
ml13g_4,unknown anti-malarial taken for fever,byte,ML13G_4,"{""0"": ""no"", ""1"": ""yes""}"
ml13g_5,unknown anti-malarial taken for fever,byte,ML13G_5,"{""0"": ""no"", ""1"": ""yes""}"
ml13g_6,unknown anti-malarial taken for fever,byte,ML13G_6,"{""0"": ""no"", ""1"": ""yes""}"
ml13h_1,other antimalarial taken for fever,byte,ML13H_1,"{""0"": ""no"", ""1"": ""yes""}"
ml13h_2,other antimalarial taken for fever,byte,ML13H_2,"{""0"": ""no"", ""1"": ""yes""}"
ml13h_3,other antimalarial taken for fever,byte,ML13H_3,"{""0"": ""no"", ""1"": ""yes""}"
ml13h_4,other antimalarial taken for fever,byte,ML13H_4,"{""0"": ""no"", ""1"": ""yes""}"
ml13h_5,other antimalarial taken for fever,byte,ML13H_5,"{""0"": ""no"", ""1"": ""yes""}"
ml13h_6,other antimalarial taken for fever,byte,ML13H_6,"{""0"": ""no"", ""1"": ""yes""}"
ml13i_1,na - antibiotic pill/syrup taken for fever,byte,ML13I_1,"{""0"": ""no"", ""1"": ""yes""}"
ml13i_2,na - antibiotic pill/syrup taken for fever,byte,ML13I_2,"{""0"": ""no"", ""1"": ""yes""}"
ml13i_3,na - antibiotic pill/syrup taken for fever,byte,ML13I_3,"{""0"": ""no"", ""1"": ""yes""}"
ml13i_4,na - antibiotic pill/syrup taken for fever,byte,ML13I_4,"{""0"": ""no"", ""1"": ""yes""}"
ml13i_5,na - antibiotic pill/syrup taken for fever,byte,ML13I_5,"{""0"": ""no"", ""1"": ""yes""}"
ml13i_6,na - antibiotic pill/syrup taken for fever,byte,ML13I_6,"{""0"": ""no"", ""1"": ""yes""}"
ml13j_1,na - antibiotic injection taken for fever,byte,ML13J_1,"{""0"": ""no"", ""1"": ""yes""}"
ml13j_2,na - antibiotic injection taken for fever,byte,ML13J_2,"{""0"": ""no"", ""1"": ""yes""}"
ml13j_3,na - antibiotic injection taken for fever,byte,ML13J_3,"{""0"": ""no"", ""1"": ""yes""}"
ml13j_4,na - antibiotic injection taken for fever,byte,ML13J_4,"{""0"": ""no"", ""1"": ""yes""}"
ml13j_5,na - antibiotic injection taken for fever,byte,ML13J_5,"{""0"": ""no"", ""1"": ""yes""}"
ml13j_6,na - antibiotic injection taken for fever,byte,ML13J_6,"{""0"": ""no"", ""1"": ""yes""}"
ml13k_1,aspirin taken for fever,byte,ML13K_1,"{""0"": ""no"", ""1"": ""yes""}"
ml13k_2,aspirin taken for fever,byte,ML13K_2,"{""0"": ""no"", ""1"": ""yes""}"
ml13k_3,aspirin taken for fever,byte,ML13K_3,"{""0"": ""no"", ""1"": ""yes""}"
ml13k_4,aspirin taken for fever,byte,ML13K_4,"{""0"": ""no"", ""1"": ""yes""}"
ml13k_5,aspirin taken for fever,byte,ML13K_5,"{""0"": ""no"", ""1"": ""yes""}"
ml13k_6,aspirin taken for fever,byte,ML13K_6,"{""0"": ""no"", ""1"": ""yes""}"
ml13l_1,acetaminophen/paracetamol/panadol taken for fever,byte,ML13L_1,"{""0"": ""no"", ""1"": ""yes""}"
ml13l_2,acetaminophen/paracetamol/panadol taken for fever,byte,ML13L_2,"{""0"": ""no"", ""1"": ""yes""}"
ml13l_3,acetaminophen/paracetamol/panadol taken for fever,byte,ML13L_3,"{""0"": ""no"", ""1"": ""yes""}"
ml13l_4,acetaminophen/paracetamol/panadol taken for fever,byte,ML13L_4,"{""0"": ""no"", ""1"": ""yes""}"
ml13l_5,acetaminophen/paracetamol/panadol taken for fever,byte,ML13L_5,"{""0"": ""no"", ""1"": ""yes""}"
ml13l_6,acetaminophen/paracetamol/panadol taken for fever,byte,ML13L_6,"{""0"": ""no"", ""1"": ""yes""}"
ml13m_1,ibuprofen taken for fever,byte,ML13M_1,"{""0"": ""no"", ""1"": ""yes""}"
ml13m_2,ibuprofen taken for fever,byte,ML13M_2,"{""0"": ""no"", ""1"": ""yes""}"
ml13m_3,ibuprofen taken for fever,byte,ML13M_3,"{""0"": ""no"", ""1"": ""yes""}"
ml13m_4,ibuprofen taken for fever,byte,ML13M_4,"{""0"": ""no"", ""1"": ""yes""}"
ml13m_5,ibuprofen taken for fever,byte,ML13M_5,"{""0"": ""no"", ""1"": ""yes""}"
ml13m_6,ibuprofen taken for fever,byte,ML13M_6,"{""0"": ""no"", ""1"": ""yes""}"
ml13n_1,antibiotic taken for fever,byte,ML13N_1,"{""0"": ""no"", ""1"": ""yes""}"
ml13n_2,antibiotic taken for fever,byte,ML13N_2,"{""0"": ""no"", ""1"": ""yes""}"
ml13n_3,antibiotic taken for fever,byte,ML13N_3,"{""0"": ""no"", ""1"": ""yes""}"
ml13n_4,antibiotic taken for fever,byte,ML13N_4,"{""0"": ""no"", ""1"": ""yes""}"
ml13n_5,antibiotic taken for fever,byte,ML13N_5,"{""0"": ""no"", ""1"": ""yes""}"
ml13n_6,antibiotic taken for fever,byte,ML13N_6,"{""0"": ""no"", ""1"": ""yes""}"
ml13o_1,na - cs other taken for fever,byte,ML13O_1,"{""0"": ""no"", ""1"": ""yes""}"
ml13o_2,na - cs other taken for fever,byte,ML13O_2,"{""0"": ""no"", ""1"": ""yes""}"
ml13o_3,na - cs other taken for fever,byte,ML13O_3,"{""0"": ""no"", ""1"": ""yes""}"
ml13o_4,na - cs other taken for fever,byte,ML13O_4,"{""0"": ""no"", ""1"": ""yes""}"
ml13o_5,na - cs other taken for fever,byte,ML13O_5,"{""0"": ""no"", ""1"": ""yes""}"
ml13o_6,na - cs other taken for fever,byte,ML13O_6,"{""0"": ""no"", ""1"": ""yes""}"
ml13p_1,na - cs other taken for fever,byte,ML13P_1,"{""0"": ""no"", ""1"": ""yes""}"
ml13p_2,na - cs other taken for fever,byte,ML13P_2,"{""0"": ""no"", ""1"": ""yes""}"
ml13p_3,na - cs other taken for fever,byte,ML13P_3,"{""0"": ""no"", ""1"": ""yes""}"
ml13p_4,na - cs other taken for fever,byte,ML13P_4,"{""0"": ""no"", ""1"": ""yes""}"
ml13p_5,na - cs other taken for fever,byte,ML13P_5,"{""0"": ""no"", ""1"": ""yes""}"
ml13p_6,na - cs other taken for fever,byte,ML13P_6,"{""0"": ""no"", ""1"": ""yes""}"
ml13x_1,other taken for fever,byte,ML13X_1,"{""0"": ""no"", ""1"": ""yes""}"
ml13x_2,other taken for fever,byte,ML13X_2,"{""0"": ""no"", ""1"": ""yes""}"
ml13x_3,other taken for fever,byte,ML13X_3,"{""0"": ""no"", ""1"": ""yes""}"
ml13x_4,other taken for fever,byte,ML13X_4,"{""0"": ""no"", ""1"": ""yes""}"
ml13x_5,other taken for fever,byte,ML13X_5,"{""0"": ""no"", ""1"": ""yes""}"
ml13x_6,other taken for fever,byte,ML13X_6,"{""0"": ""no"", ""1"": ""yes""}"
ml13y_1,nothing taken and didn't seek treatment for fever/cough,byte,ML13Y_1,"{""0"": ""no"", ""1"": ""yes, nothing taken""}"
ml13y_2,nothing taken and didn't seek treatment for fever/cough,byte,ML13Y_2,"{""0"": ""no"", ""1"": ""yes, nothing taken""}"
ml13y_3,nothing taken and didn't seek treatment for fever/cough,byte,ML13Y_3,"{""0"": ""no"", ""1"": ""yes, nothing taken""}"
ml13y_4,nothing taken and didn't seek treatment for fever/cough,byte,ML13Y_4,"{""0"": ""no"", ""1"": ""yes, nothing taken""}"
ml13y_5,nothing taken and didn't seek treatment for fever/cough,byte,ML13Y_5,"{""0"": ""no"", ""1"": ""yes, nothing taken""}"
ml13y_6,nothing taken and didn't seek treatment for fever/cough,byte,ML13Y_6,"{""0"": ""no"", ""1"": ""yes, nothing taken""}"
ml13z_1,don't know if or what was taken for fever,byte,ML13Z_1,"{""0"": ""no"", ""1"": ""yes, don't know""}"
ml13z_2,don't know if or what was taken for fever,byte,ML13Z_2,"{""0"": ""no"", ""1"": ""yes, don't know""}"
ml13z_3,don't know if or what was taken for fever,byte,ML13Z_3,"{""0"": ""no"", ""1"": ""yes, don't know""}"
ml13z_4,don't know if or what was taken for fever,byte,ML13Z_4,"{""0"": ""no"", ""1"": ""yes, don't know""}"
ml13z_5,don't know if or what was taken for fever,byte,ML13Z_5,"{""0"": ""no"", ""1"": ""yes, don't know""}"
ml13z_6,don't know if or what was taken for fever,byte,ML13Z_6,"{""0"": ""no"", ""1"": ""yes, don't know""}"
ml14a_1,na - injection given for fever/convulsion,byte,ML14A_1,"{""0"": ""no"", ""1"": ""yes""}"
ml14a_2,na - injection given for fever/convulsion,byte,ML14A_2,"{""0"": ""no"", ""1"": ""yes""}"
ml14a_3,na - injection given for fever/convulsion,byte,ML14A_3,"{""0"": ""no"", ""1"": ""yes""}"
ml14a_4,na - injection given for fever/convulsion,byte,ML14A_4,"{""0"": ""no"", ""1"": ""yes""}"
ml14a_5,na - injection given for fever/convulsion,byte,ML14A_5,"{""0"": ""no"", ""1"": ""yes""}"
ml14a_6,na - injection given for fever/convulsion,byte,ML14A_6,"{""0"": ""no"", ""1"": ""yes""}"
ml14b_1,na - suppository given for fever/convulsion,byte,ML14B_1,"{""0"": ""no"", ""1"": ""yes""}"
ml14b_2,na - suppository given for fever/convulsion,byte,ML14B_2,"{""0"": ""no"", ""1"": ""yes""}"
ml14b_3,na - suppository given for fever/convulsion,byte,ML14B_3,"{""0"": ""no"", ""1"": ""yes""}"
ml14b_4,na - suppository given for fever/convulsion,byte,ML14B_4,"{""0"": ""no"", ""1"": ""yes""}"
ml14b_5,na - suppository given for fever/convulsion,byte,ML14B_5,"{""0"": ""no"", ""1"": ""yes""}"
ml14b_6,na - suppository given for fever/convulsion,byte,ML14B_6,"{""0"": ""no"", ""1"": ""yes""}"
ml14y_1,na - no suppository or injection given for fever/convulsion,byte,ML14Y_1,"{""0"": ""no"", ""1"": ""yes""}"
ml14y_2,na - no suppository or injection given for fever/convulsion,byte,ML14Y_2,"{""0"": ""no"", ""1"": ""yes""}"
ml14y_3,na - no suppository or injection given for fever/convulsion,byte,ML14Y_3,"{""0"": ""no"", ""1"": ""yes""}"
ml14y_4,na - no suppository or injection given for fever/convulsion,byte,ML14Y_4,"{""0"": ""no"", ""1"": ""yes""}"
ml14y_5,na - no suppository or injection given for fever/convulsion,byte,ML14Y_5,"{""0"": ""no"", ""1"": ""yes""}"
ml14y_6,na - no suppository or injection given for fever/convulsion,byte,ML14Y_6,"{""0"": ""no"", ""1"": ""yes""}"
ml14z_1,na - don't know if suppository or injection given for fever/convulsion,byte,ML14Z_1,"{""0"": ""no"", ""1"": ""yes""}"
ml14z_2,na - don't know if suppository or injection given for fever/convulsion,byte,ML14Z_2,"{""0"": ""no"", ""1"": ""yes""}"
ml14z_3,na - don't know if suppository or injection given for fever/convulsion,byte,ML14Z_3,"{""0"": ""no"", ""1"": ""yes""}"
ml14z_4,na - don't know if suppository or injection given for fever/convulsion,byte,ML14Z_4,"{""0"": ""no"", ""1"": ""yes""}"
ml14z_5,na - don't know if suppository or injection given for fever/convulsion,byte,ML14Z_5,"{""0"": ""no"", ""1"": ""yes""}"
ml14z_6,na - don't know if suppository or injection given for fever/convulsion,byte,ML14Z_6,"{""0"": ""no"", ""1"": ""yes""}"
ml15a_1,timing of start of fansidar,byte,ML15A_1,"{""0"": ""same day as fever/cough"", ""1"": ""next day"", ""2"": ""2 days after"", ""3"": ""3 days after"", ""4"": ""4+ days after"", ""8"": ""don't know""}"
ml15a_2,timing of start of fansidar,byte,ML15A_2,"{""0"": ""same day as fever/cough"", ""1"": ""next day"", ""2"": ""2 days after"", ""3"": ""3 days after"", ""4"": ""4+ days after"", ""8"": ""don't know""}"
ml15a_3,timing of start of fansidar,byte,ML15A_3,"{""0"": ""same day as fever/cough"", ""1"": ""next day"", ""2"": ""2 days after"", ""3"": ""3 days after"", ""4"": ""4+ days after"", ""8"": ""don't know""}"
ml15a_4,timing of start of fansidar,byte,ML15A_4,"{""0"": ""same day as fever/cough"", ""1"": ""next day"", ""2"": ""2 days after"", ""3"": ""3 days after"", ""4"": ""4+ days after"", ""8"": ""don't know""}"
ml15a_5,timing of start of fansidar,byte,ML15A_5,"{""0"": ""same day as fever/cough"", ""1"": ""next day"", ""2"": ""2 days after"", ""3"": ""3 days after"", ""4"": ""4+ days after"", ""8"": ""don't know""}"
ml15a_6,timing of start of fansidar,byte,ML15A_6,"{""0"": ""same day as fever/cough"", ""1"": ""next day"", ""2"": ""2 days after"", ""3"": ""3 days after"", ""4"": ""4+ days after"", ""8"": ""don't know""}"
ml15b_1,na - number of days child took fansidar,byte,ML15B_1,"{""7"": ""7+ days"", ""8"": ""don't know""}"
ml15b_2,na - number of days child took fansidar,byte,ML15B_2,"{""7"": ""7+ days"", ""8"": ""don't know""}"
ml15b_3,na - number of days child took fansidar,byte,ML15B_3,"{""7"": ""7+ days"", ""8"": ""don't know""}"
ml15b_4,na - number of days child took fansidar,byte,ML15B_4,"{""7"": ""7+ days"", ""8"": ""don't know""}"
ml15b_5,na - number of days child took fansidar,byte,ML15B_5,"{""7"": ""7+ days"", ""8"": ""don't know""}"
ml15b_6,na - number of days child took fansidar,byte,ML15B_6,"{""7"": ""7+ days"", ""8"": ""don't know""}"
ml15c_1,na - first source for fansidar,byte,ML15C_1,"{""0"": ""other source"", ""1"": ""at home"", ""8"": ""don't know""}"
ml15c_2,na - first source for fansidar,byte,ML15C_2,"{""0"": ""other source"", ""1"": ""at home"", ""8"": ""don't know""}"
ml15c_3,na - first source for fansidar,byte,ML15C_3,"{""0"": ""other source"", ""1"": ""at home"", ""8"": ""don't know""}"
ml15c_4,na - first source for fansidar,byte,ML15C_4,"{""0"": ""other source"", ""1"": ""at home"", ""8"": ""don't know""}"
ml15c_5,na - first source for fansidar,byte,ML15C_5,"{""0"": ""other source"", ""1"": ""at home"", ""8"": ""don't know""}"
ml15c_6,na - first source for fansidar,byte,ML15C_6,"{""0"": ""other source"", ""1"": ""at home"", ""8"": ""don't know""}"
ml16a_1,timing of start of chloroquine,byte,ML16A_1,"{""0"": ""same day as fever/cough"", ""1"": ""next day"", ""2"": ""2 days after"", ""3"": ""3 days after"", ""4"": ""4+ days after"", ""8"": ""don't know""}"
ml16a_2,timing of start of chloroquine,byte,ML16A_2,"{""0"": ""same day as fever/cough"", ""1"": ""next day"", ""2"": ""2 days after"", ""3"": ""3 days after"", ""4"": ""4+ days after"", ""8"": ""don't know""}"
ml16a_3,timing of start of chloroquine,byte,ML16A_3,"{""0"": ""same day as fever/cough"", ""1"": ""next day"", ""2"": ""2 days after"", ""3"": ""3 days after"", ""4"": ""4+ days after"", ""8"": ""don't know""}"
ml16a_4,timing of start of chloroquine,byte,ML16A_4,"{""0"": ""same day as fever/cough"", ""1"": ""next day"", ""2"": ""2 days after"", ""3"": ""3 days after"", ""4"": ""4+ days after"", ""8"": ""don't know""}"
ml16a_5,timing of start of chloroquine,byte,ML16A_5,"{""0"": ""same day as fever/cough"", ""1"": ""next day"", ""2"": ""2 days after"", ""3"": ""3 days after"", ""4"": ""4+ days after"", ""8"": ""don't know""}"
ml16a_6,timing of start of chloroquine,byte,ML16A_6,"{""0"": ""same day as fever/cough"", ""1"": ""next day"", ""2"": ""2 days after"", ""3"": ""3 days after"", ""4"": ""4+ days after"", ""8"": ""don't know""}"
ml16b_1,na - number of days child took chloroquine,byte,ML16B_1,"{""7"": ""7+ days"", ""8"": ""don't know""}"
ml16b_2,na - number of days child took chloroquine,byte,ML16B_2,"{""7"": ""7+ days"", ""8"": ""don't know""}"
ml16b_3,na - number of days child took chloroquine,byte,ML16B_3,"{""7"": ""7+ days"", ""8"": ""don't know""}"
ml16b_4,na - number of days child took chloroquine,byte,ML16B_4,"{""7"": ""7+ days"", ""8"": ""don't know""}"
ml16b_5,na - number of days child took chloroquine,byte,ML16B_5,"{""7"": ""7+ days"", ""8"": ""don't know""}"
ml16b_6,na - number of days child took chloroquine,byte,ML16B_6,"{""7"": ""7+ days"", ""8"": ""don't know""}"
ml16c_1,na - first source for chloroquine,byte,ML16C_1,"{""0"": ""other source"", ""1"": ""at home"", ""8"": ""don't know""}"
ml16c_2,na - first source for chloroquine,byte,ML16C_2,"{""0"": ""other source"", ""1"": ""at home"", ""8"": ""don't know""}"
ml16c_3,na - first source for chloroquine,byte,ML16C_3,"{""0"": ""other source"", ""1"": ""at home"", ""8"": ""don't know""}"
ml16c_4,na - first source for chloroquine,byte,ML16C_4,"{""0"": ""other source"", ""1"": ""at home"", ""8"": ""don't know""}"
ml16c_5,na - first source for chloroquine,byte,ML16C_5,"{""0"": ""other source"", ""1"": ""at home"", ""8"": ""don't know""}"
ml16c_6,na - first source for chloroquine,byte,ML16C_6,"{""0"": ""other source"", ""1"": ""at home"", ""8"": ""don't know""}"
ml17a_1,na - timing of start of amodiaquine,byte,ML17A_1,"{""0"": ""same day as fever/cough"", ""1"": ""next day"", ""2"": ""2 days after"", ""3"": ""3 days after"", ""4"": ""4+ days after"", ""8"": ""don't know""}"
ml17a_2,na - timing of start of amodiaquine,byte,ML17A_2,"{""0"": ""same day as fever/cough"", ""1"": ""next day"", ""2"": ""2 days after"", ""3"": ""3 days after"", ""4"": ""4+ days after"", ""8"": ""don't know""}"
ml17a_3,na - timing of start of amodiaquine,byte,ML17A_3,"{""0"": ""same day as fever/cough"", ""1"": ""next day"", ""2"": ""2 days after"", ""3"": ""3 days after"", ""4"": ""4+ days after"", ""8"": ""don't know""}"
ml17a_4,na - timing of start of amodiaquine,byte,ML17A_4,"{""0"": ""same day as fever/cough"", ""1"": ""next day"", ""2"": ""2 days after"", ""3"": ""3 days after"", ""4"": ""4+ days after"", ""8"": ""don't know""}"
ml17a_5,na - timing of start of amodiaquine,byte,ML17A_5,"{""0"": ""same day as fever/cough"", ""1"": ""next day"", ""2"": ""2 days after"", ""3"": ""3 days after"", ""4"": ""4+ days after"", ""8"": ""don't know""}"
ml17a_6,na - timing of start of amodiaquine,byte,ML17A_6,"{""0"": ""same day as fever/cough"", ""1"": ""next day"", ""2"": ""2 days after"", ""3"": ""3 days after"", ""4"": ""4+ days after"", ""8"": ""don't know""}"
ml17b_1,na - number of days child took amodiaquine,byte,ML17B_1,"{""7"": ""7+ days"", ""8"": ""don't know""}"
ml17b_2,na - number of days child took amodiaquine,byte,ML17B_2,"{""7"": ""7+ days"", ""8"": ""don't know""}"
ml17b_3,na - number of days child took amodiaquine,byte,ML17B_3,"{""7"": ""7+ days"", ""8"": ""don't know""}"
ml17b_4,na - number of days child took amodiaquine,byte,ML17B_4,"{""7"": ""7+ days"", ""8"": ""don't know""}"
ml17b_5,na - number of days child took amodiaquine,byte,ML17B_5,"{""7"": ""7+ days"", ""8"": ""don't know""}"
ml17b_6,na - number of days child took amodiaquine,byte,ML17B_6,"{""7"": ""7+ days"", ""8"": ""don't know""}"
ml17c_1,na - first source for amodiaquine,byte,ML17C_1,"{""0"": ""other source"", ""1"": ""at home"", ""8"": ""don't know""}"
ml17c_2,na - first source for amodiaquine,byte,ML17C_2,"{""0"": ""other source"", ""1"": ""at home"", ""8"": ""don't know""}"
ml17c_3,na - first source for amodiaquine,byte,ML17C_3,"{""0"": ""other source"", ""1"": ""at home"", ""8"": ""don't know""}"
ml17c_4,na - first source for amodiaquine,byte,ML17C_4,"{""0"": ""other source"", ""1"": ""at home"", ""8"": ""don't know""}"
ml17c_5,na - first source for amodiaquine,byte,ML17C_5,"{""0"": ""other source"", ""1"": ""at home"", ""8"": ""don't know""}"
ml17c_6,na - first source for amodiaquine,byte,ML17C_6,"{""0"": ""other source"", ""1"": ""at home"", ""8"": ""don't know""}"
ml18a_1,timing of start of quinine,byte,ML18A_1,"{""0"": ""same day as fever/cough"", ""1"": ""next day"", ""2"": ""2 days after"", ""3"": ""3 days after"", ""4"": ""4+ days after"", ""8"": ""don't know""}"
ml18a_2,timing of start of quinine,byte,ML18A_2,"{""0"": ""same day as fever/cough"", ""1"": ""next day"", ""2"": ""2 days after"", ""3"": ""3 days after"", ""4"": ""4+ days after"", ""8"": ""don't know""}"
ml18a_3,timing of start of quinine,byte,ML18A_3,"{""0"": ""same day as fever/cough"", ""1"": ""next day"", ""2"": ""2 days after"", ""3"": ""3 days after"", ""4"": ""4+ days after"", ""8"": ""don't know""}"
ml18a_4,timing of start of quinine,byte,ML18A_4,"{""0"": ""same day as fever/cough"", ""1"": ""next day"", ""2"": ""2 days after"", ""3"": ""3 days after"", ""4"": ""4+ days after"", ""8"": ""don't know""}"
ml18a_5,timing of start of quinine,byte,ML18A_5,"{""0"": ""same day as fever/cough"", ""1"": ""next day"", ""2"": ""2 days after"", ""3"": ""3 days after"", ""4"": ""4+ days after"", ""8"": ""don't know""}"
ml18a_6,timing of start of quinine,byte,ML18A_6,"{""0"": ""same day as fever/cough"", ""1"": ""next day"", ""2"": ""2 days after"", ""3"": ""3 days after"", ""4"": ""4+ days after"", ""8"": ""don't know""}"
ml18b_1,na - number of days child took quinine,byte,ML18B_1,"{""7"": ""7+ days"", ""8"": ""don't know""}"
ml18b_2,na - number of days child took quinine,byte,ML18B_2,"{""7"": ""7+ days"", ""8"": ""don't know""}"
ml18b_3,na - number of days child took quinine,byte,ML18B_3,"{""7"": ""7+ days"", ""8"": ""don't know""}"
ml18b_4,na - number of days child took quinine,byte,ML18B_4,"{""7"": ""7+ days"", ""8"": ""don't know""}"
ml18b_5,na - number of days child took quinine,byte,ML18B_5,"{""7"": ""7+ days"", ""8"": ""don't know""}"
ml18b_6,na - number of days child took quinine,byte,ML18B_6,"{""7"": ""7+ days"", ""8"": ""don't know""}"
ml18c_1,na - first source for quinine,byte,ML18C_1,"{""0"": ""other source"", ""1"": ""at home"", ""8"": ""don't know""}"
ml18c_2,na - first source for quinine,byte,ML18C_2,"{""0"": ""other source"", ""1"": ""at home"", ""8"": ""don't know""}"
ml18c_3,na - first source for quinine,byte,ML18C_3,"{""0"": ""other source"", ""1"": ""at home"", ""8"": ""don't know""}"
ml18c_4,na - first source for quinine,byte,ML18C_4,"{""0"": ""other source"", ""1"": ""at home"", ""8"": ""don't know""}"
ml18c_5,na - first source for quinine,byte,ML18C_5,"{""0"": ""other source"", ""1"": ""at home"", ""8"": ""don't know""}"
ml18c_6,na - first source for quinine,byte,ML18C_6,"{""0"": ""other source"", ""1"": ""at home"", ""8"": ""don't know""}"
ml19a_1,na - for fever/convulsion: consulted traditional healer,byte,ML19A_1,"{""0"": ""no"", ""1"": ""yes""}"
ml19a_2,na - for fever/convulsion: consulted traditional healer,byte,ML19A_2,"{""0"": ""no"", ""1"": ""yes""}"
ml19a_3,na - for fever/convulsion: consulted traditional healer,byte,ML19A_3,"{""0"": ""no"", ""1"": ""yes""}"
ml19a_4,na - for fever/convulsion: consulted traditional healer,byte,ML19A_4,"{""0"": ""no"", ""1"": ""yes""}"
ml19a_5,na - for fever/convulsion: consulted traditional healer,byte,ML19A_5,"{""0"": ""no"", ""1"": ""yes""}"
ml19a_6,na - for fever/convulsion: consulted traditional healer,byte,ML19A_6,"{""0"": ""no"", ""1"": ""yes""}"
ml19b_1,na - for fever/convulsion: gave tepid sponging,byte,ML19B_1,"{""0"": ""no"", ""1"": ""yes""}"
ml19b_2,na - for fever/convulsion: gave tepid sponging,byte,ML19B_2,"{""0"": ""no"", ""1"": ""yes""}"
ml19b_3,na - for fever/convulsion: gave tepid sponging,byte,ML19B_3,"{""0"": ""no"", ""1"": ""yes""}"
ml19b_4,na - for fever/convulsion: gave tepid sponging,byte,ML19B_4,"{""0"": ""no"", ""1"": ""yes""}"
ml19b_5,na - for fever/convulsion: gave tepid sponging,byte,ML19B_5,"{""0"": ""no"", ""1"": ""yes""}"
ml19b_6,na - for fever/convulsion: gave tepid sponging,byte,ML19B_6,"{""0"": ""no"", ""1"": ""yes""}"
ml19c_1,na - for fever/convulsion: gave herbs,byte,ML19C_1,"{""0"": ""no"", ""1"": ""yes""}"
ml19c_2,na - for fever/convulsion: gave herbs,byte,ML19C_2,"{""0"": ""no"", ""1"": ""yes""}"
ml19c_3,na - for fever/convulsion: gave herbs,byte,ML19C_3,"{""0"": ""no"", ""1"": ""yes""}"
ml19c_4,na - for fever/convulsion: gave herbs,byte,ML19C_4,"{""0"": ""no"", ""1"": ""yes""}"
ml19c_5,na - for fever/convulsion: gave herbs,byte,ML19C_5,"{""0"": ""no"", ""1"": ""yes""}"
ml19c_6,na - for fever/convulsion: gave herbs,byte,ML19C_6,"{""0"": ""no"", ""1"": ""yes""}"
ml19d_1,na - for fever/convulsion: cs,byte,ML19D_1,"{""0"": ""no"", ""1"": ""yes""}"
ml19d_2,na - for fever/convulsion: cs,byte,ML19D_2,"{""0"": ""no"", ""1"": ""yes""}"
ml19d_3,na - for fever/convulsion: cs,byte,ML19D_3,"{""0"": ""no"", ""1"": ""yes""}"
ml19d_4,na - for fever/convulsion: cs,byte,ML19D_4,"{""0"": ""no"", ""1"": ""yes""}"
ml19d_5,na - for fever/convulsion: cs,byte,ML19D_5,"{""0"": ""no"", ""1"": ""yes""}"
ml19d_6,na - for fever/convulsion: cs,byte,ML19D_6,"{""0"": ""no"", ""1"": ""yes""}"
ml19e_1,na - for fever/convulsion: cs,byte,ML19E_1,"{""0"": ""no"", ""1"": ""yes""}"
ml19e_2,na - for fever/convulsion: cs,byte,ML19E_2,"{""0"": ""no"", ""1"": ""yes""}"
ml19e_3,na - for fever/convulsion: cs,byte,ML19E_3,"{""0"": ""no"", ""1"": ""yes""}"
ml19e_4,na - for fever/convulsion: cs,byte,ML19E_4,"{""0"": ""no"", ""1"": ""yes""}"
ml19e_5,na - for fever/convulsion: cs,byte,ML19E_5,"{""0"": ""no"", ""1"": ""yes""}"
ml19e_6,na - for fever/convulsion: cs,byte,ML19E_6,"{""0"": ""no"", ""1"": ""yes""}"
ml19f_1,na - for fever/convulsion: cs,byte,ML19F_1,"{""0"": ""no"", ""1"": ""yes""}"
ml19f_2,na - for fever/convulsion: cs,byte,ML19F_2,"{""0"": ""no"", ""1"": ""yes""}"
ml19f_3,na - for fever/convulsion: cs,byte,ML19F_3,"{""0"": ""no"", ""1"": ""yes""}"
ml19f_4,na - for fever/convulsion: cs,byte,ML19F_4,"{""0"": ""no"", ""1"": ""yes""}"
ml19f_5,na - for fever/convulsion: cs,byte,ML19F_5,"{""0"": ""no"", ""1"": ""yes""}"
ml19f_6,na - for fever/convulsion: cs,byte,ML19F_6,"{""0"": ""no"", ""1"": ""yes""}"
ml19x_1,na - for fever/convulsion: other,byte,ML19X_1,"{""0"": ""no"", ""1"": ""yes""}"
ml19x_2,na - for fever/convulsion: other,byte,ML19X_2,"{""0"": ""no"", ""1"": ""yes""}"
ml19x_3,na - for fever/convulsion: other,byte,ML19X_3,"{""0"": ""no"", ""1"": ""yes""}"
ml19x_4,na - for fever/convulsion: other,byte,ML19X_4,"{""0"": ""no"", ""1"": ""yes""}"
ml19x_5,na - for fever/convulsion: other,byte,ML19X_5,"{""0"": ""no"", ""1"": ""yes""}"
ml19x_6,na - for fever/convulsion: other,byte,ML19X_6,"{""0"": ""no"", ""1"": ""yes""}"
ml19y_1,na - for fever/convulsion: gave/did nothing,byte,ML19Y_1,"{""0"": ""no"", ""1"": ""yes""}"
ml19y_2,na - for fever/convulsion: gave/did nothing,byte,ML19Y_2,"{""0"": ""no"", ""1"": ""yes""}"
ml19y_3,na - for fever/convulsion: gave/did nothing,byte,ML19Y_3,"{""0"": ""no"", ""1"": ""yes""}"
ml19y_4,na - for fever/convulsion: gave/did nothing,byte,ML19Y_4,"{""0"": ""no"", ""1"": ""yes""}"
ml19y_5,na - for fever/convulsion: gave/did nothing,byte,ML19Y_5,"{""0"": ""no"", ""1"": ""yes""}"
ml19y_6,na - for fever/convulsion: gave/did nothing,byte,ML19Y_6,"{""0"": ""no"", ""1"": ""yes""}"
ml19z_1,na - for fever/convulsion: don't know if something else was done,byte,ML19Z_1,"{""0"": ""no"", ""1"": ""yes""}"
ml19z_2,na - for fever/convulsion: don't know if something else was done,byte,ML19Z_2,"{""0"": ""no"", ""1"": ""yes""}"
ml19z_3,na - for fever/convulsion: don't know if something else was done,byte,ML19Z_3,"{""0"": ""no"", ""1"": ""yes""}"
ml19z_4,na - for fever/convulsion: don't know if something else was done,byte,ML19Z_4,"{""0"": ""no"", ""1"": ""yes""}"
ml19z_5,na - for fever/convulsion: don't know if something else was done,byte,ML19Z_5,"{""0"": ""no"", ""1"": ""yes""}"
ml19z_6,na - for fever/convulsion: don't know if something else was done,byte,ML19Z_6,"{""0"": ""no"", ""1"": ""yes""}"
ml20a_1,timing of start of combination with artemisinin,byte,ML20A_1,"{""0"": ""same day as fever/cough"", ""1"": ""next day"", ""2"": ""2 days after"", ""3"": ""3 days after"", ""4"": ""4+ days after"", ""8"": ""don't know""}"
ml20a_2,timing of start of combination with artemisinin,byte,ML20A_2,"{""0"": ""same day as fever/cough"", ""1"": ""next day"", ""2"": ""2 days after"", ""3"": ""3 days after"", ""4"": ""4+ days after"", ""8"": ""don't know""}"
ml20a_3,timing of start of combination with artemisinin,byte,ML20A_3,"{""0"": ""same day as fever/cough"", ""1"": ""next day"", ""2"": ""2 days after"", ""3"": ""3 days after"", ""4"": ""4+ days after"", ""8"": ""don't know""}"
ml20a_4,timing of start of combination with artemisinin,byte,ML20A_4,"{""0"": ""same day as fever/cough"", ""1"": ""next day"", ""2"": ""2 days after"", ""3"": ""3 days after"", ""4"": ""4+ days after"", ""8"": ""don't know""}"
ml20a_5,timing of start of combination with artemisinin,byte,ML20A_5,"{""0"": ""same day as fever/cough"", ""1"": ""next day"", ""2"": ""2 days after"", ""3"": ""3 days after"", ""4"": ""4+ days after"", ""8"": ""don't know""}"
ml20a_6,timing of start of combination with artemisinin,byte,ML20A_6,"{""0"": ""same day as fever/cough"", ""1"": ""next day"", ""2"": ""2 days after"", ""3"": ""3 days after"", ""4"": ""4+ days after"", ""8"": ""don't know""}"
ml20b_1,na - number of days child took combination with artemisinin,byte,ML20B_1,"{""7"": ""7+ days"", ""8"": ""don't know""}"
ml20b_2,na - number of days child took combination with artemisinin,byte,ML20B_2,"{""7"": ""7+ days"", ""8"": ""don't know""}"
ml20b_3,na - number of days child took combination with artemisinin,byte,ML20B_3,"{""7"": ""7+ days"", ""8"": ""don't know""}"
ml20b_4,na - number of days child took combination with artemisinin,byte,ML20B_4,"{""7"": ""7+ days"", ""8"": ""don't know""}"
ml20b_5,na - number of days child took combination with artemisinin,byte,ML20B_5,"{""7"": ""7+ days"", ""8"": ""don't know""}"
ml20b_6,na - number of days child took combination with artemisinin,byte,ML20B_6,"{""7"": ""7+ days"", ""8"": ""don't know""}"
ml20c_1,na - first source for combination with artemisinin,byte,ML20C_1,"{""0"": ""other source"", ""1"": ""at home"", ""8"": ""don't know""}"
ml20c_2,na - first source for combination with artemisinin,byte,ML20C_2,"{""0"": ""other source"", ""1"": ""at home"", ""8"": ""don't know""}"
ml20c_3,na - first source for combination with artemisinin,byte,ML20C_3,"{""0"": ""other source"", ""1"": ""at home"", ""8"": ""don't know""}"
ml20c_4,na - first source for combination with artemisinin,byte,ML20C_4,"{""0"": ""other source"", ""1"": ""at home"", ""8"": ""don't know""}"
ml20c_5,na - first source for combination with artemisinin,byte,ML20C_5,"{""0"": ""other source"", ""1"": ""at home"", ""8"": ""don't know""}"
ml20c_6,na - first source for combination with artemisinin,byte,ML20C_6,"{""0"": ""other source"", ""1"": ""at home"", ""8"": ""don't know""}"
ml21a_1,timing of start of primaquine use,byte,ML21A_1,"{""0"": ""same day as fever/cough"", ""1"": ""next day"", ""2"": ""2 days after"", ""3"": ""3 days after"", ""4"": ""4+ days after"", ""8"": ""don't know""}"
ml21a_2,timing of start of primaquine use,byte,ML21A_2,"{""0"": ""same day as fever/cough"", ""1"": ""next day"", ""2"": ""2 days after"", ""3"": ""3 days after"", ""4"": ""4+ days after"", ""8"": ""don't know""}"
ml21a_3,timing of start of primaquine use,byte,ML21A_3,"{""0"": ""same day as fever/cough"", ""1"": ""next day"", ""2"": ""2 days after"", ""3"": ""3 days after"", ""4"": ""4+ days after"", ""8"": ""don't know""}"
ml21a_4,timing of start of primaquine use,byte,ML21A_4,"{""0"": ""same day as fever/cough"", ""1"": ""next day"", ""2"": ""2 days after"", ""3"": ""3 days after"", ""4"": ""4+ days after"", ""8"": ""don't know""}"
ml21a_5,timing of start of primaquine use,byte,ML21A_5,"{""0"": ""same day as fever/cough"", ""1"": ""next day"", ""2"": ""2 days after"", ""3"": ""3 days after"", ""4"": ""4+ days after"", ""8"": ""don't know""}"
ml21a_6,timing of start of primaquine use,byte,ML21A_6,"{""0"": ""same day as fever/cough"", ""1"": ""next day"", ""2"": ""2 days after"", ""3"": ""3 days after"", ""4"": ""4+ days after"", ""8"": ""don't know""}"
ml21b_1,na - number of days child took cs antimalarial,byte,ML21B_1,"{""7"": ""7+ days"", ""8"": ""don't know""}"
ml21b_2,na - number of days child took cs antimalarial,byte,ML21B_2,"{""7"": ""7+ days"", ""8"": ""don't know""}"
ml21b_3,na - number of days child took cs antimalarial,byte,ML21B_3,"{""7"": ""7+ days"", ""8"": ""don't know""}"
ml21b_4,na - number of days child took cs antimalarial,byte,ML21B_4,"{""7"": ""7+ days"", ""8"": ""don't know""}"
ml21b_5,na - number of days child took cs antimalarial,byte,ML21B_5,"{""7"": ""7+ days"", ""8"": ""don't know""}"
ml21b_6,na - number of days child took cs antimalarial,byte,ML21B_6,"{""7"": ""7+ days"", ""8"": ""don't know""}"
ml21c_1,na - first source for cs antimalarial,byte,ML21C_1,"{""0"": ""other source"", ""1"": ""at home"", ""8"": ""don't know""}"
ml21c_2,na - first source for cs antimalarial,byte,ML21C_2,"{""0"": ""other source"", ""1"": ""at home"", ""8"": ""don't know""}"
ml21c_3,na - first source for cs antimalarial,byte,ML21C_3,"{""0"": ""other source"", ""1"": ""at home"", ""8"": ""don't know""}"
ml21c_4,na - first source for cs antimalarial,byte,ML21C_4,"{""0"": ""other source"", ""1"": ""at home"", ""8"": ""don't know""}"
ml21c_5,na - first source for cs antimalarial,byte,ML21C_5,"{""0"": ""other source"", ""1"": ""at home"", ""8"": ""don't know""}"
ml21c_6,na - first source for cs antimalarial,byte,ML21C_6,"{""0"": ""other source"", ""1"": ""at home"", ""8"": ""don't know""}"
ml22a_1,timing of start of unknown anitmalarial use,byte,ML22A_1,"{""0"": ""same day as fever/cough"", ""1"": ""next day"", ""2"": ""2 days after"", ""3"": ""3 days after"", ""4"": ""4+ days after"", ""8"": ""don't know""}"
ml22a_2,timing of start of unknown anitmalarial use,byte,ML22A_2,"{""0"": ""same day as fever/cough"", ""1"": ""next day"", ""2"": ""2 days after"", ""3"": ""3 days after"", ""4"": ""4+ days after"", ""8"": ""don't know""}"
ml22a_3,timing of start of unknown anitmalarial use,byte,ML22A_3,"{""0"": ""same day as fever/cough"", ""1"": ""next day"", ""2"": ""2 days after"", ""3"": ""3 days after"", ""4"": ""4+ days after"", ""8"": ""don't know""}"
ml22a_4,timing of start of unknown anitmalarial use,byte,ML22A_4,"{""0"": ""same day as fever/cough"", ""1"": ""next day"", ""2"": ""2 days after"", ""3"": ""3 days after"", ""4"": ""4+ days after"", ""8"": ""don't know""}"
ml22a_5,timing of start of unknown anitmalarial use,byte,ML22A_5,"{""0"": ""same day as fever/cough"", ""1"": ""next day"", ""2"": ""2 days after"", ""3"": ""3 days after"", ""4"": ""4+ days after"", ""8"": ""don't know""}"
ml22a_6,timing of start of unknown anitmalarial use,byte,ML22A_6,"{""0"": ""same day as fever/cough"", ""1"": ""next day"", ""2"": ""2 days after"", ""3"": ""3 days after"", ""4"": ""4+ days after"", ""8"": ""don't know""}"
ml22b_1,na - number of days child took cs antimalarial,byte,ML22B_1,"{""7"": ""7+ days"", ""8"": ""don't know""}"
ml22b_2,na - number of days child took cs antimalarial,byte,ML22B_2,"{""7"": ""7+ days"", ""8"": ""don't know""}"
ml22b_3,na - number of days child took cs antimalarial,byte,ML22B_3,"{""7"": ""7+ days"", ""8"": ""don't know""}"
ml22b_4,na - number of days child took cs antimalarial,byte,ML22B_4,"{""7"": ""7+ days"", ""8"": ""don't know""}"
ml22b_5,na - number of days child took cs antimalarial,byte,ML22B_5,"{""7"": ""7+ days"", ""8"": ""don't know""}"
ml22b_6,na - number of days child took cs antimalarial,byte,ML22B_6,"{""7"": ""7+ days"", ""8"": ""don't know""}"
ml22c_1,na - first source for cs antimalarial,byte,ML22C_1,"{""0"": ""other source"", ""1"": ""at home"", ""8"": ""don't know""}"
ml22c_2,na - first source for cs antimalarial,byte,ML22C_2,"{""0"": ""other source"", ""1"": ""at home"", ""8"": ""don't know""}"
ml22c_3,na - first source for cs antimalarial,byte,ML22C_3,"{""0"": ""other source"", ""1"": ""at home"", ""8"": ""don't know""}"
ml22c_4,na - first source for cs antimalarial,byte,ML22C_4,"{""0"": ""other source"", ""1"": ""at home"", ""8"": ""don't know""}"
ml22c_5,na - first source for cs antimalarial,byte,ML22C_5,"{""0"": ""other source"", ""1"": ""at home"", ""8"": ""don't know""}"
ml22c_6,na - first source for cs antimalarial,byte,ML22C_6,"{""0"": ""other source"", ""1"": ""at home"", ""8"": ""don't know""}"
ml23a_1,timing of start of other anti-malarial use,byte,ML23A_1,"{""0"": ""same day as fever/cough"", ""1"": ""next day"", ""2"": ""2 days after"", ""3"": ""3 days after"", ""4"": ""4+ days after"", ""8"": ""don't know""}"
ml23a_2,timing of start of other anti-malarial use,byte,ML23A_2,"{""0"": ""same day as fever/cough"", ""1"": ""next day"", ""2"": ""2 days after"", ""3"": ""3 days after"", ""4"": ""4+ days after"", ""8"": ""don't know""}"
ml23a_3,timing of start of other anti-malarial use,byte,ML23A_3,"{""0"": ""same day as fever/cough"", ""1"": ""next day"", ""2"": ""2 days after"", ""3"": ""3 days after"", ""4"": ""4+ days after"", ""8"": ""don't know""}"
ml23a_4,timing of start of other anti-malarial use,byte,ML23A_4,"{""0"": ""same day as fever/cough"", ""1"": ""next day"", ""2"": ""2 days after"", ""3"": ""3 days after"", ""4"": ""4+ days after"", ""8"": ""don't know""}"
ml23a_5,timing of start of other anti-malarial use,byte,ML23A_5,"{""0"": ""same day as fever/cough"", ""1"": ""next day"", ""2"": ""2 days after"", ""3"": ""3 days after"", ""4"": ""4+ days after"", ""8"": ""don't know""}"
ml23a_6,timing of start of other anti-malarial use,byte,ML23A_6,"{""0"": ""same day as fever/cough"", ""1"": ""next day"", ""2"": ""2 days after"", ""3"": ""3 days after"", ""4"": ""4+ days after"", ""8"": ""don't know""}"
ml23b_1,na - number of days child took other anti-malarial,byte,ML23B_1,"{""7"": ""7+ days"", ""8"": ""don't know""}"
ml23b_2,na - number of days child took other anti-malarial,byte,ML23B_2,"{""7"": ""7+ days"", ""8"": ""don't know""}"
ml23b_3,na - number of days child took other anti-malarial,byte,ML23B_3,"{""7"": ""7+ days"", ""8"": ""don't know""}"
ml23b_4,na - number of days child took other anti-malarial,byte,ML23B_4,"{""7"": ""7+ days"", ""8"": ""don't know""}"
ml23b_5,na - number of days child took other anti-malarial,byte,ML23B_5,"{""7"": ""7+ days"", ""8"": ""don't know""}"
ml23b_6,na - number of days child took other anti-malarial,byte,ML23B_6,"{""7"": ""7+ days"", ""8"": ""don't know""}"
ml23c_1,na - first source for other anti-malarial,byte,ML23C_1,"{""0"": ""other source"", ""1"": ""at home"", ""8"": ""don't know""}"
ml23c_2,na - first source for other anti-malarial,byte,ML23C_2,"{""0"": ""other source"", ""1"": ""at home"", ""8"": ""don't know""}"
ml23c_3,na - first source for other anti-malarial,byte,ML23C_3,"{""0"": ""other source"", ""1"": ""at home"", ""8"": ""don't know""}"
ml23c_4,na - first source for other anti-malarial,byte,ML23C_4,"{""0"": ""other source"", ""1"": ""at home"", ""8"": ""don't know""}"
ml23c_5,na - first source for other anti-malarial,byte,ML23C_5,"{""0"": ""other source"", ""1"": ""at home"", ""8"": ""don't know""}"
ml23c_6,na - first source for other anti-malarial,byte,ML23C_6,"{""0"": ""other source"", ""1"": ""at home"", ""8"": ""don't know""}"
ml24c_1,na - first source for antibiotic pill/syrup,byte,ML24C_1,"{""0"": ""other source"", ""1"": ""at home"", ""8"": ""don't know""}"
ml24c_2,na - first source for antibiotic pill/syrup,byte,ML24C_2,"{""0"": ""other source"", ""1"": ""at home"", ""8"": ""don't know""}"
ml24c_3,na - first source for antibiotic pill/syrup,byte,ML24C_3,"{""0"": ""other source"", ""1"": ""at home"", ""8"": ""don't know""}"
ml24c_4,na - first source for antibiotic pill/syrup,byte,ML24C_4,"{""0"": ""other source"", ""1"": ""at home"", ""8"": ""don't know""}"
ml24c_5,na - first source for antibiotic pill/syrup,byte,ML24C_5,"{""0"": ""other source"", ""1"": ""at home"", ""8"": ""don't know""}"
ml24c_6,na - first source for antibiotic pill/syrup,byte,ML24C_6,"{""0"": ""other source"", ""1"": ""at home"", ""8"": ""don't know""}"
ml25a_1,na - timing of start of artesunate,byte,ML25A_1,"{""0"": ""same day as fever/cough"", ""1"": ""next day"", ""2"": ""2 days after"", ""3"": ""3 days after"", ""4"": ""4+ days after"", ""8"": ""don't know""}"
ml25a_2,na - timing of start of artesunate,byte,ML25A_2,"{""0"": ""same day as fever/cough"", ""1"": ""next day"", ""2"": ""2 days after"", ""3"": ""3 days after"", ""4"": ""4+ days after"", ""8"": ""don't know""}"
ml25a_3,na - timing of start of artesunate,byte,ML25A_3,"{""0"": ""same day as fever/cough"", ""1"": ""next day"", ""2"": ""2 days after"", ""3"": ""3 days after"", ""4"": ""4+ days after"", ""8"": ""don't know""}"
ml25a_4,na - timing of start of artesunate,byte,ML25A_4,"{""0"": ""same day as fever/cough"", ""1"": ""next day"", ""2"": ""2 days after"", ""3"": ""3 days after"", ""4"": ""4+ days after"", ""8"": ""don't know""}"
ml25a_5,na - timing of start of artesunate,byte,ML25A_5,"{""0"": ""same day as fever/cough"", ""1"": ""next day"", ""2"": ""2 days after"", ""3"": ""3 days after"", ""4"": ""4+ days after"", ""8"": ""don't know""}"
ml25a_6,na - timing of start of artesunate,byte,ML25A_6,"{""0"": ""same day as fever/cough"", ""1"": ""next day"", ""2"": ""2 days after"", ""3"": ""3 days after"", ""4"": ""4+ days after"", ""8"": ""don't know""}"
ml101,type of mosquito bed net(s) slept under last night,byte,ML101,"{""0"": ""no net"", ""1"": ""only treated nets"", ""2"": ""both treated and untreated nets"", ""3"": ""only untreated nets""}"
s113,usually go to a cinema hall or theatre to see a movie at least once a month,byte,S113,"{""0"": ""no"", ""1"": ""yes""}"
s116,"belong to a scheduled caste, a scheduled tribe, other backward class",byte,S116,"{""1"": ""schedule caste"", ""2"": ""schedule tribe"", ""3"": ""obc"", ""4"": ""none of them"", ""8"": ""don't know""}"
s190rs,wealth index within state - rural,byte,S190RS,"{""1"": ""poorest"", ""2"": ""poorer"", ""3"": ""middle"", ""4"": ""richer"", ""5"": ""richest""}"
s190s,wealth index within state,byte,S190S,"{""1"": ""poorest"", ""2"": ""poorer"", ""3"": ""middle"", ""4"": ""richer"", ""5"": ""richest""}"
s190us,wealth index within state - urban,byte,S190US,"{""1"": ""poorest"", ""2"": ""poorer"", ""3"": ""middle"", ""4"": ""richer"", ""5"": ""richest""}"
s191rs,wealth index factor score (5 decimals) withing state - rural,long,,
s191s,wealth index factor score (5 decimals) within state,long,,
s191us,wealth index factor score (5 decimals) within state - urban,long,,
s220a_01,pregnancy duration,byte,,
s220a_02,pregnancy duration,byte,,
s220a_03,pregnancy duration,byte,,
s220a_04,pregnancy duration,byte,,
s220a_05,pregnancy duration,byte,,
s220a_06,pregnancy duration,byte,,
s220a_07,pregnancy duration,byte,,
s220a_08,pregnancy duration,byte,,
s220a_09,pregnancy duration,byte,,
s220a_10,pregnancy duration,byte,,
s220a_11,pregnancy duration,byte,,
s220a_12,pregnancy duration,byte,,
s220a_13,pregnancy duration,byte,,
s220a_14,pregnancy duration,byte,,
s220a_15,pregnancy duration,byte,,
s220a_16,pregnancy duration,byte,,
s220b_01,ultrasound test,byte,S220B_01,"{""0"": ""no"", ""1"": ""yes""}"
s220b_02,ultrasound test,byte,S220B_02,"{""0"": ""no"", ""1"": ""yes""}"
s220b_03,ultrasound test,byte,S220B_03,"{""0"": ""no"", ""1"": ""yes""}"
s220b_04,ultrasound test,byte,S220B_04,"{""0"": ""no"", ""1"": ""yes""}"
s220b_05,ultrasound test,byte,S220B_05,"{""0"": ""no"", ""1"": ""yes""}"
s220b_06,ultrasound test,byte,S220B_06,"{""0"": ""no"", ""1"": ""yes""}"
s220b_07,ultrasound test,byte,S220B_07,"{""0"": ""no"", ""1"": ""yes""}"
s220b_08,ultrasound test,byte,S220B_08,"{""0"": ""no"", ""1"": ""yes""}"
s220b_09,ultrasound test,byte,S220B_09,"{""0"": ""no"", ""1"": ""yes""}"
s220b_10,ultrasound test,byte,S220B_10,"{""0"": ""no"", ""1"": ""yes""}"
s220b_11,ultrasound test,byte,S220B_11,"{""0"": ""no"", ""1"": ""yes""}"
s220b_12,ultrasound test,byte,S220B_12,"{""0"": ""no"", ""1"": ""yes""}"
s220b_13,ultrasound test,byte,S220B_13,"{""0"": ""no"", ""1"": ""yes""}"
s220b_14,ultrasound test,byte,S220B_14,"{""0"": ""no"", ""1"": ""yes""}"
s220b_15,ultrasound test,byte,S220B_15,"{""0"": ""no"", ""1"": ""yes""}"
s220b_16,ultrasound test,byte,S220B_16,"{""0"": ""no"", ""1"": ""yes""}"
s234,"pregnancy end in miscarriage, abortion, or stillbirth",byte,S234,"{""1"": ""miscarriage"", ""2"": ""abortion"", ""3"": ""stillbirth""}"
s235,months pregnant when pregnancy ended,byte,,
s236,ultrasound at any time,byte,S236,"{""0"": ""no"", ""1"": ""yes""}"
s238,place last termination performed,byte,S238,"{""11"": ""public: govt. / municipal hospital"", ""12"": ""public ayush: ayurveda"", ""13"": ""public ayush: yoga and naturopathy"", ""14"": ""publc ayush: unani"", ""15"": ""public ayush: siddha"", ""16"": ""public ayush: homeopathy"", ""17"": ""public ayush: sowa rigpa (ttm)"", ""18"": ""public ayush: other"", ""19"": ""public: govt. dispensary / clinic"", ""20"": ""public: uhc / uhp / ufwc"", ""21"": ""public: chc / rural hospital / block phc"", ""22"": ""public: phc / additional phc"", ""23"": ""public: sub-centre"", ""24"": ""public: govt. mobile clinic"", ""25"": ""other public health"", ""31"": ""ngo or trust hospital / clinic"", ""41"": ""private: hospital / clinic"", ""42"": ""private: dispensary / clinic"", ""43"": ""other private health sector"", ""51"": ""at home"", ""96"": ""elsewhere""}"
s239,person performed abortion,byte,S239,"{""1"": ""doctor"", ""2"": ""nurse / anm / lhv"", ""3"": ""vaidya/hakim/homeopath (ayush)"", ""4"": ""dai"", ""5"": ""family member / relative / friend"", ""6"": ""self"", ""7"": ""other""}"
s240,what method was used for the abortion?,byte,S240,"{""1"": ""medicines"", ""2"": ""mva"", ""3"": ""other surgical"", ""4"": ""any other (specify)"", ""9"": ""don't know""}"
s241,what was the main reason for the abortion?,byte,S241,"{""1"": ""unplanned pregnancy"", ""2"": ""contraceptive failure"", ""3"": ""complications(s) in pregnancy"", ""4"": ""health did not permit"", ""5"": ""female foetus"", ""6"": ""male foetus"", ""7"": ""economic reasons"", ""8"": ""last child too young"", ""9"": ""foetus had congenital abnormality"", ""95"": ""husband/mother in law did not want"", ""96"": ""other""}"
s242,complication from abortion,byte,S242,"{""0"": ""no"", ""1"": ""yes""}"
s243,sought treatment for the complication,byte,S243,"{""0"": ""no"", ""1"": ""yes""}"
s244,place when for treatment,byte,S244,"{""11"": ""public: govt. / municipal hospital"", ""12"": ""public ayush"", ""19"": ""public: govt. dispensary / clinic"", ""20"": ""public: uhc / uhp / ufwc"", ""21"": ""public: chc / rural hospital / block phc"", ""22"": ""public: phc / additional phc"", ""23"": ""public: sub-centre"", ""24"": ""public: govt. mobile clinic"", ""25"": ""other public health"", ""31"": ""ngo or trust hospital / clinic"", ""41"": ""private hospital / clinic"", ""42"": ""private ayush"", ""49"": ""private: dispensary / clinic"", ""50"": ""other private health sector"", ""61"": ""at home"", ""96"": ""elsewhere""}"
s244a,where did you go for treatment? (public ayush),byte,S244A,"{""12"": ""public ayush: ayurveda"", ""13"": ""public ayush: yoga and naturopathy"", ""14"": ""publc ayush: unani"", ""15"": ""public ayush: siddha"", ""16"": ""public ayush: homeopathy"", ""17"": ""public ayush: sowa rigpa (ttm)"", ""18"": ""public ayush: other""}"
s244b,where did you go for treatment? (private ayush),byte,S244B,"{""42"": ""private ayush: ayurveda"", ""43"": ""private ayush: yoga and naturopathy"", ""44"": ""private ayush: unani"", ""45"": ""private ayush: siddha"", ""46"": ""private ayush: homeopathy"", ""47"": ""private ayush: sowa rigpa (ttm)"", ""48"": ""private ayush: other""}"
s245a,reason did not seek treatment: could not afford treatment,byte,S245A,"{""0"": ""no"", ""1"": ""yes""}"
s245b,reason did not seek treatment: could not afford transport,byte,S245B,"{""0"": ""no"", ""1"": ""yes""}"
s245c,reason did not seek treatment: fear of stigma by provider,byte,S245C,"{""0"": ""no"", ""1"": ""yes""}"
s245d,reason did not seek treatment: fear of stigma by community,byte,S245D,"{""0"": ""no"", ""1"": ""yes""}"
s245e,reason did not seek treatment: complication was minor/did not require treatment,byte,S245E,"{""0"": ""no"", ""1"": ""yes""}"
s245f,reason did not seek treatment: problem resolved itself,byte,S245F,"{""0"": ""no"", ""1"": ""yes""}"
s245g,reason did not seek treatment: could not get away from family responsibilities,byte,S245G,"{""0"": ""no"", ""1"": ""yes""}"
s245h,reason did not seek treatment: husband did not give permission,byte,S245H,"{""0"": ""no"", ""1"": ""yes""}"
s245x,reason did not seek treatment: other,byte,S245X,"{""0"": ""no"", ""1"": ""yes""}"
s253,had your uterus removed,byte,S253,"{""0"": ""no"", ""1"": ""yes"", ""8"": ""don't know""}"
s254,years ago hysterectomy performed,byte,S254,"{""0"": ""less than 1 year"", ""98"": ""don't know""}"
s255,place hysterectomy performed,byte,S255,"{""11"": ""public: govt./municipal hospital"", ""12"": ""public: govt. dispensary"", ""13"": ""public: uhc/uhp/ufwc"", ""14"": ""public: chc/rural hospital/block phc"", ""15"": ""public: phc/additional phc"", ""16"": ""public: sub-centre"", ""17"": ""public: govt. mobile clinic"", ""18"": ""public: camp"", ""19"": ""other public sector health facility"", ""21"": ""ngo or trust hospital/clinic"", ""31"": ""private: hospital"", ""32"": ""private: doctor/clinic"", ""33"": ""private: mobile clinic"", ""34"": ""other private health facility"", ""96"": ""other"", ""98"": ""don't know""}"
s256a,reason hysterectomy performed: excessive menstrual bleeding/pain,byte,S256A,"{""0"": ""no"", ""1"": ""yes"", ""8"": ""don't know""}"
s256b,reason hysterectomy performed: fibroids/cysts,byte,S256B,"{""0"": ""no"", ""1"": ""yes"", ""8"": ""don't know""}"
s256c,reason hysterectomy performed: uterine disorder (rupture),byte,S256C,"{""0"": ""no"", ""1"": ""yes"", ""8"": ""don't know""}"
s256d,reason hysterectomy performed: cancer,byte,S256D,"{""0"": ""no"", ""1"": ""yes"", ""8"": ""don't know""}"
s256e,reason hysterectomy performed: uterine prolapse,byte,S256E,"{""0"": ""no"", ""1"": ""yes"", ""8"": ""don't know""}"
s256f,reason hysterectomy performed: severe post-partum haemorrhage,byte,S256F,"{""0"": ""no"", ""1"": ""yes"", ""8"": ""don't know""}"
s256g,reason hysterectomy performed: cervical discharge,byte,S256G,"{""0"": ""no"", ""1"": ""yes"", ""8"": ""don't know""}"
s256x,reason hysterectomy performed: other,byte,S256X,"{""0"": ""no"", ""1"": ""yes"", ""8"": ""don't know""}"
s259,age at first monthly period,byte,S259,"{""98"": ""don't remember""}"
s260a,protection to prevent bloodstains: cloth,byte,S260A,"{""0"": ""no"", ""1"": ""yes""}"
s260b,protection to prevent bloodstains: locally prepared napkins,byte,S260B,"{""0"": ""no"", ""1"": ""yes""}"
s260c,protection to prevent bloodstains: sanitary napkins,byte,S260C,"{""0"": ""no"", ""1"": ""yes""}"
s260d,protection to prevent bloodstains: tampons,byte,S260D,"{""0"": ""no"", ""1"": ""yes""}"
s260e,protection to prevent bloodstains: menstrual cup,byte,S260E,"{""0"": ""no"", ""1"": ""yes""}"
s260f,protection to prevent bloodstains: nothing,byte,S260F,"{""0"": ""no"", ""1"": ""yes""}"
s260x,protection to prevent bloodstains: other,byte,S260X,"{""0"": ""no"", ""1"": ""yes""}"
s264,do you take a bath during your menstrual period ?,byte,S264,"{""0"": ""no"", ""1"": ""yes""}"
s265,do you usually take a bath in the same bathroom as other household members take ,byte,S265,"{""0"": ""no"", ""1"": ""yes"", ""3"": ""does not have bathroom""}"
s301,currently in union,byte,S301,"{""0"": ""never married"", ""1"": ""currently married"", ""2"": ""married, gauna not performed"", ""3"": ""widowed"", ""4"": ""divorced"", ""5"": ""separated"", ""6"": ""deserted""}"
s303,time period not living with husband,int,S303,"{""100"": ""<1 month ago"", ""101"": ""months: 1"", ""199"": ""months: number missing"", ""201"": ""years: 1"", ""299"": ""years: number missing"", ""997"": ""inconsistent"", ""998"": ""don't know""}"
s305,waist curcumference,double,S305,
s306,hip curcumference,double,S306,
s308c,cmc (first) got married,int,S308C,"{""9997"": ""inconsistent"", ""9998"": ""don't know""}"
s308m,month (first) got married,byte,S308M,"{""97"": ""inconsistent"", ""98"": ""don't know month""}"
s308y,year (first) got married,int,S308Y,"{""9997"": ""inconsistent"", ""9998"": ""don't know year""}"
s309,age (first) married,byte,S309,"{""98"": ""don't know""}"
s310,related to current husband prior to marriage in any way,byte,S310,"{""0"": ""no"", ""1"": ""yes""}"
s311,"type of relationship to current husband, prior to marriage",byte,S311,"{""1"": ""first cousin on father's side"", ""2"": ""first cousin on mother's side"", ""3"": ""second cousin"", ""4"": ""uncle"", ""5"": ""other blood relative"", ""6"": ""brother in-law"", ""7"": ""other non-blood relative""}"
s314c,age at first union (calculated),byte,,
s315,ever had sexual intercourse,byte,S315,"{""0"": ""no"", ""1"": ""yes"", ""8"": ""don't know / refused""}"
s321a,have used: female sterilization,byte,S321A,"{""0"": ""no"", ""1"": ""yes""}"
s321b,have used: male sterilization,byte,S321B,"{""0"": ""no"", ""1"": ""yes""}"
s321c,have used: iud/ppiud,byte,S321C,"{""0"": ""no"", ""1"": ""yes""}"
s321d,have used: injectables,byte,S321D,"{""0"": ""no"", ""1"": ""yes""}"
s321e,have used: pill,byte,S321E,"{""0"": ""no"", ""1"": ""yes""}"
s321f,have used: condom/nirodh,byte,S321F,"{""0"": ""no"", ""1"": ""yes""}"
s321g,have used: female condom,byte,S321G,"{""0"": ""no"", ""1"": ""yes""}"
s321h,have used: emergency contraception,byte,S321H,"{""0"": ""no"", ""1"": ""yes""}"
s321i,have used: diaphragm,byte,S321I,"{""0"": ""no"", ""1"": ""yes""}"
s321j,have used: foam/jelly,byte,S321J,"{""0"": ""no"", ""1"": ""yes""}"
s321k,have used: standard days method,byte,S321K,"{""0"": ""no"", ""1"": ""yes""}"
s321l,have used: lactational amenorrhoea method (lam),byte,S321L,"{""0"": ""no"", ""1"": ""yes""}"
s321m,have used: rhythm method,byte,S321M,"{""0"": ""no"", ""1"": ""yes""}"
s321n,have used: withdrawal,byte,S321N,"{""0"": ""no"", ""1"": ""yes""}"
s321x,have used: other modern method,byte,S321X,"{""0"": ""no"", ""1"": ""yes""}"
s321y,have used: other traditional method,byte,S321Y,"{""0"": ""no"", ""1"": ""yes""}"
s323,times used emergency contraception in last 12 months,byte,S323,"{""0"": ""none"", ""20"": ""20 or more times""}"
s324a,place acquired emergency contraception: public: govt./municipal hospital,byte,S324A,"{""0"": ""no"", ""1"": ""yes""}"
s324aa,place acquired emergency contraception: public: ayush: ayurveda,byte,S324AA,"{""0"": ""no"", ""1"": ""yes""}"
s324ab,place acquired emergency contraception: public: ayush: yoga and naturopathy,byte,S324AB,"{""0"": ""no"", ""1"": ""yes""}"
s324ac,place acquired emergency contraception: public: ayush: unani,byte,S324AC,"{""0"": ""no"", ""1"": ""yes""}"
s324ad,place acquired emergency contraception: public: ayush: siddha,byte,S324AD,"{""0"": ""no"", ""1"": ""yes""}"
s324ae,place acquired emergency contraception: public: ayush: homeopathy,byte,S324AE,"{""0"": ""no"", ""1"": ""yes""}"
s324af,place acquired emergency contraception: public: ayush: sowa rigpa (ttm),byte,S324AF,"{""0"": ""no"", ""1"": ""yes""}"
s324ag,place acquired emergency contraception: public: ayush: other,byte,S324AG,"{""0"": ""no"", ""1"": ""yes""}"
s324b,place acquired emergency contraception: public: ayush,byte,S324B,"{""0"": ""no"", ""1"": ""yes""}"
s324ba,place acquired emergency contraception: private: ayush: ayurveda,byte,S324BA,"{""0"": ""no"", ""1"": ""yes""}"
s324bb,place acquired emergency contraception: private: ayush: yoga and naturopathy,byte,S324BB,"{""0"": ""no"", ""1"": ""yes""}"
s324bc,place acquired emergency contraception: private: ayush: unani,byte,S324BC,"{""0"": ""no"", ""1"": ""yes""}"
s324bd,place acquired emergency contraception: private: ayush: siddha,byte,S324BD,"{""0"": ""no"", ""1"": ""yes""}"
s324be,place acquired emergency contraception: private: ayush: homeopathy,byte,S324BE,"{""0"": ""no"", ""1"": ""yes""}"
s324bf,place acquired emergency contraception: private: ayush: sowa rigpa (ttm),byte,S324BF,"{""0"": ""no"", ""1"": ""yes""}"
s324bg,place acquired emergency contraception: private: ayush: other,byte,S324BG,"{""0"": ""no"", ""1"": ""yes""}"
s324c,place acquired emergency contraception: public: govt. dispensary,byte,S324C,"{""0"": ""no"", ""1"": ""yes""}"
s324d,place acquired emergency contraception: public: uhc/uhp/ufwc,byte,S324D,"{""0"": ""no"", ""1"": ""yes""}"
s324e,place acquired emergency contraception: public: chc/rural hospital/block phc,byte,S324E,"{""0"": ""no"", ""1"": ""yes""}"
s324f,place acquired emergency contraception: public: phc/additional phc,byte,S324F,"{""0"": ""no"", ""1"": ""yes""}"
s324g,place acquired emergency contraception: public: sub-centre/anm,byte,S324G,"{""0"": ""no"", ""1"": ""yes""}"
s324h,place acquired emergency contraception: public: govt. mobile clinic,byte,S324H,"{""0"": ""no"", ""1"": ""yes""}"
s324i,place acquired emergency contraception: public: anganwadi/icds centre,byte,S324I,"{""0"": ""no"", ""1"": ""yes""}"
s324j,place acquired emergency contraception: public: asha,byte,S324J,"{""0"": ""no"", ""1"": ""yes""}"
s324k,place acquired emergency contraception: public: other community-based worker,byte,S324K,"{""0"": ""no"", ""1"": ""yes""}"
s324l,place acquired emergency contraception: other public health,byte,S324L,"{""0"": ""no"", ""1"": ""yes""}"
s324m,place acquired emergency contraception: ngo or trust hospital/clinic,byte,S324M,"{""0"": ""no"", ""1"": ""yes""}"
s324n,place acquired emergency contraception: private: hospital,byte,S324N,"{""0"": ""no"", ""1"": ""yes""}"
s324o,place acquired emergency contraception: private: doctor/clinic,byte,S324O,"{""0"": ""no"", ""1"": ""yes""}"
s324p,place acquired emergency contraception: private: mobile clinic,byte,S324P,"{""0"": ""no"", ""1"": ""yes""}"
s324q,place acquired emergency contraception: private: vaidya/hakim/homeopath (ayush),byte,S324Q,"{""0"": ""no"", ""1"": ""yes""}"
s324r,place acquired emergency contraception: private: traditional healer,byte,S324R,"{""0"": ""no"", ""1"": ""yes""}"
s324s,place acquired emergency contraception: private: pharmacy/drugstore,byte,S324S,"{""0"": ""no"", ""1"": ""yes""}"
s324t,place acquired emergency contraception: private: dai (tba),byte,S324T,"{""0"": ""no"", ""1"": ""yes""}"
s324u,place acquired emergency contraception: other private health,byte,S324U,"{""0"": ""no"", ""1"": ""yes""}"
s324v,place acquired emergency contraception: shop,byte,S324V,"{""0"": ""no"", ""1"": ""yes""}"
s324w,place acquired emergency contraception: friend/relative,byte,S324W,"{""0"": ""no"", ""1"": ""yes""}"
s324x,place acquired emergency contraception: other,byte,S324X,"{""0"": ""no"", ""1"": ""yes""}"
s329,currently using any method,byte,S329,"{""0"": ""no"", ""1"": ""yes""}"
s334,rate care received during and immediately after the operation,byte,S334,"{""1"": ""very good"", ""2"": ""all right"", ""3"": ""not so good"", ""4"": ""bad""}"
s335,"total paid for the sterilization, including any consultation (in rupee)",long,S335,"{""99995"": ""free"", ""99998"": ""don't know""}"
s336,receive compensation for sterilization,byte,S336,"{""0"": ""no"", ""1"": ""yes"", ""8"": ""don't know""}"
s337,amount of compensation received for sterilization,long,S337,"{""99998"": ""don't know""}"
s338,regret sterilization,byte,S338,"{""0"": ""no"", ""1"": ""yes""}"
s340,did you receive incentive for the iud?,byte,S340,"{""0"": ""no"", ""1"": ""yes""}"
s341,how much incentive for iud did you receive?,long,S341,"{""99998"": ""don't know""}"
s342,was your iud/ppiud inserted within 48 hours following childbirth?,byte,S342,"{""0"": ""no"", ""1"": ""yes""}"
s354a,last source of fp (public ayush),byte,S354A,"{""12"": ""public ayush: ayurveda"", ""13"": ""public ayush: yoga and naturopathy"", ""14"": ""publc ayush: unani"", ""15"": ""public ayush: siddha"", ""16"": ""public ayush: homeopathy"", ""17"": ""public ayush: sowa rigpa (ttm)"", ""18"": ""public ayush: other""}"
s354b,last source of fp (private ayush),byte,S354B,"{""44"": ""private ayush: ayurveda"", ""45"": ""private ayush: yoga and naturopathy"", ""46"": ""private ayush: unani"", ""47"": ""private ayush: siddha"", ""48"": ""private ayush: homeopathy"", ""49"": ""private ayush: sowa rigpa (ttm)"", ""50"": ""private ayush: other""}"
s356,told by a health worker about any methods of family planning,byte,S356,"{""0"": ""no"", ""1"": ""yes""}"
s358aa,source of fp for non-users: public: ayush: ayurveda,byte,S358AA,"{""0"": ""no"", ""1"": ""yes""}"
s358ab,source of fp for non-users: public: ayush: yoga and naturopathy,byte,S358AB,"{""0"": ""no"", ""1"": ""yes""}"
s358ac,source of fp for non-users: public: ayush: unani,byte,S358AC,"{""0"": ""no"", ""1"": ""yes""}"
s358ad,source of fp for non-users: public: ayush: siddha,byte,S358AD,"{""0"": ""no"", ""1"": ""yes""}"
s358ae,source of fp for non-users: public: ayush: homeopathy,byte,S358AE,"{""0"": ""no"", ""1"": ""yes""}"
s358af,source of fp for non-users: public: ayush: sowa rigpa (ttm),byte,S358AF,"{""0"": ""no"", ""1"": ""yes""}"
s358ag,source of fp for non-users: public: ayush: other,byte,S358AG,"{""0"": ""no"", ""1"": ""yes""}"
s358ba,source of fp for non-users: private: ayush: ayurveda,byte,S358BA,"{""0"": ""no"", ""1"": ""yes""}"
s358bb,source of fp for non-users: private: ayush: yoga and naturopathy,byte,S358BB,"{""0"": ""no"", ""1"": ""yes""}"
s358bc,source of fp for non-users: private: ayush: unani,byte,S358BC,"{""0"": ""no"", ""1"": ""yes""}"
s358bd,source of fp for non-users: private: ayush: siddha,byte,S358BD,"{""0"": ""no"", ""1"": ""yes""}"
s358be,source of fp for non-users: private: ayush: homeopathy,byte,S358BE,"{""0"": ""no"", ""1"": ""yes""}"
s358bf,source of fp for non-users: private: ayush: sowa rigpa (ttm),byte,S358BF,"{""0"": ""no"", ""1"": ""yes""}"
s358bg,source of fp for non-users: private: ayush: other,byte,S358BG,"{""0"": ""no"", ""1"": ""yes""}"
s358w,source of fp for non-users: shop (see v3a00 series),byte,S358W,"{""0"": ""no"", ""1"": ""yes""}"
s358x,source of fp for non-users: friend/relative (see v3a00 series),byte,S358X,"{""0"": ""no"", ""1"": ""yes""}"
s359,met with an anm or lhv in last 3 months,byte,S359,"{""0"": ""no"", ""1"": ""yes""}"
s360a,times met with anm or lhv at home in last 3 months,byte,S360A,"{""0"": ""none"", ""98"": ""don't know""}"
s360b,times met with anm or lhv at anganwadi centre in last 3 months,byte,S360B,"{""0"": ""none"", ""98"": ""don't know""}"
s360c,times met with anm or lhv at health facility or camp in last 3 months,byte,S360C,"{""0"": ""none"", ""98"": ""don't know""}"
s360d,times met with anm or lhv elsewhere in last 3 months,byte,S360D,"{""0"": ""none"", ""98"": ""don't know""}"
s361,"met with an anganwadi worker, asha or other community health worker in last 3 mo",byte,S361,"{""0"": ""no"", ""1"": ""yes""}"
s362a,person met: anganwadi worker,byte,S362A,"{""0"": ""no"", ""1"": ""yes""}"
s362b,person met: asha,byte,S362B,"{""0"": ""no"", ""1"": ""yes""}"
s362c,person met: mpw,byte,S362C,"{""0"": ""no"", ""1"": ""yes""}"
s362x,person met: other,byte,S362X,"{""0"": ""no"", ""1"": ""yes""}"
s363a,times met this person at home in last 3 months,byte,S363A,"{""0"": ""none"", ""98"": ""don't know""}"
s363b,times met this person at anganwadi centre in last 3 months,byte,S363B,"{""0"": ""none"", ""98"": ""don't know""}"
s363c,times met this person at health facility or camp in last 3 months,byte,S363C,"{""0"": ""none"", ""98"": ""don't know""}"
s363d,times met this person elsewhere in last 3 months,byte,S363D,"{""0"": ""none"", ""98"": ""don't know""}"
s365a,services/matters talked about in last 3 months: family planning,byte,S365A,"{""0"": ""no"", ""1"": ""yes""}"
s365b,services/matters talked about in last 3 months: immunization,byte,S365B,"{""0"": ""no"", ""1"": ""yes""}"
s365c,services/matters talked about in last 3 months: antenatal care,byte,S365C,"{""0"": ""no"", ""1"": ""yes""}"
s365d,services/matters talked about in last 3 months: delivery care,byte,S365D,"{""0"": ""no"", ""1"": ""yes""}"
s365e,services/matters talked about in last 3 months: birth preparedness,byte,S365E,"{""0"": ""no"", ""1"": ""yes""}"
s365f,services/matters talked about in last 3 months: complication readiness,byte,S365F,"{""0"": ""no"", ""1"": ""yes""}"
s365g,services/matters talked about in last 3 months: postnatal care,byte,S365G,"{""0"": ""no"", ""1"": ""yes""}"
s365h,services/matters talked about in last 3 months: disease prevention,byte,S365H,"{""0"": ""no"", ""1"": ""yes""}"
s365i,services/matters talked about in last 3 months: medical treatment for self,byte,S365I,"{""0"": ""no"", ""1"": ""yes""}"
s365j,services/matters talked about in last 3 months: treatment for sick child,byte,S365J,"{""0"": ""no"", ""1"": ""yes""}"
s365k,services/matters talked about in last 3 months: treatment for other person,byte,S365K,"{""0"": ""no"", ""1"": ""yes""}"
s365l,services/matters talked about in last 3 months: malaria control,byte,S365L,"{""0"": ""no"", ""1"": ""yes""}"
s365m,services/matters talked about in last 3 months: supplementary food,byte,S365M,"{""0"": ""no"", ""1"": ""yes""}"
s365n,services/matters talked about in last 3 months: growth monitoring of child,byte,S365N,"{""0"": ""no"", ""1"": ""yes""}"
s365o,services/matters talked about in last 3 months: early childhood care,byte,S365O,"{""0"": ""no"", ""1"": ""yes""}"
s365p,services/matters talked about in last 3 months: pre-school education,byte,S365P,"{""0"": ""no"", ""1"": ""yes""}"
s365q,services/matters talked about in last 3 months: nutrition/health education,byte,S365Q,"{""0"": ""no"", ""1"": ""yes""}"
s365r,services/matters talked about in last 3 months: family life education,byte,S365R,"{""0"": ""no"", ""1"": ""yes""}"
s365s,services/matters talked about in last 3 months: menstrual hygiene,byte,S365S,"{""0"": ""no"", ""1"": ""yes""}"
s365x,services/matters talked about in last 3 months: other,byte,S365X,"{""0"": ""no"", ""1"": ""yes""}"
s366,person met during most recent contact,byte,S366,"{""1"": ""anm"", ""2"": ""lhv"", ""3"": ""anganwadi worker"", ""4"": ""asha"", ""5"": ""mpw"", ""6"": ""other""}"
s368,visited a health facility or camp for self or children in last 3 months,byte,S368,"{""0"": ""no"", ""1"": ""yes""}"
s369,type of health facility or camp visited for self or children in last 3 months,byte,S369,"{""11"": ""public: govt. / municipal hospital"", ""12"": ""public ayush"", ""19"": ""public: govt. dispensary"", ""20"": ""public: uhc / uhp / ufwc"", ""21"": ""public: chc / rural hospital / block phc"", ""22"": ""public: phc / additional phc"", ""23"": ""public: sub-centre / anm"", ""24"": ""public: govt. mobile clinic"", ""25"": ""public: camp"", ""26"": ""public: anganwadi / icds centre"", ""27"": ""other public health sector"", ""31"": ""ngo or trust hospital / clinic"", ""41"": ""private: hospital / clinic"", ""42"": ""private: mobile clinic"", ""43"": ""private ayush"", ""50"": ""private: pharmacy / drugstore"", ""51"": ""other private health"", ""96"": ""other""}"
s369a,what type of health facility did you visit most recently for yourself (or for yo,byte,S369A,"{""12"": ""public ayush: ayurveda"", ""13"": ""public ayush: yoga and naturopathy"", ""14"": ""publc ayush: unani"", ""15"": ""public ayush: siddha"", ""16"": ""public ayush: homeopathy"", ""17"": ""public ayush: sowa rigpa (ttm)"", ""18"": ""public ayush: other""}"
s369b,what type of health facility did you visit most recently for yourself (or for yo,byte,S369B,"{""43"": ""private ayush: ayurveda"", ""44"": ""private ayush: yoga and naturopathy"", ""45"": ""private ayush: unani"", ""46"": ""private ayush: siddha"", ""47"": ""private ayush: homeopathy"", ""48"": ""private ayush: sowa rigpa (ttm)"", ""49"": ""private ayush: other""}"
s370a,service went for: family planning,byte,S370A,"{""0"": ""no"", ""1"": ""yes""}"
s370b,service went for: immunization,byte,S370B,"{""0"": ""no"", ""1"": ""yes""}"
s370c,service went for: antenatal care,byte,S370C,"{""0"": ""no"", ""1"": ""yes""}"
s370d,service went for: delivery care,byte,S370D,"{""0"": ""no"", ""1"": ""yes""}"
s370e,service went for: postnatal care,byte,S370E,"{""0"": ""no"", ""1"": ""yes""}"
s370f,service went for: disease prevention,byte,S370F,"{""0"": ""no"", ""1"": ""yes""}"
s370g,service went for: medical treatment for self,byte,S370G,"{""0"": ""no"", ""1"": ""yes""}"
s370h,service went for: treatment for child,byte,S370H,"{""0"": ""no"", ""1"": ""yes""}"
s370i,service went for: treatment for other person,byte,S370I,"{""0"": ""no"", ""1"": ""yes""}"
s370j,service went for: growth monitoring of child,byte,S370J,"{""0"": ""no"", ""1"": ""yes""}"
s370k,service went for: health check-up,byte,S370K,"{""0"": ""no"", ""1"": ""yes""}"
s370l,service went for: medical termination of pregnancy,byte,S370L,"{""0"": ""no"", ""1"": ""yes""}"
s370x,service went for: other,byte,S370X,"{""0"": ""no"", ""1"": ""yes""}"
s408_1,how many months pregnant were you when you came to know about the pregnancy?,byte,S408_1,"{""0"": ""less than 1 month"", ""1"": ""one month"", ""2"": ""two months"", ""3"": ""three months"", ""4"": ""four months"", ""5"": ""five months"", ""98"": ""don't remember""}"
s408_2,how many months pregnant were you when you came to know about the pregnancy?,byte,S408_2,"{""0"": ""less than 1 month"", ""1"": ""one month"", ""2"": ""two months"", ""3"": ""three months"", ""4"": ""four months"", ""5"": ""five months"", ""98"": ""don't remember""}"
s408_3,how many months pregnant were you when you came to know about the pregnancy?,byte,S408_3,"{""0"": ""less than 1 month"", ""1"": ""one month"", ""2"": ""two months"", ""3"": ""three months"", ""4"": ""four months"", ""5"": ""five months"", ""98"": ""don't remember""}"
s408_4,how many months pregnant were you when you came to know about the pregnancy?,byte,S408_4,"{""0"": ""less than 1 month"", ""1"": ""one month"", ""2"": ""two months"", ""3"": ""three months"", ""4"": ""four months"", ""5"": ""five months"", ""98"": ""don't remember""}"
s408_5,how many months pregnant were you when you came to know about the pregnancy?,byte,S408_5,"{""0"": ""less than 1 month"", ""1"": ""one month"", ""2"": ""two months"", ""3"": ""three months"", ""4"": ""four months"", ""5"": ""five months"", ""98"": ""don't remember""}"
s408_6,how many months pregnant were you when you came to know about the pregnancy?,byte,S408_6,"{""0"": ""less than 1 month"", ""1"": ""one month"", ""2"": ""two months"", ""3"": ""three months"", ""4"": ""four months"", ""5"": ""five months"", ""98"": ""don't remember""}"
s409_1,did you use a pregnancy testing kit to confirm this pregnancy?,byte,S409_1,"{""0"": ""no"", ""1"": ""yes""}"
s409_2,did you use a pregnancy testing kit to confirm this pregnancy?,byte,S409_2,"{""0"": ""no"", ""1"": ""yes""}"
s409_3,did you use a pregnancy testing kit to confirm this pregnancy?,byte,S409_3,"{""0"": ""no"", ""1"": ""yes""}"
s409_4,did you use a pregnancy testing kit to confirm this pregnancy?,byte,S409_4,"{""0"": ""no"", ""1"": ""yes""}"
s409_5,did you use a pregnancy testing kit to confirm this pregnancy?,byte,S409_5,"{""0"": ""no"", ""1"": ""yes""}"
s409_6,did you use a pregnancy testing kit to confirm this pregnancy?,byte,S409_6,"{""0"": ""no"", ""1"": ""yes""}"
s410_1,was this pregnancy registered?,byte,S410_1,"{""0"": ""no"", ""1"": ""yes""}"
s410_2,was this pregnancy registered?,byte,S410_2,"{""0"": ""no"", ""1"": ""yes""}"
s410_3,was this pregnancy registered?,byte,S410_3,"{""0"": ""no"", ""1"": ""yes""}"
s410_4,was this pregnancy registered?,byte,S410_4,"{""0"": ""no"", ""1"": ""yes""}"
s410_5,was this pregnancy registered?,byte,S410_5,"{""0"": ""no"", ""1"": ""yes""}"
s410_6,was this pregnancy registered?,byte,S410_6,"{""0"": ""no"", ""1"": ""yes""}"
s411_1,how many months pregnant were you when you registered?,byte,S411_1,"{""98"": ""don't remember""}"
s411_2,how many months pregnant were you when you registered?,byte,S411_2,"{""98"": ""don't remember""}"
s411_3,how many months pregnant were you when you registered?,byte,S411_3,"{""98"": ""don't remember""}"
s411_4,how many months pregnant were you when you registered?,byte,S411_4,"{""98"": ""don't remember""}"
s411_5,how many months pregnant were you when you registered?,byte,S411_5,"{""98"": ""don't remember""}"
s411_6,how many months pregnant were you when you registered?,byte,S411_6,"{""98"": ""don't remember""}"
s412_1,with whom did you register?,byte,S412_1,"{""1"": ""anm"", ""2"": ""asha"", ""3"": ""aww"", ""6"": ""other""}"
s412_2,with whom did you register?,byte,S412_2,"{""1"": ""anm"", ""2"": ""asha"", ""3"": ""aww"", ""6"": ""other""}"
s412_3,with whom did you register?,byte,S412_3,"{""1"": ""anm"", ""2"": ""asha"", ""3"": ""aww"", ""6"": ""other""}"
s412_4,with whom did you register?,byte,S412_4,"{""1"": ""anm"", ""2"": ""asha"", ""3"": ""aww"", ""6"": ""other""}"
s412_5,with whom did you register?,byte,S412_5,"{""1"": ""anm"", ""2"": ""asha"", ""3"": ""aww"", ""6"": ""other""}"
s412_6,with whom did you register?,byte,S412_6,"{""1"": ""anm"", ""2"": ""asha"", ""3"": ""aww"", ""6"": ""other""}"
s413_1,did you receive a mother and child protection card after  registration?,byte,S413_1,"{""0"": ""no"", ""1"": ""yes""}"
s413_2,did you receive a mother and child protection card after  registration?,byte,S413_2,"{""0"": ""no"", ""1"": ""yes""}"
s413_3,did you receive a mother and child protection card after  registration?,byte,S413_3,"{""0"": ""no"", ""1"": ""yes""}"
s413_4,did you receive a mother and child protection card after  registration?,byte,S413_4,"{""0"": ""no"", ""1"": ""yes""}"
s413_5,did you receive a mother and child protection card after  registration?,byte,S413_5,"{""0"": ""no"", ""1"": ""yes""}"
s413_6,did you receive a mother and child protection card after  registration?,byte,S413_6,"{""0"": ""no"", ""1"": ""yes""}"
s414_1,received antenatal care for pregnancy,byte,S414_1,"{""0"": ""no"", ""1"": ""yes""}"
s414_2,received antenatal care for pregnancy,byte,S414_2,"{""0"": ""no"", ""1"": ""yes""}"
s414_3,received antenatal care for pregnancy,byte,S414_3,"{""0"": ""no"", ""1"": ""yes""}"
s414_4,received antenatal care for pregnancy,byte,S414_4,"{""0"": ""no"", ""1"": ""yes""}"
s414_5,received antenatal care for pregnancy,byte,S414_5,"{""0"": ""no"", ""1"": ""yes""}"
s414_6,received antenatal care for pregnancy,byte,S414_6,"{""0"": ""no"", ""1"": ""yes""}"
s419e_1,abdomen examined,byte,S419E_1,"{""0"": ""no"", ""1"": ""yes""}"
s419e_2,abdomen examined,byte,S419E_2,"{""0"": ""no"", ""1"": ""yes""}"
s419e_3,abdomen examined,byte,S419E_3,"{""0"": ""no"", ""1"": ""yes""}"
s419e_4,abdomen examined,byte,S419E_4,"{""0"": ""no"", ""1"": ""yes""}"
s419e_5,abdomen examined,byte,S419E_5,"{""0"": ""no"", ""1"": ""yes""}"
s419e_6,abdomen examined,byte,S419E_6,"{""0"": ""no"", ""1"": ""yes""}"
s420a_1,told about pregnancy complication: vaginal bleeding,byte,S420A_1,"{""0"": ""no"", ""1"": ""yes""}"
s420a_2,told about pregnancy complication: vaginal bleeding,byte,S420A_2,"{""0"": ""no"", ""1"": ""yes""}"
s420a_3,told about pregnancy complication: vaginal bleeding,byte,S420A_3,"{""0"": ""no"", ""1"": ""yes""}"
s420a_4,told about pregnancy complication: vaginal bleeding,byte,S420A_4,"{""0"": ""no"", ""1"": ""yes""}"
s420a_5,told about pregnancy complication: vaginal bleeding,byte,S420A_5,"{""0"": ""no"", ""1"": ""yes""}"
s420a_6,told about pregnancy complication: vaginal bleeding,byte,S420A_6,"{""0"": ""no"", ""1"": ""yes""}"
s420b_1,told about pregnancy complication: convulsions,byte,S420B_1,"{""0"": ""no"", ""1"": ""yes""}"
s420b_2,told about pregnancy complication: convulsions,byte,S420B_2,"{""0"": ""no"", ""1"": ""yes""}"
s420b_3,told about pregnancy complication: convulsions,byte,S420B_3,"{""0"": ""no"", ""1"": ""yes""}"
s420b_4,told about pregnancy complication: convulsions,byte,S420B_4,"{""0"": ""no"", ""1"": ""yes""}"
s420b_5,told about pregnancy complication: convulsions,byte,S420B_5,"{""0"": ""no"", ""1"": ""yes""}"
s420b_6,told about pregnancy complication: convulsions,byte,S420B_6,"{""0"": ""no"", ""1"": ""yes""}"
s420c_1,told about pregnancy complication: prolonged labour,byte,S420C_1,"{""0"": ""no"", ""1"": ""yes""}"
s420c_2,told about pregnancy complication: prolonged labour,byte,S420C_2,"{""0"": ""no"", ""1"": ""yes""}"
s420c_3,told about pregnancy complication: prolonged labour,byte,S420C_3,"{""0"": ""no"", ""1"": ""yes""}"
s420c_4,told about pregnancy complication: prolonged labour,byte,S420C_4,"{""0"": ""no"", ""1"": ""yes""}"
s420c_5,told about pregnancy complication: prolonged labour,byte,S420C_5,"{""0"": ""no"", ""1"": ""yes""}"
s420c_6,told about pregnancy complication: prolonged labour,byte,S420C_6,"{""0"": ""no"", ""1"": ""yes""}"
s420d_1,told about pregnancy complication: severe abdominal pain,byte,S420D_1,"{""0"": ""no"", ""1"": ""yes""}"
s420d_2,told about pregnancy complication: severe abdominal pain,byte,S420D_2,"{""0"": ""no"", ""1"": ""yes""}"
s420d_3,told about pregnancy complication: severe abdominal pain,byte,S420D_3,"{""0"": ""no"", ""1"": ""yes""}"
s420d_4,told about pregnancy complication: severe abdominal pain,byte,S420D_4,"{""0"": ""no"", ""1"": ""yes""}"
s420d_5,told about pregnancy complication: severe abdominal pain,byte,S420D_5,"{""0"": ""no"", ""1"": ""yes""}"
s420d_6,told about pregnancy complication: severe abdominal pain,byte,S420D_6,"{""0"": ""no"", ""1"": ""yes""}"
s420e_1,told about pregnancy complication: high blood pressure,byte,S420E_1,"{""0"": ""no"", ""1"": ""yes""}"
s420e_2,told about pregnancy complication: high blood pressure,byte,S420E_2,"{""0"": ""no"", ""1"": ""yes""}"
s420e_3,told about pregnancy complication: high blood pressure,byte,S420E_3,"{""0"": ""no"", ""1"": ""yes""}"
s420e_4,told about pregnancy complication: high blood pressure,byte,S420E_4,"{""0"": ""no"", ""1"": ""yes""}"
s420e_5,told about pregnancy complication: high blood pressure,byte,S420E_5,"{""0"": ""no"", ""1"": ""yes""}"
s420e_6,told about pregnancy complication: high blood pressure,byte,S420E_6,"{""0"": ""no"", ""1"": ""yes""}"
s422_1,was (name's) father present during (any of) your antenatal visits?,byte,S422_1,"{""0"": ""no"", ""1"": ""yes""}"
s422_2,was (name's) father present during (any of) your antenatal visits?,byte,S422_2,"{""0"": ""no"", ""1"": ""yes""}"
s422_3,was (name's) father present during (any of) your antenatal visits?,byte,S422_3,"{""0"": ""no"", ""1"": ""yes""}"
s422_4,was (name's) father present during (any of) your antenatal visits?,byte,S422_4,"{""0"": ""no"", ""1"": ""yes""}"
s422_5,was (name's) father present during (any of) your antenatal visits?,byte,S422_5,"{""0"": ""no"", ""1"": ""yes""}"
s422_6,was (name's) father present during (any of) your antenatal visits?,byte,S422_6,"{""0"": ""no"", ""1"": ""yes""}"
s432_1,"during this pregnancy, did you use a mosquito net regularly, sometimes or never?",byte,S432_1,"{""1"": ""regularly"", ""2"": ""sometimes"", ""3"": ""never""}"
s432_2,"during this pregnancy, did you use a mosquito net regularly, sometimes or never?",byte,S432_2,"{""1"": ""regularly"", ""2"": ""sometimes"", ""3"": ""never""}"
s432_3,"during this pregnancy, did you use a mosquito net regularly, sometimes or never?",byte,S432_3,"{""1"": ""regularly"", ""2"": ""sometimes"", ""3"": ""never""}"
s432_4,"during this pregnancy, did you use a mosquito net regularly, sometimes or never?",byte,S432_4,"{""1"": ""regularly"", ""2"": ""sometimes"", ""3"": ""never""}"
s432_5,"during this pregnancy, did you use a mosquito net regularly, sometimes or never?",byte,S432_5,"{""1"": ""regularly"", ""2"": ""sometimes"", ""3"": ""never""}"
s432_6,"during this pregnancy, did you use a mosquito net regularly, sometimes or never?",byte,S432_6,"{""1"": ""regularly"", ""2"": ""sometimes"", ""3"": ""never""}"
s434_1,"during this pregnancy, did you  have convulsions not from fever?",byte,S434_1,"{""0"": ""no"", ""1"": ""yes"", ""8"": ""don't know""}"
s434_2,"during this pregnancy, did you  have convulsions not from fever?",byte,S434_2,"{""0"": ""no"", ""1"": ""yes"", ""8"": ""don't know""}"
s434_3,"during this pregnancy, did you  have convulsions not from fever?",byte,S434_3,"{""0"": ""no"", ""1"": ""yes"", ""8"": ""don't know""}"
s434_4,"during this pregnancy, did you  have convulsions not from fever?",byte,S434_4,"{""0"": ""no"", ""1"": ""yes"", ""8"": ""don't know""}"
s434_5,"during this pregnancy, did you  have convulsions not from fever?",byte,S434_5,"{""0"": ""no"", ""1"": ""yes"", ""8"": ""don't know""}"
s434_6,"during this pregnancy, did you  have convulsions not from fever?",byte,S434_6,"{""0"": ""no"", ""1"": ""yes"", ""8"": ""don't know""}"
s435_1,"during this pregnancy, did you  have swelling of the legs, body or face?",byte,S435_1,"{""0"": ""no"", ""1"": ""yes"", ""8"": ""don't know""}"
s435_2,"during this pregnancy, did you  have swelling of the legs, body or face?",byte,S435_2,"{""0"": ""no"", ""1"": ""yes"", ""8"": ""don't know""}"
s435_3,"during this pregnancy, did you  have swelling of the legs, body or face?",byte,S435_3,"{""0"": ""no"", ""1"": ""yes"", ""8"": ""don't know""}"
s435_4,"during this pregnancy, did you  have swelling of the legs, body or face?",byte,S435_4,"{""0"": ""no"", ""1"": ""yes"", ""8"": ""don't know""}"
s435_5,"during this pregnancy, did you  have swelling of the legs, body or face?",byte,S435_5,"{""0"": ""no"", ""1"": ""yes"", ""8"": ""don't know""}"
s435_6,"during this pregnancy, did you  have swelling of the legs, body or face?",byte,S435_6,"{""0"": ""no"", ""1"": ""yes"", ""8"": ""don't know""}"
s436_1,did you receive any supplementary nutrition from the anganwadi centre during thi,byte,S436_1,"{""0"": ""no"", ""1"": ""yes""}"
s436_2,did you receive any supplementary nutrition from the anganwadi centre during thi,byte,S436_2,"{""0"": ""no"", ""1"": ""yes""}"
s436_3,did you receive any supplementary nutrition from the anganwadi centre during thi,byte,S436_3,"{""0"": ""no"", ""1"": ""yes""}"
s436_4,did you receive any supplementary nutrition from the anganwadi centre during thi,byte,S436_4,"{""0"": ""no"", ""1"": ""yes""}"
s436_5,did you receive any supplementary nutrition from the anganwadi centre during thi,byte,S436_5,"{""0"": ""no"", ""1"": ""yes""}"
s436_6,did you receive any supplementary nutrition from the anganwadi centre during thi,byte,S436_6,"{""0"": ""no"", ""1"": ""yes""}"
s437_1,"during this pregnancy, were you  always able to get the supplementary nutrition ",byte,S437_1,"{""0"": ""no"", ""1"": ""yes, always""}"
s437_2,"during this pregnancy, were you  always able to get the supplementary nutrition ",byte,S437_2,"{""0"": ""no"", ""1"": ""yes, always""}"
s437_3,"during this pregnancy, were you  always able to get the supplementary nutrition ",byte,S437_3,"{""0"": ""no"", ""1"": ""yes, always""}"
s437_4,"during this pregnancy, were you  always able to get the supplementary nutrition ",byte,S437_4,"{""0"": ""no"", ""1"": ""yes, always""}"
s437_5,"during this pregnancy, were you  always able to get the supplementary nutrition ",byte,S437_5,"{""0"": ""no"", ""1"": ""yes, always""}"
s437_6,"during this pregnancy, were you  always able to get the supplementary nutrition ",byte,S437_6,"{""0"": ""no"", ""1"": ""yes, always""}"
s438_1,"during the last three months of this pregnancy, did you meet with an anm, lady h",byte,S438_1,"{""0"": ""no"", ""1"": ""yes""}"
s438_2,"during the last three months of this pregnancy, did you meet with an anm, lady h",byte,S438_2,"{""0"": ""no"", ""1"": ""yes""}"
s438_3,"during the last three months of this pregnancy, did you meet with an anm, lady h",byte,S438_3,"{""0"": ""no"", ""1"": ""yes""}"
s438_4,"during the last three months of this pregnancy, did you meet with an anm, lady h",byte,S438_4,"{""0"": ""no"", ""1"": ""yes""}"
s438_5,"during the last three months of this pregnancy, did you meet with an anm, lady h",byte,S438_5,"{""0"": ""no"", ""1"": ""yes""}"
s438_6,"during the last three months of this pregnancy, did you meet with an anm, lady h",byte,S438_6,"{""0"": ""no"", ""1"": ""yes""}"
s439_1,where did you meet this/these person(s)?,byte,S439_1,"{""1"": ""home only"", ""2"": ""elsewhere only"", ""3"": ""both home and elsewhere""}"
s439_2,where did you meet this/these person(s)?,byte,S439_2,"{""1"": ""home only"", ""2"": ""elsewhere only"", ""3"": ""both home and elsewhere""}"
s439_3,where did you meet this/these person(s)?,byte,S439_3,"{""1"": ""home only"", ""2"": ""elsewhere only"", ""3"": ""both home and elsewhere""}"
s439_4,where did you meet this/these person(s)?,byte,S439_4,"{""1"": ""home only"", ""2"": ""elsewhere only"", ""3"": ""both home and elsewhere""}"
s439_5,where did you meet this/these person(s)?,byte,S439_5,"{""1"": ""home only"", ""2"": ""elsewhere only"", ""3"": ""both home and elsewhere""}"
s439_6,where did you meet this/these person(s)?,byte,S439_6,"{""1"": ""home only"", ""2"": ""elsewhere only"", ""3"": ""both home and elsewhere""}"
s440a_1,did you receive advice on the following at least once about the importance of in,byte,S440A_1,"{""0"": ""no"", ""1"": ""yes""}"
s440a_2,did you receive advice on the following at least once about the importance of in,byte,S440A_2,"{""0"": ""no"", ""1"": ""yes""}"
s440a_3,did you receive advice on the following at least once about the importance of in,byte,S440A_3,"{""0"": ""no"", ""1"": ""yes""}"
s440a_4,did you receive advice on the following at least once about the importance of in,byte,S440A_4,"{""0"": ""no"", ""1"": ""yes""}"
s440a_5,did you receive advice on the following at least once about the importance of in,byte,S440A_5,"{""0"": ""no"", ""1"": ""yes""}"
s440a_6,did you receive advice on the following at least once about the importance of in,byte,S440A_6,"{""0"": ""no"", ""1"": ""yes""}"
s440b_1,did you receive advice on the following at least once about cord care?,byte,S440B_1,"{""0"": ""no"", ""1"": ""yes""}"
s440b_2,did you receive advice on the following at least once about cord care?,byte,S440B_2,"{""0"": ""no"", ""1"": ""yes""}"
s440b_3,did you receive advice on the following at least once about cord care?,byte,S440B_3,"{""0"": ""no"", ""1"": ""yes""}"
s440b_4,did you receive advice on the following at least once about cord care?,byte,S440B_4,"{""0"": ""no"", ""1"": ""yes""}"
s440b_5,did you receive advice on the following at least once about cord care?,byte,S440B_5,"{""0"": ""no"", ""1"": ""yes""}"
s440b_6,did you receive advice on the following at least once about cord care?,byte,S440B_6,"{""0"": ""no"", ""1"": ""yes""}"
s440c_1,did you receive advice on the following at least once about breastfeeding?,byte,S440C_1,"{""0"": ""no"", ""1"": ""yes""}"
s440c_2,did you receive advice on the following at least once about breastfeeding?,byte,S440C_2,"{""0"": ""no"", ""1"": ""yes""}"
s440c_3,did you receive advice on the following at least once about breastfeeding?,byte,S440C_3,"{""0"": ""no"", ""1"": ""yes""}"
s440c_4,did you receive advice on the following at least once about breastfeeding?,byte,S440C_4,"{""0"": ""no"", ""1"": ""yes""}"
s440c_5,did you receive advice on the following at least once about breastfeeding?,byte,S440C_5,"{""0"": ""no"", ""1"": ""yes""}"
s440c_6,did you receive advice on the following at least once about breastfeeding?,byte,S440C_6,"{""0"": ""no"", ""1"": ""yes""}"
s440d_1,did you receive advice on the following at least once about keeping the baby war,byte,S440D_1,"{""0"": ""no"", ""1"": ""yes""}"
s440d_2,did you receive advice on the following at least once about keeping the baby war,byte,S440D_2,"{""0"": ""no"", ""1"": ""yes""}"
s440d_3,did you receive advice on the following at least once about keeping the baby war,byte,S440D_3,"{""0"": ""no"", ""1"": ""yes""}"
s440d_4,did you receive advice on the following at least once about keeping the baby war,byte,S440D_4,"{""0"": ""no"", ""1"": ""yes""}"
s440d_5,did you receive advice on the following at least once about keeping the baby war,byte,S440D_5,"{""0"": ""no"", ""1"": ""yes""}"
s440d_6,did you receive advice on the following at least once about keeping the baby war,byte,S440D_6,"{""0"": ""no"", ""1"": ""yes""}"
s440e_1,did you receive advice on the following at least once about family planning?,byte,S440E_1,"{""0"": ""no"", ""1"": ""yes""}"
s440e_2,did you receive advice on the following at least once about family planning?,byte,S440E_2,"{""0"": ""no"", ""1"": ""yes""}"
s440e_3,did you receive advice on the following at least once about family planning?,byte,S440E_3,"{""0"": ""no"", ""1"": ""yes""}"
s440e_4,did you receive advice on the following at least once about family planning?,byte,S440E_4,"{""0"": ""no"", ""1"": ""yes""}"
s440e_5,did you receive advice on the following at least once about family planning?,byte,S440E_5,"{""0"": ""no"", ""1"": ""yes""}"
s440e_6,did you receive advice on the following at least once about family planning?,byte,S440E_6,"{""0"": ""no"", ""1"": ""yes""}"
s441_1,"during delivery, did you experience a breech presentation?",byte,S441_1,"{""0"": ""no"", ""1"": ""yes"", ""8"": ""don't know""}"
s441_2,"during delivery, did you experience a breech presentation?",byte,S441_2,"{""0"": ""no"", ""1"": ""yes"", ""8"": ""don't know""}"
s441_3,"during delivery, did you experience a breech presentation?",byte,S441_3,"{""0"": ""no"", ""1"": ""yes"", ""8"": ""don't know""}"
s441_4,"during delivery, did you experience a breech presentation?",byte,S441_4,"{""0"": ""no"", ""1"": ""yes"", ""8"": ""don't know""}"
s441_5,"during delivery, did you experience a breech presentation?",byte,S441_5,"{""0"": ""no"", ""1"": ""yes"", ""8"": ""don't know""}"
s441_6,"during delivery, did you experience a breech presentation?",byte,S441_6,"{""0"": ""no"", ""1"": ""yes"", ""8"": ""don't know""}"
s442_1,"during delivery, did you experience prolonged labour?",byte,S442_1,"{""0"": ""no"", ""1"": ""yes"", ""8"": ""don't know""}"
s442_2,"during delivery, did you experience prolonged labour?",byte,S442_2,"{""0"": ""no"", ""1"": ""yes"", ""8"": ""don't know""}"
s442_3,"during delivery, did you experience prolonged labour?",byte,S442_3,"{""0"": ""no"", ""1"": ""yes"", ""8"": ""don't know""}"
s442_4,"during delivery, did you experience prolonged labour?",byte,S442_4,"{""0"": ""no"", ""1"": ""yes"", ""8"": ""don't know""}"
s442_5,"during delivery, did you experience prolonged labour?",byte,S442_5,"{""0"": ""no"", ""1"": ""yes"", ""8"": ""don't know""}"
s442_6,"during delivery, did you experience prolonged labour?",byte,S442_6,"{""0"": ""no"", ""1"": ""yes"", ""8"": ""don't know""}"
s443_1,"during delivery, did you experience excessive bleeding?",byte,S443_1,"{""0"": ""no"", ""1"": ""yes"", ""8"": ""don't know""}"
s443_2,"during delivery, did you experience excessive bleeding?",byte,S443_2,"{""0"": ""no"", ""1"": ""yes"", ""8"": ""don't know""}"
s443_3,"during delivery, did you experience excessive bleeding?",byte,S443_3,"{""0"": ""no"", ""1"": ""yes"", ""8"": ""don't know""}"
s443_4,"during delivery, did you experience excessive bleeding?",byte,S443_4,"{""0"": ""no"", ""1"": ""yes"", ""8"": ""don't know""}"
s443_5,"during delivery, did you experience excessive bleeding?",byte,S443_5,"{""0"": ""no"", ""1"": ""yes"", ""8"": ""don't know""}"
s443_6,"during delivery, did you experience excessive bleeding?",byte,S443_6,"{""0"": ""no"", ""1"": ""yes"", ""8"": ""don't know""}"
s449_1,transport used by respondent to go to health facility for delivery,byte,S449_1,"{""1"": ""government ambulance"", ""2"": ""other ambulance"", ""3"": ""jeep/car"", ""4"": ""motorcycle/scooter"", ""5"": ""bus/train"", ""6"": ""tempo/auto/tractor"", ""7"": ""cart"", ""8"": ""on foot"", ""96"": ""other""}"
s449_2,transport used by respondent to go to health facility for delivery,byte,S449_2,"{""1"": ""government ambulance"", ""2"": ""other ambulance"", ""3"": ""jeep/car"", ""4"": ""motorcycle/scooter"", ""5"": ""bus/train"", ""6"": ""tempo/auto/tractor"", ""7"": ""cart"", ""8"": ""on foot"", ""96"": ""other""}"
s449_3,transport used by respondent to go to health facility for delivery,byte,S449_3,"{""1"": ""government ambulance"", ""2"": ""other ambulance"", ""3"": ""jeep/car"", ""4"": ""motorcycle/scooter"", ""5"": ""bus/train"", ""6"": ""tempo/auto/tractor"", ""7"": ""cart"", ""8"": ""on foot"", ""96"": ""other""}"
s449_4,transport used by respondent to go to health facility for delivery,byte,S449_4,"{""1"": ""government ambulance"", ""2"": ""other ambulance"", ""3"": ""jeep/car"", ""4"": ""motorcycle/scooter"", ""5"": ""bus/train"", ""6"": ""tempo/auto/tractor"", ""7"": ""cart"", ""8"": ""on foot"", ""96"": ""other""}"
s449_5,transport used by respondent to go to health facility for delivery,byte,S449_5,"{""1"": ""government ambulance"", ""2"": ""other ambulance"", ""3"": ""jeep/car"", ""4"": ""motorcycle/scooter"", ""5"": ""bus/train"", ""6"": ""tempo/auto/tractor"", ""7"": ""cart"", ""8"": ""on foot"", ""96"": ""other""}"
s449_6,transport used by respondent to go to health facility for delivery,byte,S449_6,"{""1"": ""government ambulance"", ""2"": ""other ambulance"", ""3"": ""jeep/car"", ""4"": ""motorcycle/scooter"", ""5"": ""bus/train"", ""6"": ""tempo/auto/tractor"", ""7"": ""cart"", ""8"": ""on foot"", ""96"": ""other""}"
s450a_1,person who arranged transport: doctor,byte,S450A_1,"{""0"": ""no"", ""1"": ""yes""}"
s450a_2,person who arranged transport: doctor,byte,S450A_2,"{""0"": ""no"", ""1"": ""yes""}"
s450a_3,person who arranged transport: doctor,byte,S450A_3,"{""0"": ""no"", ""1"": ""yes""}"
s450a_4,person who arranged transport: doctor,byte,S450A_4,"{""0"": ""no"", ""1"": ""yes""}"
s450a_5,person who arranged transport: doctor,byte,S450A_5,"{""0"": ""no"", ""1"": ""yes""}"
s450a_6,person who arranged transport: doctor,byte,S450A_6,"{""0"": ""no"", ""1"": ""yes""}"
s450b_1,person who arranged transport: anm,byte,S450B_1,"{""0"": ""no"", ""1"": ""yes""}"
s450b_2,person who arranged transport: anm,byte,S450B_2,"{""0"": ""no"", ""1"": ""yes""}"
s450b_3,person who arranged transport: anm,byte,S450B_3,"{""0"": ""no"", ""1"": ""yes""}"
s450b_4,person who arranged transport: anm,byte,S450B_4,"{""0"": ""no"", ""1"": ""yes""}"
s450b_5,person who arranged transport: anm,byte,S450B_5,"{""0"": ""no"", ""1"": ""yes""}"
s450b_6,person who arranged transport: anm,byte,S450B_6,"{""0"": ""no"", ""1"": ""yes""}"
s450c_1,person who arranged transport: health worker,byte,S450C_1,"{""0"": ""no"", ""1"": ""yes""}"
s450c_2,person who arranged transport: health worker,byte,S450C_2,"{""0"": ""no"", ""1"": ""yes""}"
s450c_3,person who arranged transport: health worker,byte,S450C_3,"{""0"": ""no"", ""1"": ""yes""}"
s450c_4,person who arranged transport: health worker,byte,S450C_4,"{""0"": ""no"", ""1"": ""yes""}"
s450c_5,person who arranged transport: health worker,byte,S450C_5,"{""0"": ""no"", ""1"": ""yes""}"
s450c_6,person who arranged transport: health worker,byte,S450C_6,"{""0"": ""no"", ""1"": ""yes""}"
s450d_1,person who arranged transport: anganwadi worker,byte,S450D_1,"{""0"": ""no"", ""1"": ""yes""}"
s450d_2,person who arranged transport: anganwadi worker,byte,S450D_2,"{""0"": ""no"", ""1"": ""yes""}"
s450d_3,person who arranged transport: anganwadi worker,byte,S450D_3,"{""0"": ""no"", ""1"": ""yes""}"
s450d_4,person who arranged transport: anganwadi worker,byte,S450D_4,"{""0"": ""no"", ""1"": ""yes""}"
s450d_5,person who arranged transport: anganwadi worker,byte,S450D_5,"{""0"": ""no"", ""1"": ""yes""}"
s450d_6,person who arranged transport: anganwadi worker,byte,S450D_6,"{""0"": ""no"", ""1"": ""yes""}"
s450e_1,person who arranged transport: asha,byte,S450E_1,"{""0"": ""no"", ""1"": ""yes""}"
s450e_2,person who arranged transport: asha,byte,S450E_2,"{""0"": ""no"", ""1"": ""yes""}"
s450e_3,person who arranged transport: asha,byte,S450E_3,"{""0"": ""no"", ""1"": ""yes""}"
s450e_4,person who arranged transport: asha,byte,S450E_4,"{""0"": ""no"", ""1"": ""yes""}"
s450e_5,person who arranged transport: asha,byte,S450E_5,"{""0"": ""no"", ""1"": ""yes""}"
s450e_6,person who arranged transport: asha,byte,S450E_6,"{""0"": ""no"", ""1"": ""yes""}"
s450f_1,person who arranged transport: pri member,byte,S450F_1,"{""0"": ""no"", ""1"": ""yes""}"
s450f_2,person who arranged transport: pri member,byte,S450F_2,"{""0"": ""no"", ""1"": ""yes""}"
s450f_3,person who arranged transport: pri member,byte,S450F_3,"{""0"": ""no"", ""1"": ""yes""}"
s450f_4,person who arranged transport: pri member,byte,S450F_4,"{""0"": ""no"", ""1"": ""yes""}"
s450f_5,person who arranged transport: pri member,byte,S450F_5,"{""0"": ""no"", ""1"": ""yes""}"
s450f_6,person who arranged transport: pri member,byte,S450F_6,"{""0"": ""no"", ""1"": ""yes""}"
s450g_1,person who arranged transport: ngo,byte,S450G_1,"{""0"": ""no"", ""1"": ""yes""}"
s450g_2,person who arranged transport: ngo,byte,S450G_2,"{""0"": ""no"", ""1"": ""yes""}"
s450g_3,person who arranged transport: ngo,byte,S450G_3,"{""0"": ""no"", ""1"": ""yes""}"
s450g_4,person who arranged transport: ngo,byte,S450G_4,"{""0"": ""no"", ""1"": ""yes""}"
s450g_5,person who arranged transport: ngo,byte,S450G_5,"{""0"": ""no"", ""1"": ""yes""}"
s450g_6,person who arranged transport: ngo,byte,S450G_6,"{""0"": ""no"", ""1"": ""yes""}"
s450h_1,person who arranged transport: cbo,byte,S450H_1,"{""0"": ""no"", ""1"": ""yes""}"
s450h_2,person who arranged transport: cbo,byte,S450H_2,"{""0"": ""no"", ""1"": ""yes""}"
s450h_3,person who arranged transport: cbo,byte,S450H_3,"{""0"": ""no"", ""1"": ""yes""}"
s450h_4,person who arranged transport: cbo,byte,S450H_4,"{""0"": ""no"", ""1"": ""yes""}"
s450h_5,person who arranged transport: cbo,byte,S450H_5,"{""0"": ""no"", ""1"": ""yes""}"
s450h_6,person who arranged transport: cbo,byte,S450H_6,"{""0"": ""no"", ""1"": ""yes""}"
s450i_1,person who arranged transport: husband,byte,S450I_1,"{""0"": ""no"", ""1"": ""yes""}"
s450i_2,person who arranged transport: husband,byte,S450I_2,"{""0"": ""no"", ""1"": ""yes""}"
s450i_3,person who arranged transport: husband,byte,S450I_3,"{""0"": ""no"", ""1"": ""yes""}"
s450i_4,person who arranged transport: husband,byte,S450I_4,"{""0"": ""no"", ""1"": ""yes""}"
s450i_5,person who arranged transport: husband,byte,S450I_5,"{""0"": ""no"", ""1"": ""yes""}"
s450i_6,person who arranged transport: husband,byte,S450I_6,"{""0"": ""no"", ""1"": ""yes""}"
s450j_1,person who arranged transport: mother-in-law,byte,S450J_1,"{""0"": ""no"", ""1"": ""yes""}"
s450j_2,person who arranged transport: mother-in-law,byte,S450J_2,"{""0"": ""no"", ""1"": ""yes""}"
s450j_3,person who arranged transport: mother-in-law,byte,S450J_3,"{""0"": ""no"", ""1"": ""yes""}"
s450j_4,person who arranged transport: mother-in-law,byte,S450J_4,"{""0"": ""no"", ""1"": ""yes""}"
s450j_5,person who arranged transport: mother-in-law,byte,S450J_5,"{""0"": ""no"", ""1"": ""yes""}"
s450j_6,person who arranged transport: mother-in-law,byte,S450J_6,"{""0"": ""no"", ""1"": ""yes""}"
s450k_1,person who arranged transport: mother,byte,S450K_1,"{""0"": ""no"", ""1"": ""yes""}"
s450k_2,person who arranged transport: mother,byte,S450K_2,"{""0"": ""no"", ""1"": ""yes""}"
s450k_3,person who arranged transport: mother,byte,S450K_3,"{""0"": ""no"", ""1"": ""yes""}"
s450k_4,person who arranged transport: mother,byte,S450K_4,"{""0"": ""no"", ""1"": ""yes""}"
s450k_5,person who arranged transport: mother,byte,S450K_5,"{""0"": ""no"", ""1"": ""yes""}"
s450k_6,person who arranged transport: mother,byte,S450K_6,"{""0"": ""no"", ""1"": ""yes""}"
s450l_1,person who arranged transport: relatives/friends,byte,S450L_1,"{""0"": ""no"", ""1"": ""yes""}"
s450l_2,person who arranged transport: relatives/friends,byte,S450L_2,"{""0"": ""no"", ""1"": ""yes""}"
s450l_3,person who arranged transport: relatives/friends,byte,S450L_3,"{""0"": ""no"", ""1"": ""yes""}"
s450l_4,person who arranged transport: relatives/friends,byte,S450L_4,"{""0"": ""no"", ""1"": ""yes""}"
s450l_5,person who arranged transport: relatives/friends,byte,S450L_5,"{""0"": ""no"", ""1"": ""yes""}"
s450l_6,person who arranged transport: relatives/friends,byte,S450L_6,"{""0"": ""no"", ""1"": ""yes""}"
s450m_1,person who arranged transport: self,byte,S450M_1,"{""0"": ""no"", ""1"": ""yes""}"
s450m_2,person who arranged transport: self,byte,S450M_2,"{""0"": ""no"", ""1"": ""yes""}"
s450m_3,person who arranged transport: self,byte,S450M_3,"{""0"": ""no"", ""1"": ""yes""}"
s450m_4,person who arranged transport: self,byte,S450M_4,"{""0"": ""no"", ""1"": ""yes""}"
s450m_5,person who arranged transport: self,byte,S450M_5,"{""0"": ""no"", ""1"": ""yes""}"
s450m_6,person who arranged transport: self,byte,S450M_6,"{""0"": ""no"", ""1"": ""yes""}"
s450x_1,person who arranged transport: other,byte,S450X_1,"{""0"": ""no"", ""1"": ""yes""}"
s450x_2,person who arranged transport: other,byte,S450X_2,"{""0"": ""no"", ""1"": ""yes""}"
s450x_3,person who arranged transport: other,byte,S450X_3,"{""0"": ""no"", ""1"": ""yes""}"
s450x_4,person who arranged transport: other,byte,S450X_4,"{""0"": ""no"", ""1"": ""yes""}"
s450x_5,person who arranged transport: other,byte,S450X_5,"{""0"": ""no"", ""1"": ""yes""}"
s450x_6,person who arranged transport: other,byte,S450X_6,"{""0"": ""no"", ""1"": ""yes""}"
s451_1,respondent's out-of-pocket delivery cost: transportation,long,S451_1,"{""0"": ""did not pay"", ""99998"": ""don't know""}"
s451_2,respondent's out-of-pocket delivery cost: transportation,long,S451_2,"{""0"": ""did not pay"", ""99998"": ""don't know""}"
s451_3,respondent's out-of-pocket delivery cost: transportation,long,S451_3,"{""0"": ""did not pay"", ""99998"": ""don't know""}"
s451_4,respondent's out-of-pocket delivery cost: transportation,byte,S451_4,"{""0"": ""did not pay"", ""99998"": ""don't know""}"
s451_5,respondent's out-of-pocket delivery cost: transportation,byte,S451_5,"{""0"": ""did not pay"", ""99998"": ""don't know""}"
s451_6,respondent's out-of-pocket delivery cost: transportation,byte,S451_6,"{""0"": ""did not pay"", ""99998"": ""don't know""}"
s452a_1,respondent's out-of-pocket delivery cost: hospital stay,long,S452A_1,"{""0"": ""did not pay"", ""99998"": ""don't know""}"
s452a_2,respondent's out-of-pocket delivery cost: hospital stay,long,S452A_2,"{""0"": ""did not pay"", ""99998"": ""don't know""}"
s452a_3,respondent's out-of-pocket delivery cost: hospital stay,long,S452A_3,"{""0"": ""did not pay"", ""99998"": ""don't know""}"
s452a_4,respondent's out-of-pocket delivery cost: hospital stay,byte,S452A_4,"{""0"": ""did not pay"", ""99998"": ""don't know""}"
s452a_5,respondent's out-of-pocket delivery cost: hospital stay,byte,S452A_5,"{""0"": ""did not pay"", ""99998"": ""don't know""}"
s452a_6,respondent's out-of-pocket delivery cost: hospital stay,byte,S452A_6,"{""0"": ""did not pay"", ""99998"": ""don't know""}"
s452b_1,respondent's out-of-pocket delivery cost: tests,long,S452B_1,"{""0"": ""did not pay"", ""99998"": ""don't know""}"
s452b_2,respondent's out-of-pocket delivery cost: tests,long,S452B_2,"{""0"": ""did not pay"", ""99998"": ""don't know""}"
s452b_3,respondent's out-of-pocket delivery cost: tests,long,S452B_3,"{""0"": ""did not pay"", ""99998"": ""don't know""}"
s452b_4,respondent's out-of-pocket delivery cost: tests,byte,S452B_4,"{""0"": ""did not pay"", ""99998"": ""don't know""}"
s452b_5,respondent's out-of-pocket delivery cost: tests,byte,S452B_5,"{""0"": ""did not pay"", ""99998"": ""don't know""}"
s452b_6,respondent's out-of-pocket delivery cost: tests,byte,S452B_6,"{""0"": ""did not pay"", ""99998"": ""don't know""}"
s452c_1,respondent's out-of-pocket delivery cost: medicines,long,S452C_1,"{""0"": ""did not pay"", ""99998"": ""don't know""}"
s452c_2,respondent's out-of-pocket delivery cost: medicines,long,S452C_2,"{""0"": ""did not pay"", ""99998"": ""don't know""}"
s452c_3,respondent's out-of-pocket delivery cost: medicines,long,S452C_3,"{""0"": ""did not pay"", ""99998"": ""don't know""}"
s452c_4,respondent's out-of-pocket delivery cost: medicines,byte,S452C_4,"{""0"": ""did not pay"", ""99998"": ""don't know""}"
s452c_5,respondent's out-of-pocket delivery cost: medicines,byte,S452C_5,"{""0"": ""did not pay"", ""99998"": ""don't know""}"
s452c_6,respondent's out-of-pocket delivery cost: medicines,byte,S452C_6,"{""0"": ""did not pay"", ""99998"": ""don't know""}"
s452d_1,respondent's out-of-pocket delivery cost: other,long,S452D_1,"{""0"": ""did not pay"", ""99998"": ""don't know""}"
s452d_2,respondent's out-of-pocket delivery cost: other,long,S452D_2,"{""0"": ""did not pay"", ""99998"": ""don't know""}"
s452d_3,respondent's out-of-pocket delivery cost: other,long,S452D_3,"{""0"": ""did not pay"", ""99998"": ""don't know""}"
s452d_4,respondent's out-of-pocket delivery cost: other,long,S452D_4,"{""0"": ""did not pay"", ""99998"": ""don't know""}"
s452d_5,respondent's out-of-pocket delivery cost: other,byte,S452D_5,"{""0"": ""did not pay"", ""99998"": ""don't know""}"
s452d_6,respondent's out-of-pocket delivery cost: other,byte,S452D_6,"{""0"": ""did not pay"", ""99998"": ""don't know""}"
s454_1,total respondent's out-of-pocket delivery cost,long,S454_1,"{""0"": ""did not pay"", ""99998"": ""don't know""}"
s454_2,total respondent's out-of-pocket delivery cost,long,S454_2,"{""0"": ""did not pay"", ""99998"": ""don't know""}"
s454_3,total respondent's out-of-pocket delivery cost,long,S454_3,"{""0"": ""did not pay"", ""99998"": ""don't know""}"
s454_4,total respondent's out-of-pocket delivery cost,byte,S454_4,"{""0"": ""did not pay"", ""99998"": ""don't know""}"
s454_5,total respondent's out-of-pocket delivery cost,byte,S454_5,"{""0"": ""did not pay"", ""99998"": ""don't know""}"
s454_6,total respondent's out-of-pocket delivery cost,byte,S454_6,"{""0"": ""did not pay"", ""99998"": ""don't know""}"
s456a_1,manner out of pocket cost met: bank account/savings,byte,S456A_1,"{""0"": ""no"", ""1"": ""yes""}"
s456a_2,manner out of pocket cost met: bank account/savings,byte,S456A_2,"{""0"": ""no"", ""1"": ""yes""}"
s456a_3,manner out of pocket cost met: bank account/savings,byte,S456A_3,"{""0"": ""no"", ""1"": ""yes""}"
s456a_4,manner out of pocket cost met: bank account/savings,byte,S456A_4,"{""0"": ""no"", ""1"": ""yes""}"
s456a_5,manner out of pocket cost met: bank account/savings,byte,S456A_5,"{""0"": ""no"", ""1"": ""yes""}"
s456a_6,manner out of pocket cost met: bank account/savings,byte,S456A_6,"{""0"": ""no"", ""1"": ""yes""}"
s456b_1,manner out of pocket cost met: borrowed from friends,byte,S456B_1,"{""0"": ""no"", ""1"": ""yes""}"
s456b_2,manner out of pocket cost met: borrowed from friends,byte,S456B_2,"{""0"": ""no"", ""1"": ""yes""}"
s456b_3,manner out of pocket cost met: borrowed from friends,byte,S456B_3,"{""0"": ""no"", ""1"": ""yes""}"
s456b_4,manner out of pocket cost met: borrowed from friends,byte,S456B_4,"{""0"": ""no"", ""1"": ""yes""}"
s456b_5,manner out of pocket cost met: borrowed from friends,byte,S456B_5,"{""0"": ""no"", ""1"": ""yes""}"
s456b_6,manner out of pocket cost met: borrowed from friends,byte,S456B_6,"{""0"": ""no"", ""1"": ""yes""}"
s456c_1,manner out of pocket cost met: selling property,byte,S456C_1,"{""0"": ""no"", ""1"": ""yes""}"
s456c_2,manner out of pocket cost met: selling property,byte,S456C_2,"{""0"": ""no"", ""1"": ""yes""}"
s456c_3,manner out of pocket cost met: selling property,byte,S456C_3,"{""0"": ""no"", ""1"": ""yes""}"
s456c_4,manner out of pocket cost met: selling property,byte,S456C_4,"{""0"": ""no"", ""1"": ""yes""}"
s456c_5,manner out of pocket cost met: selling property,byte,S456C_5,"{""0"": ""no"", ""1"": ""yes""}"
s456c_6,manner out of pocket cost met: selling property,byte,S456C_6,"{""0"": ""no"", ""1"": ""yes""}"
s456d_1,manner out of pocket cost met: selling jewellery,byte,S456D_1,"{""0"": ""no"", ""1"": ""yes""}"
s456d_2,manner out of pocket cost met: selling jewellery,byte,S456D_2,"{""0"": ""no"", ""1"": ""yes""}"
s456d_3,manner out of pocket cost met: selling jewellery,byte,S456D_3,"{""0"": ""no"", ""1"": ""yes""}"
s456d_4,manner out of pocket cost met: selling jewellery,byte,S456D_4,"{""0"": ""no"", ""1"": ""yes""}"
s456d_5,manner out of pocket cost met: selling jewellery,byte,S456D_5,"{""0"": ""no"", ""1"": ""yes""}"
s456d_6,manner out of pocket cost met: selling jewellery,byte,S456D_6,"{""0"": ""no"", ""1"": ""yes""}"
s456e_1,manner out of pocket cost met: insurance,byte,S456E_1,"{""0"": ""no"", ""1"": ""yes""}"
s456e_2,manner out of pocket cost met: insurance,byte,S456E_2,"{""0"": ""no"", ""1"": ""yes""}"
s456e_3,manner out of pocket cost met: insurance,byte,S456E_3,"{""0"": ""no"", ""1"": ""yes""}"
s456e_4,manner out of pocket cost met: insurance,byte,S456E_4,"{""0"": ""no"", ""1"": ""yes""}"
s456e_5,manner out of pocket cost met: insurance,byte,S456E_5,"{""0"": ""no"", ""1"": ""yes""}"
s456e_6,manner out of pocket cost met: insurance,byte,S456E_6,"{""0"": ""no"", ""1"": ""yes""}"
s456x_1,manner out of pocket cost met: other,byte,S456X_1,"{""0"": ""no"", ""1"": ""yes""}"
s456x_2,manner out of pocket cost met: other,byte,S456X_2,"{""0"": ""no"", ""1"": ""yes""}"
s456x_3,manner out of pocket cost met: other,byte,S456X_3,"{""0"": ""no"", ""1"": ""yes""}"
s456x_4,manner out of pocket cost met: other,byte,S456X_4,"{""0"": ""no"", ""1"": ""yes""}"
s456x_5,manner out of pocket cost met: other,byte,S456X_5,"{""0"": ""no"", ""1"": ""yes""}"
s456x_6,manner out of pocket cost met: other,byte,S456X_6,"{""0"": ""no"", ""1"": ""yes""}"
s457_1,receive financial assistance for delivery care,byte,S457_1,"{""0"": ""no"", ""1"": ""yes""}"
s457_2,receive financial assistance for delivery care,byte,S457_2,"{""0"": ""no"", ""1"": ""yes""}"
s457_3,receive financial assistance for delivery care,byte,S457_3,"{""0"": ""no"", ""1"": ""yes""}"
s457_4,receive financial assistance for delivery care,byte,S457_4,"{""0"": ""no"", ""1"": ""yes""}"
s457_5,receive financial assistance for delivery care,byte,S457_5,"{""0"": ""no"", ""1"": ""yes""}"
s457_6,receive financial assistance for delivery care,byte,S457_6,"{""0"": ""no"", ""1"": ""yes""}"
s458a_1,source of assistance: janani suraksha yojana (jsy),byte,S458A_1,"{""0"": ""no"", ""1"": ""yes""}"
s458a_2,source of assistance: janani suraksha yojana (jsy),byte,S458A_2,"{""0"": ""no"", ""1"": ""yes""}"
s458a_3,source of assistance: janani suraksha yojana (jsy),byte,S458A_3,"{""0"": ""no"", ""1"": ""yes""}"
s458a_4,source of assistance: janani suraksha yojana (jsy),byte,S458A_4,"{""0"": ""no"", ""1"": ""yes""}"
s458a_5,source of assistance: janani suraksha yojana (jsy),byte,S458A_5,"{""0"": ""no"", ""1"": ""yes""}"
s458a_6,source of assistance: janani suraksha yojana (jsy),byte,S458A_6,"{""0"": ""no"", ""1"": ""yes""}"
s458b_1,source of assistance: other govt. schemes,byte,S458B_1,"{""0"": ""no"", ""1"": ""yes""}"
s458b_2,source of assistance: other govt. schemes,byte,S458B_2,"{""0"": ""no"", ""1"": ""yes""}"
s458b_3,source of assistance: other govt. schemes,byte,S458B_3,"{""0"": ""no"", ""1"": ""yes""}"
s458b_4,source of assistance: other govt. schemes,byte,S458B_4,"{""0"": ""no"", ""1"": ""yes""}"
s458b_5,source of assistance: other govt. schemes,byte,S458B_5,"{""0"": ""no"", ""1"": ""yes""}"
s458b_6,source of assistance: other govt. schemes,byte,S458B_6,"{""0"": ""no"", ""1"": ""yes""}"
s458x_1,source of assistance: other,byte,S458X_1,"{""0"": ""no"", ""1"": ""yes""}"
s458x_2,source of assistance: other,byte,S458X_2,"{""0"": ""no"", ""1"": ""yes""}"
s458x_3,source of assistance: other,byte,S458X_3,"{""0"": ""no"", ""1"": ""yes""}"
s458x_4,source of assistance: other,byte,S458X_4,"{""0"": ""no"", ""1"": ""yes""}"
s458x_5,source of assistance: other,byte,S458X_5,"{""0"": ""no"", ""1"": ""yes""}"
s458x_6,source of assistance: other,byte,S458X_6,"{""0"": ""no"", ""1"": ""yes""}"
s459_1,number of days after delivery received jsy financial assistance,byte,S459_1,"{""0"": ""the same day"", ""95"": ""95 days or more"", ""98"": ""don't know""}"
s459_2,number of days after delivery received jsy financial assistance,byte,S459_2,"{""0"": ""the same day"", ""95"": ""95 days or more"", ""98"": ""don't know""}"
s459_3,number of days after delivery received jsy financial assistance,byte,S459_3,"{""0"": ""the same day"", ""95"": ""95 days or more"", ""98"": ""don't know""}"
s459_4,number of days after delivery received jsy financial assistance,byte,S459_4,"{""0"": ""the same day"", ""95"": ""95 days or more"", ""98"": ""don't know""}"
s459_5,number of days after delivery received jsy financial assistance,byte,S459_5,"{""0"": ""the same day"", ""95"": ""95 days or more"", ""98"": ""don't know""}"
s459_6,number of days after delivery received jsy financial assistance,byte,S459_6,"{""0"": ""the same day"", ""95"": ""95 days or more"", ""98"": ""don't know""}"
s460_1,total jsy amount received,long,S460_1,"{""999998"": ""don't know""}"
s460_2,total jsy amount received,long,S460_2,"{""999998"": ""don't know""}"
s460_3,total jsy amount received,long,S460_3,"{""999998"": ""don't know""}"
s460_4,total jsy amount received,byte,S460_4,"{""999998"": ""don't know""}"
s460_5,total jsy amount received,byte,S460_5,"{""999998"": ""don't know""}"
s460_6,total jsy amount received,byte,S460_6,"{""999998"": ""don't know""}"
s464_1,"immediately after the birth, child was put on your chest?",byte,S464_1,"{""0"": ""no"", ""1"": ""yes"", ""8"": ""don't know""}"
s464_2,"immediately after the birth, child was put on your chest?",byte,S464_2,"{""0"": ""no"", ""1"": ""yes"", ""8"": ""don't know""}"
s464_3,"immediately after the birth, child was put on your chest?",byte,S464_3,"{""0"": ""no"", ""1"": ""yes"", ""8"": ""don't know""}"
s464_4,"immediately after the birth, child was put on your chest?",byte,S464_4,"{""0"": ""no"", ""1"": ""yes"", ""8"": ""don't know""}"
s464_5,"immediately after the birth, child was put on your chest?",byte,S464_5,"{""0"": ""no"", ""1"": ""yes"", ""8"": ""don't know""}"
s464_6,"immediately after the birth, child was put on your chest?",byte,S464_6,"{""0"": ""no"", ""1"": ""yes"", ""8"": ""don't know""}"
s465_1,was child's bare skin touching your bare skin?,byte,S465_1,"{""0"": ""no"", ""1"": ""yes"", ""8"": ""don't know""}"
s465_2,was child's bare skin touching your bare skin?,byte,S465_2,"{""0"": ""no"", ""1"": ""yes"", ""8"": ""don't know""}"
s465_3,was child's bare skin touching your bare skin?,byte,S465_3,"{""0"": ""no"", ""1"": ""yes"", ""8"": ""don't know""}"
s465_4,was child's bare skin touching your bare skin?,byte,S465_4,"{""0"": ""no"", ""1"": ""yes"", ""8"": ""don't know""}"
s465_5,was child's bare skin touching your bare skin?,byte,S465_5,"{""0"": ""no"", ""1"": ""yes"", ""8"": ""don't know""}"
s465_6,was child's bare skin touching your bare skin?,byte,S465_6,"{""0"": ""no"", ""1"": ""yes"", ""8"": ""don't know""}"
s470_1,postnatal check on baby before discharge,byte,S470_1,"{""0"": ""no"", ""1"": ""yes"", ""8"": ""don't know""}"
s470_2,postnatal check on baby before discharge,byte,S470_2,"{""0"": ""no"", ""1"": ""yes"", ""8"": ""don't know""}"
s470_3,postnatal check on baby before discharge,byte,S470_3,"{""0"": ""no"", ""1"": ""yes"", ""8"": ""don't know""}"
s470_4,postnatal check on baby before discharge,byte,S470_4,"{""0"": ""no"", ""1"": ""yes"", ""8"": ""don't know""}"
s470_5,postnatal check on baby before discharge,byte,S470_5,"{""0"": ""no"", ""1"": ""yes"", ""8"": ""don't know""}"
s470_6,postnatal check on baby before discharge,byte,S470_6,"{""0"": ""no"", ""1"": ""yes"", ""8"": ""don't know""}"
s471_1,how long after delivery did the first check on baby take place?,int,S471_1,"{""100"": ""immediately/in first hour"", ""101"": ""hours: 1"", ""199"": ""hours: number missing"", ""201"": ""days: 1"", ""299"": ""days: number missing"", ""301"": ""weeks: 1"", ""399"": ""weeks: number missing"", ""998"": ""don't know""}"
s471_2,how long after delivery did the first check on baby take place?,int,S471_2,"{""100"": ""immediately/in first hour"", ""101"": ""hours: 1"", ""199"": ""hours: number missing"", ""201"": ""days: 1"", ""299"": ""days: number missing"", ""301"": ""weeks: 1"", ""399"": ""weeks: number missing"", ""998"": ""don't know""}"
s471_3,how long after delivery did the first check on baby take place?,int,S471_3,"{""100"": ""immediately/in first hour"", ""101"": ""hours: 1"", ""199"": ""hours: number missing"", ""201"": ""days: 1"", ""299"": ""days: number missing"", ""301"": ""weeks: 1"", ""399"": ""weeks: number missing"", ""998"": ""don't know""}"
s471_4,how long after delivery did the first check on baby take place?,byte,S471_4,"{""100"": ""immediately/in first hour"", ""101"": ""hours: 1"", ""199"": ""hours: number missing"", ""201"": ""days: 1"", ""299"": ""days: number missing"", ""301"": ""weeks: 1"", ""399"": ""weeks: number missing"", ""998"": ""don't know""}"
s471_5,how long after delivery did the first check on baby take place?,byte,S471_5,"{""100"": ""immediately/in first hour"", ""101"": ""hours: 1"", ""199"": ""hours: number missing"", ""201"": ""days: 1"", ""299"": ""days: number missing"", ""301"": ""weeks: 1"", ""399"": ""weeks: number missing"", ""998"": ""don't know""}"
s471_6,how long after delivery did the first check on baby take place?,byte,S471_6,"{""100"": ""immediately/in first hour"", ""101"": ""hours: 1"", ""199"": ""hours: number missing"", ""201"": ""days: 1"", ""299"": ""days: number missing"", ""301"": ""weeks: 1"", ""399"": ""weeks: number missing"", ""998"": ""don't know""}"
s472_1,who checked on baby's health at that time,byte,S472_1,"{""11"": ""doctor"", ""12"": ""anm / nurse / mid-wife / lhv"", ""13"": ""other health personnel"", ""21"": ""asha"", ""22"": ""dai / traditional birth attendant"", ""96"": ""other""}"
s472_2,who checked on baby's health at that time,byte,S472_2,"{""11"": ""doctor"", ""12"": ""anm / nurse / mid-wife / lhv"", ""13"": ""other health personnel"", ""21"": ""asha"", ""22"": ""dai / traditional birth attendant"", ""96"": ""other""}"
s472_3,who checked on baby's health at that time,byte,S472_3,"{""11"": ""doctor"", ""12"": ""anm / nurse / mid-wife / lhv"", ""13"": ""other health personnel"", ""21"": ""asha"", ""22"": ""dai / traditional birth attendant"", ""96"": ""other""}"
s472_4,who checked on baby's health at that time,byte,S472_4,"{""11"": ""doctor"", ""12"": ""anm / nurse / mid-wife / lhv"", ""13"": ""other health personnel"", ""21"": ""asha"", ""22"": ""dai / traditional birth attendant"", ""96"": ""other""}"
s472_5,who checked on baby's health at that time,byte,S472_5,"{""11"": ""doctor"", ""12"": ""anm / nurse / mid-wife / lhv"", ""13"": ""other health personnel"", ""21"": ""asha"", ""22"": ""dai / traditional birth attendant"", ""96"": ""other""}"
s472_6,who checked on baby's health at that time,byte,S472_6,"{""11"": ""doctor"", ""12"": ""anm / nurse / mid-wife / lhv"", ""13"": ""other health personnel"", ""21"": ""asha"", ""22"": ""dai / traditional birth attendant"", ""96"": ""other""}"
s473_1,checkup on respondent after discharge from place of delivery,byte,S473_1,"{""0"": ""no"", ""1"": ""yes""}"
s473_2,checkup on respondent after discharge from place of delivery,byte,S473_2,"{""0"": ""no"", ""1"": ""yes""}"
s473_3,checkup on respondent after discharge from place of delivery,byte,S473_3,"{""0"": ""no"", ""1"": ""yes""}"
s473_4,checkup on respondent after discharge from place of delivery,byte,S473_4,"{""0"": ""no"", ""1"": ""yes""}"
s473_5,checkup on respondent after discharge from place of delivery,byte,S473_5,"{""0"": ""no"", ""1"": ""yes""}"
s473_6,checkup on respondent after discharge from place of delivery,byte,S473_6,"{""0"": ""no"", ""1"": ""yes""}"
s474_1,how long after delivery did the first check take place?,int,S474_1,"{""100"": ""immediately/in first hour"", ""101"": ""hours: 1"", ""199"": ""hours: number missing"", ""201"": ""days: 1"", ""299"": ""days: number missing"", ""301"": ""weeks: 1"", ""399"": ""weeks: number missing"", ""998"": ""don't know""}"
s474_2,how long after delivery did the first check take place?,int,S474_2,"{""100"": ""immediately/in first hour"", ""101"": ""hours: 1"", ""199"": ""hours: number missing"", ""201"": ""days: 1"", ""299"": ""days: number missing"", ""301"": ""weeks: 1"", ""399"": ""weeks: number missing"", ""998"": ""don't know""}"
s474_3,how long after delivery did the first check take place?,int,S474_3,"{""100"": ""immediately/in first hour"", ""101"": ""hours: 1"", ""199"": ""hours: number missing"", ""201"": ""days: 1"", ""299"": ""days: number missing"", ""301"": ""weeks: 1"", ""399"": ""weeks: number missing"", ""998"": ""don't know""}"
s474_4,how long after delivery did the first check take place?,byte,S474_4,"{""100"": ""immediately/in first hour"", ""101"": ""hours: 1"", ""199"": ""hours: number missing"", ""201"": ""days: 1"", ""299"": ""days: number missing"", ""301"": ""weeks: 1"", ""399"": ""weeks: number missing"", ""998"": ""don't know""}"
s474_5,how long after delivery did the first check take place?,byte,S474_5,"{""100"": ""immediately/in first hour"", ""101"": ""hours: 1"", ""199"": ""hours: number missing"", ""201"": ""days: 1"", ""299"": ""days: number missing"", ""301"": ""weeks: 1"", ""399"": ""weeks: number missing"", ""998"": ""don't know""}"
s474_6,how long after delivery did the first check take place?,byte,S474_6,"{""100"": ""immediately/in first hour"", ""101"": ""hours: 1"", ""199"": ""hours: number missing"", ""201"": ""days: 1"", ""299"": ""days: number missing"", ""301"": ""weeks: 1"", ""399"": ""weeks: number missing"", ""998"": ""don't know""}"
s475_1,who checked on respondent's health at that time,byte,S475_1,"{""11"": ""doctor"", ""12"": ""anm / nurse / mid-wife / lhv"", ""13"": ""other health personnel"", ""21"": ""asha"", ""22"": ""dai / traditional birth attendant"", ""96"": ""other""}"
s475_2,who checked on respondent's health at that time,byte,S475_2,"{""11"": ""doctor"", ""12"": ""anm / nurse / mid-wife / lhv"", ""13"": ""other health personnel"", ""21"": ""asha"", ""22"": ""dai / traditional birth attendant"", ""96"": ""other""}"
s475_3,who checked on respondent's health at that time,byte,S475_3,"{""11"": ""doctor"", ""12"": ""anm / nurse / mid-wife / lhv"", ""13"": ""other health personnel"", ""21"": ""asha"", ""22"": ""dai / traditional birth attendant"", ""96"": ""other""}"
s475_4,who checked on respondent's health at that time,byte,S475_4,"{""11"": ""doctor"", ""12"": ""anm / nurse / mid-wife / lhv"", ""13"": ""other health personnel"", ""21"": ""asha"", ""22"": ""dai / traditional birth attendant"", ""96"": ""other""}"
s475_5,who checked on respondent's health at that time,byte,S475_5,"{""11"": ""doctor"", ""12"": ""anm / nurse / mid-wife / lhv"", ""13"": ""other health personnel"", ""21"": ""asha"", ""22"": ""dai / traditional birth attendant"", ""96"": ""other""}"
s475_6,who checked on respondent's health at that time,byte,S475_6,"{""11"": ""doctor"", ""12"": ""anm / nurse / mid-wife / lhv"", ""13"": ""other health personnel"", ""21"": ""asha"", ""22"": ""dai / traditional birth attendant"", ""96"": ""other""}"
s476_1,where did this first check take place?,byte,S476_1,"{""11"": ""your home"", ""12"": ""parent's home"", ""13"": ""other home"", ""21"": ""public: govt. / munic. hospital"", ""22"": ""public: govt. dispensary"", ""23"": ""public: uhc / uhp / ufwc"", ""24"": ""public: chc / rural hospital / block phc"", ""25"": ""public: phc / additional phc"", ""26"": ""public: sub-centre"", ""27"": ""other public sector health facility"", ""31"": ""ngo or trust hospital / clinic"", ""41"": ""private: hospital / maternity home / clinic"", ""42"": ""other private sector health facility"", ""96"": ""other""}"
s476_2,where did this first check take place?,byte,S476_2,"{""11"": ""your home"", ""12"": ""parent's home"", ""13"": ""other home"", ""21"": ""public: govt. / munic. hospital"", ""22"": ""public: govt. dispensary"", ""23"": ""public: uhc / uhp / ufwc"", ""24"": ""public: chc / rural hospital / block phc"", ""25"": ""public: phc / additional phc"", ""26"": ""public: sub-centre"", ""27"": ""other public sector health facility"", ""31"": ""ngo or trust hospital / clinic"", ""41"": ""private: hospital / maternity home / clinic"", ""42"": ""other private sector health facility"", ""96"": ""other""}"
s476_3,where did this first check take place?,byte,S476_3,"{""11"": ""your home"", ""12"": ""parent's home"", ""13"": ""other home"", ""21"": ""public: govt. / munic. hospital"", ""22"": ""public: govt. dispensary"", ""23"": ""public: uhc / uhp / ufwc"", ""24"": ""public: chc / rural hospital / block phc"", ""25"": ""public: phc / additional phc"", ""26"": ""public: sub-centre"", ""27"": ""other public sector health facility"", ""31"": ""ngo or trust hospital / clinic"", ""41"": ""private: hospital / maternity home / clinic"", ""42"": ""other private sector health facility"", ""96"": ""other""}"
s476_4,where did this first check take place?,byte,S476_4,"{""11"": ""your home"", ""12"": ""parent's home"", ""13"": ""other home"", ""21"": ""public: govt. / munic. hospital"", ""22"": ""public: govt. dispensary"", ""23"": ""public: uhc / uhp / ufwc"", ""24"": ""public: chc / rural hospital / block phc"", ""25"": ""public: phc / additional phc"", ""26"": ""public: sub-centre"", ""27"": ""other public sector health facility"", ""31"": ""ngo or trust hospital / clinic"", ""41"": ""private: hospital / maternity home / clinic"", ""42"": ""other private sector health facility"", ""96"": ""other""}"
s476_5,where did this first check take place?,byte,S476_5,"{""11"": ""your home"", ""12"": ""parent's home"", ""13"": ""other home"", ""21"": ""public: govt. / munic. hospital"", ""22"": ""public: govt. dispensary"", ""23"": ""public: uhc / uhp / ufwc"", ""24"": ""public: chc / rural hospital / block phc"", ""25"": ""public: phc / additional phc"", ""26"": ""public: sub-centre"", ""27"": ""other public sector health facility"", ""31"": ""ngo or trust hospital / clinic"", ""41"": ""private: hospital / maternity home / clinic"", ""42"": ""other private sector health facility"", ""96"": ""other""}"
s476_6,where did this first check take place?,byte,S476_6,"{""11"": ""your home"", ""12"": ""parent's home"", ""13"": ""other home"", ""21"": ""public: govt. / munic. hospital"", ""22"": ""public: govt. dispensary"", ""23"": ""public: uhc / uhp / ufwc"", ""24"": ""public: chc / rural hospital / block phc"", ""25"": ""public: phc / additional phc"", ""26"": ""public: sub-centre"", ""27"": ""other public sector health facility"", ""31"": ""ngo or trust hospital / clinic"", ""41"": ""private: hospital / maternity home / clinic"", ""42"": ""other private sector health facility"", ""96"": ""other""}"
s477_1,checkup on baby after discharge from place of delivery,byte,S477_1,"{""0"": ""no"", ""1"": ""yes""}"
s477_2,checkup on baby after discharge from place of delivery,byte,S477_2,"{""0"": ""no"", ""1"": ""yes""}"
s477_3,checkup on baby after discharge from place of delivery,byte,S477_3,"{""0"": ""no"", ""1"": ""yes""}"
s477_4,checkup on baby after discharge from place of delivery,byte,S477_4,"{""0"": ""no"", ""1"": ""yes""}"
s477_5,checkup on baby after discharge from place of delivery,byte,S477_5,"{""0"": ""no"", ""1"": ""yes""}"
s477_6,checkup on baby after discharge from place of delivery,byte,S477_6,"{""0"": ""no"", ""1"": ""yes""}"
s478_1,how long after delivery did the first check on baby take place?,int,S478_1,"{""100"": ""immediately/in first hour"", ""101"": ""hours: 1"", ""199"": ""hours: number missing"", ""201"": ""days: 1"", ""299"": ""days: number missing"", ""301"": ""weeks: 1"", ""399"": ""weeks: number missing"", ""998"": ""don't know""}"
s478_2,how long after delivery did the first check on baby take place?,int,S478_2,"{""100"": ""immediately/in first hour"", ""101"": ""hours: 1"", ""199"": ""hours: number missing"", ""201"": ""days: 1"", ""299"": ""days: number missing"", ""301"": ""weeks: 1"", ""399"": ""weeks: number missing"", ""998"": ""don't know""}"
s478_3,how long after delivery did the first check on baby take place?,int,S478_3,"{""100"": ""immediately/in first hour"", ""101"": ""hours: 1"", ""199"": ""hours: number missing"", ""201"": ""days: 1"", ""299"": ""days: number missing"", ""301"": ""weeks: 1"", ""399"": ""weeks: number missing"", ""998"": ""don't know""}"
s478_4,how long after delivery did the first check on baby take place?,int,S478_4,"{""100"": ""immediately/in first hour"", ""101"": ""hours: 1"", ""199"": ""hours: number missing"", ""201"": ""days: 1"", ""299"": ""days: number missing"", ""301"": ""weeks: 1"", ""399"": ""weeks: number missing"", ""998"": ""don't know""}"
s478_5,how long after delivery did the first check on baby take place?,byte,S478_5,"{""100"": ""immediately/in first hour"", ""101"": ""hours: 1"", ""199"": ""hours: number missing"", ""201"": ""days: 1"", ""299"": ""days: number missing"", ""301"": ""weeks: 1"", ""399"": ""weeks: number missing"", ""998"": ""don't know""}"
s478_6,how long after delivery did the first check on baby take place?,byte,S478_6,"{""100"": ""immediately/in first hour"", ""101"": ""hours: 1"", ""199"": ""hours: number missing"", ""201"": ""days: 1"", ""299"": ""days: number missing"", ""301"": ""weeks: 1"", ""399"": ""weeks: number missing"", ""998"": ""don't know""}"
s479_1,who checked on baby's health at that time,byte,S479_1,"{""11"": ""doctor"", ""12"": ""anm / nurse / mid-wife / lhv"", ""13"": ""other health personnel"", ""21"": ""asha"", ""22"": ""dai / traditional birth attendant"", ""96"": ""other""}"
s479_2,who checked on baby's health at that time,byte,S479_2,"{""11"": ""doctor"", ""12"": ""anm / nurse / mid-wife / lhv"", ""13"": ""other health personnel"", ""21"": ""asha"", ""22"": ""dai / traditional birth attendant"", ""96"": ""other""}"
s479_3,who checked on baby's health at that time,byte,S479_3,"{""11"": ""doctor"", ""12"": ""anm / nurse / mid-wife / lhv"", ""13"": ""other health personnel"", ""21"": ""asha"", ""22"": ""dai / traditional birth attendant"", ""96"": ""other""}"
s479_4,who checked on baby's health at that time,byte,S479_4,"{""11"": ""doctor"", ""12"": ""anm / nurse / mid-wife / lhv"", ""13"": ""other health personnel"", ""21"": ""asha"", ""22"": ""dai / traditional birth attendant"", ""96"": ""other""}"
s479_5,who checked on baby's health at that time,byte,S479_5,"{""11"": ""doctor"", ""12"": ""anm / nurse / mid-wife / lhv"", ""13"": ""other health personnel"", ""21"": ""asha"", ""22"": ""dai / traditional birth attendant"", ""96"": ""other""}"
s479_6,who checked on baby's health at that time,byte,S479_6,"{""11"": ""doctor"", ""12"": ""anm / nurse / mid-wife / lhv"", ""13"": ""other health personnel"", ""21"": ""asha"", ""22"": ""dai / traditional birth attendant"", ""96"": ""other""}"
s480_1,where did this first check take place?,byte,S480_1,"{""11"": ""your home"", ""12"": ""parent's home"", ""13"": ""other home"", ""21"": ""public: govt. / munic. hospital"", ""22"": ""public: govt. dispensary"", ""23"": ""public: uhc / uhp / ufwc"", ""24"": ""public: chc / rural hospital / block phc"", ""25"": ""public: phc / additional phc"", ""26"": ""public: sub-centre"", ""27"": ""other public sector health facility"", ""31"": ""ngo or trust hospital / clinic"", ""41"": ""private: hospital / maternity home / clinic"", ""42"": ""other private sector health facility"", ""96"": ""other""}"
s480_2,where did this first check take place?,byte,S480_2,"{""11"": ""your home"", ""12"": ""parent's home"", ""13"": ""other home"", ""21"": ""public: govt. / munic. hospital"", ""22"": ""public: govt. dispensary"", ""23"": ""public: uhc / uhp / ufwc"", ""24"": ""public: chc / rural hospital / block phc"", ""25"": ""public: phc / additional phc"", ""26"": ""public: sub-centre"", ""27"": ""other public sector health facility"", ""31"": ""ngo or trust hospital / clinic"", ""41"": ""private: hospital / maternity home / clinic"", ""42"": ""other private sector health facility"", ""96"": ""other""}"
s480_3,where did this first check take place?,byte,S480_3,"{""11"": ""your home"", ""12"": ""parent's home"", ""13"": ""other home"", ""21"": ""public: govt. / munic. hospital"", ""22"": ""public: govt. dispensary"", ""23"": ""public: uhc / uhp / ufwc"", ""24"": ""public: chc / rural hospital / block phc"", ""25"": ""public: phc / additional phc"", ""26"": ""public: sub-centre"", ""27"": ""other public sector health facility"", ""31"": ""ngo or trust hospital / clinic"", ""41"": ""private: hospital / maternity home / clinic"", ""42"": ""other private sector health facility"", ""96"": ""other""}"
s480_4,where did this first check take place?,byte,S480_4,"{""11"": ""your home"", ""12"": ""parent's home"", ""13"": ""other home"", ""21"": ""public: govt. / munic. hospital"", ""22"": ""public: govt. dispensary"", ""23"": ""public: uhc / uhp / ufwc"", ""24"": ""public: chc / rural hospital / block phc"", ""25"": ""public: phc / additional phc"", ""26"": ""public: sub-centre"", ""27"": ""other public sector health facility"", ""31"": ""ngo or trust hospital / clinic"", ""41"": ""private: hospital / maternity home / clinic"", ""42"": ""other private sector health facility"", ""96"": ""other""}"
s480_5,where did this first check take place?,byte,S480_5,"{""11"": ""your home"", ""12"": ""parent's home"", ""13"": ""other home"", ""21"": ""public: govt. / munic. hospital"", ""22"": ""public: govt. dispensary"", ""23"": ""public: uhc / uhp / ufwc"", ""24"": ""public: chc / rural hospital / block phc"", ""25"": ""public: phc / additional phc"", ""26"": ""public: sub-centre"", ""27"": ""other public sector health facility"", ""31"": ""ngo or trust hospital / clinic"", ""41"": ""private: hospital / maternity home / clinic"", ""42"": ""other private sector health facility"", ""96"": ""other""}"
s480_6,where did this first check take place?,byte,S480_6,"{""11"": ""your home"", ""12"": ""parent's home"", ""13"": ""other home"", ""21"": ""public: govt. / munic. hospital"", ""22"": ""public: govt. dispensary"", ""23"": ""public: uhc / uhp / ufwc"", ""24"": ""public: chc / rural hospital / block phc"", ""25"": ""public: phc / additional phc"", ""26"": ""public: sub-centre"", ""27"": ""other public sector health facility"", ""31"": ""ngo or trust hospital / clinic"", ""41"": ""private: hospital / maternity home / clinic"", ""42"": ""other private sector health facility"", ""96"": ""other""}"
s481_1,checkup on respondent in two months after discharge from place of delivery,byte,S481_1,"{""0"": ""no"", ""1"": ""yes""}"
s481_2,checkup on respondent in two months after discharge from place of delivery,byte,S481_2,"{""0"": ""no"", ""1"": ""yes""}"
s481_3,checkup on respondent in two months after discharge from place of delivery,byte,S481_3,"{""0"": ""no"", ""1"": ""yes""}"
s481_4,checkup on respondent in two months after discharge from place of delivery,byte,S481_4,"{""0"": ""no"", ""1"": ""yes""}"
s481_5,checkup on respondent in two months after discharge from place of delivery,byte,S481_5,"{""0"": ""no"", ""1"": ""yes""}"
s481_6,checkup on respondent in two months after discharge from place of delivery,byte,S481_6,"{""0"": ""no"", ""1"": ""yes""}"
s483a_1,disposable delivery kit used,byte,S483A_1,"{""0"": ""no"", ""1"": ""yes"", ""8"": ""don't know""}"
s483a_2,disposable delivery kit used,byte,S483A_2,"{""0"": ""no"", ""1"": ""yes"", ""8"": ""don't know""}"
s483a_3,disposable delivery kit used,byte,S483A_3,"{""0"": ""no"", ""1"": ""yes"", ""8"": ""don't know""}"
s483a_4,disposable delivery kit used,byte,S483A_4,"{""0"": ""no"", ""1"": ""yes"", ""8"": ""don't know""}"
s483a_5,disposable delivery kit used,byte,S483A_5,"{""0"": ""no"", ""1"": ""yes"", ""8"": ""don't know""}"
s483a_6,disposable delivery kit used,byte,S483A_6,"{""0"": ""no"", ""1"": ""yes"", ""8"": ""don't know""}"
s483b_1,baby immediately wiped dry and wrapped without being bathed,byte,S483B_1,"{""0"": ""no"", ""1"": ""yes"", ""8"": ""don't know""}"
s483b_2,baby immediately wiped dry and wrapped without being bathed,byte,S483B_2,"{""0"": ""no"", ""1"": ""yes"", ""8"": ""don't know""}"
s483b_3,baby immediately wiped dry and wrapped without being bathed,byte,S483B_3,"{""0"": ""no"", ""1"": ""yes"", ""8"": ""don't know""}"
s483b_4,baby immediately wiped dry and wrapped without being bathed,byte,S483B_4,"{""0"": ""no"", ""1"": ""yes"", ""8"": ""don't know""}"
s483b_5,baby immediately wiped dry and wrapped without being bathed,byte,S483B_5,"{""0"": ""no"", ""1"": ""yes"", ""8"": ""don't know""}"
s483b_6,baby immediately wiped dry and wrapped without being bathed,byte,S483B_6,"{""0"": ""no"", ""1"": ""yes"", ""8"": ""don't know""}"
s483c_1,clean blade used to cut cord,byte,S483C_1,"{""0"": ""no"", ""1"": ""yes"", ""8"": ""don't know""}"
s483c_2,clean blade used to cut cord,byte,S483C_2,"{""0"": ""no"", ""1"": ""yes"", ""8"": ""don't know""}"
s483c_3,clean blade used to cut cord,byte,S483C_3,"{""0"": ""no"", ""1"": ""yes"", ""8"": ""don't know""}"
s483c_4,clean blade used to cut cord,byte,S483C_4,"{""0"": ""no"", ""1"": ""yes"", ""8"": ""don't know""}"
s483c_5,clean blade used to cut cord,byte,S483C_5,"{""0"": ""no"", ""1"": ""yes"", ""8"": ""don't know""}"
s483c_6,clean blade used to cut cord,byte,S483C_6,"{""0"": ""no"", ""1"": ""yes"", ""8"": ""don't know""}"
s486_1,how many checkups were done in the first 10 days after delivery?,byte,S486_1,"{""0"": ""none"", ""7"": ""7 or more check-ups"", ""8"": ""don't know""}"
s486_2,how many checkups were done in the first 10 days after delivery?,byte,S486_2,"{""0"": ""none"", ""7"": ""7 or more check-ups"", ""8"": ""don't know""}"
s486_3,how many checkups were done in the first 10 days after delivery?,byte,S486_3,"{""0"": ""none"", ""7"": ""7 or more check-ups"", ""8"": ""don't know""}"
s486_4,how many checkups were done in the first 10 days after delivery?,byte,S486_4,"{""0"": ""none"", ""7"": ""7 or more check-ups"", ""8"": ""don't know""}"
s486_5,how many checkups were done in the first 10 days after delivery?,byte,S486_5,"{""0"": ""none"", ""7"": ""7 or more check-ups"", ""8"": ""don't know""}"
s486_6,how many checkups were done in the first 10 days after delivery?,byte,S486_6,"{""0"": ""none"", ""7"": ""7 or more check-ups"", ""8"": ""don't know""}"
s493a_1,"in the first two months after delivery, did you have:massive vaginal bleeding?",byte,S493A_1,"{""0"": ""no"", ""1"": ""yes""}"
s493a_2,"in the first two months after delivery, did you have:massive vaginal bleeding?",byte,S493A_2,"{""0"": ""no"", ""1"": ""yes""}"
s493a_3,"in the first two months after delivery, did you have:massive vaginal bleeding?",byte,S493A_3,"{""0"": ""no"", ""1"": ""yes""}"
s493a_4,"in the first two months after delivery, did you have:massive vaginal bleeding?",byte,S493A_4,"{""0"": ""no"", ""1"": ""yes""}"
s493a_5,"in the first two months after delivery, did you have:massive vaginal bleeding?",byte,S493A_5,"{""0"": ""no"", ""1"": ""yes""}"
s493a_6,"in the first two months after delivery, did you have:massive vaginal bleeding?",byte,S493A_6,"{""0"": ""no"", ""1"": ""yes""}"
s493b_1,"in the first two months after delivery, did you have: very high fever?",byte,S493B_1,"{""0"": ""no"", ""1"": ""yes""}"
s493b_2,"in the first two months after delivery, did you have: very high fever?",byte,S493B_2,"{""0"": ""no"", ""1"": ""yes""}"
s493b_3,"in the first two months after delivery, did you have: very high fever?",byte,S493B_3,"{""0"": ""no"", ""1"": ""yes""}"
s493b_4,"in the first two months after delivery, did you have: very high fever?",byte,S493B_4,"{""0"": ""no"", ""1"": ""yes""}"
s493b_5,"in the first two months after delivery, did you have: very high fever?",byte,S493B_5,"{""0"": ""no"", ""1"": ""yes""}"
s493b_6,"in the first two months after delivery, did you have: very high fever?",byte,S493B_6,"{""0"": ""no"", ""1"": ""yes""}"
s494a_1,during first two days healthcare provider examined the cord,byte,S494A_1,"{""0"": ""no"", ""1"": ""yes""}"
s494a_2,during first two days healthcare provider examined the cord,byte,S494A_2,"{""0"": ""no"", ""1"": ""yes""}"
s494a_3,during first two days healthcare provider examined the cord,byte,S494A_3,"{""0"": ""no"", ""1"": ""yes""}"
s494a_4,during first two days healthcare provider examined the cord,byte,S494A_4,"{""0"": ""no"", ""1"": ""yes""}"
s494a_5,during first two days healthcare provider examined the cord,byte,S494A_5,"{""0"": ""no"", ""1"": ""yes""}"
s494a_6,during first two days healthcare provider examined the cord,byte,S494A_6,"{""0"": ""no"", ""1"": ""yes""}"
s494b_1,during first two days healthcare provider measured temperature,byte,S494B_1,"{""0"": ""no"", ""1"": ""yes""}"
s494b_2,during first two days healthcare provider measured temperature,byte,S494B_2,"{""0"": ""no"", ""1"": ""yes""}"
s494b_3,during first two days healthcare provider measured temperature,byte,S494B_3,"{""0"": ""no"", ""1"": ""yes""}"
s494b_4,during first two days healthcare provider measured temperature,byte,S494B_4,"{""0"": ""no"", ""1"": ""yes""}"
s494b_5,during first two days healthcare provider measured temperature,byte,S494B_5,"{""0"": ""no"", ""1"": ""yes""}"
s494b_6,during first two days healthcare provider measured temperature,byte,S494B_6,"{""0"": ""no"", ""1"": ""yes""}"
s494c_1,during first two days healthcare provider counseled on danger signs for newborns,byte,S494C_1,"{""0"": ""no"", ""1"": ""yes""}"
s494c_2,during first two days healthcare provider counseled on danger signs for newborns,byte,S494C_2,"{""0"": ""no"", ""1"": ""yes""}"
s494c_3,during first two days healthcare provider counseled on danger signs for newborns,byte,S494C_3,"{""0"": ""no"", ""1"": ""yes""}"
s494c_4,during first two days healthcare provider counseled on danger signs for newborns,byte,S494C_4,"{""0"": ""no"", ""1"": ""yes""}"
s494c_5,during first two days healthcare provider counseled on danger signs for newborns,byte,S494C_5,"{""0"": ""no"", ""1"": ""yes""}"
s494c_6,during first two days healthcare provider counseled on danger signs for newborns,byte,S494C_6,"{""0"": ""no"", ""1"": ""yes""}"
s494d_1,during first two days healthcare provider counseled on breastfeeding,byte,S494D_1,"{""0"": ""no"", ""1"": ""yes""}"
s494d_2,during first two days healthcare provider counseled on breastfeeding,byte,S494D_2,"{""0"": ""no"", ""1"": ""yes""}"
s494d_3,during first two days healthcare provider counseled on breastfeeding,byte,S494D_3,"{""0"": ""no"", ""1"": ""yes""}"
s494d_4,during first two days healthcare provider counseled on breastfeeding,byte,S494D_4,"{""0"": ""no"", ""1"": ""yes""}"
s494d_5,during first two days healthcare provider counseled on breastfeeding,byte,S494D_5,"{""0"": ""no"", ""1"": ""yes""}"
s494d_6,during first two days healthcare provider counseled on breastfeeding,byte,S494D_6,"{""0"": ""no"", ""1"": ""yes""}"
s494e_1,during first two days healthcare provider observed breastfeeding,byte,S494E_1,"{""0"": ""no"", ""1"": ""yes""}"
s494e_2,during first two days healthcare provider observed breastfeeding,byte,S494E_2,"{""0"": ""no"", ""1"": ""yes""}"
s494e_3,during first two days healthcare provider observed breastfeeding,byte,S494E_3,"{""0"": ""no"", ""1"": ""yes""}"
s494e_4,during first two days healthcare provider observed breastfeeding,byte,S494E_4,"{""0"": ""no"", ""1"": ""yes""}"
s494e_5,during first two days healthcare provider observed breastfeeding,byte,S494E_5,"{""0"": ""no"", ""1"": ""yes""}"
s494e_6,during first two days healthcare provider observed breastfeeding,byte,S494E_6,"{""0"": ""no"", ""1"": ""yes""}"
s513s_1,number of mmr vaccines,byte,S513S_1,"{""7"": ""7+""}"
s513s_2,number of mmr vaccines,byte,S513S_2,"{""7"": ""7+""}"
s513s_3,number of mmr vaccines,byte,S513S_3,"{""7"": ""7+""}"
s513s_4,number of mmr vaccines,byte,S513S_4,"{""7"": ""7+""}"
s513t_1,dpt1 booster vaccination,byte,S513T_1,"{""0"": ""no"", ""1"": ""yes"", ""8"": ""don't know""}"
s513t_2,dpt1 booster vaccination,byte,S513T_2,"{""0"": ""no"", ""1"": ""yes"", ""8"": ""don't know""}"
s513t_3,dpt1 booster vaccination,byte,S513T_3,"{""0"": ""no"", ""1"": ""yes"", ""8"": ""don't know""}"
s513t_4,dpt1 booster vaccination,byte,S513T_4,"{""0"": ""no"", ""1"": ""yes"", ""8"": ""don't know""}"
s515_1,where receive most of his/her vaccinations?,byte,S515_1,"{""11"": ""public: govt. / municipal hospital"", ""12"": ""public ayush"", ""19"": ""public: govt. dispensary"", ""20"": ""public: uhc / uhp / ufwc"", ""21"": ""public: chc / rural hospital / block phc"", ""22"": ""public: phc / additional phc"", ""23"": ""public: sub-centre / anm"", ""24"": ""public: govt. mobile clinic"", ""25"": ""public: camp"", ""26"": ""public: anganwadi / icds centre"", ""27"": ""public: pulse polio"", ""28"": ""other public sector health facility"", ""31"": ""ngo or trust hospital / clinic"", ""41"": ""private: hospital"", ""42"": ""private: doctor / clinic"", ""43"": ""private: paramedic"", ""44"": ""private ayush"", ""51"": ""private: pharmacy / drugstore"", ""52"": ""other private health faility"", ""96"": ""other""}"
s515_2,where receive most of his/her vaccinations?,byte,S515_2,"{""11"": ""public: govt. / municipal hospital"", ""12"": ""public ayush"", ""19"": ""public: govt. dispensary"", ""20"": ""public: uhc / uhp / ufwc"", ""21"": ""public: chc / rural hospital / block phc"", ""22"": ""public: phc / additional phc"", ""23"": ""public: sub-centre / anm"", ""24"": ""public: govt. mobile clinic"", ""25"": ""public: camp"", ""26"": ""public: anganwadi / icds centre"", ""27"": ""public: pulse polio"", ""28"": ""other public sector health facility"", ""31"": ""ngo or trust hospital / clinic"", ""41"": ""private: hospital"", ""42"": ""private: doctor / clinic"", ""43"": ""private: paramedic"", ""44"": ""private ayush"", ""51"": ""private: pharmacy / drugstore"", ""52"": ""other private health faility"", ""96"": ""other""}"
s515_3,where receive most of his/her vaccinations?,byte,S515_3,"{""11"": ""public: govt. / municipal hospital"", ""12"": ""public ayush"", ""19"": ""public: govt. dispensary"", ""20"": ""public: uhc / uhp / ufwc"", ""21"": ""public: chc / rural hospital / block phc"", ""22"": ""public: phc / additional phc"", ""23"": ""public: sub-centre / anm"", ""24"": ""public: govt. mobile clinic"", ""25"": ""public: camp"", ""26"": ""public: anganwadi / icds centre"", ""27"": ""public: pulse polio"", ""28"": ""other public sector health facility"", ""31"": ""ngo or trust hospital / clinic"", ""41"": ""private: hospital"", ""42"": ""private: doctor / clinic"", ""43"": ""private: paramedic"", ""44"": ""private ayush"", ""51"": ""private: pharmacy / drugstore"", ""52"": ""other private health faility"", ""96"": ""other""}"
s515_4,where receive most of his/her vaccinations?,byte,S515_4,"{""11"": ""public: govt. / municipal hospital"", ""12"": ""public ayush"", ""19"": ""public: govt. dispensary"", ""20"": ""public: uhc / uhp / ufwc"", ""21"": ""public: chc / rural hospital / block phc"", ""22"": ""public: phc / additional phc"", ""23"": ""public: sub-centre / anm"", ""24"": ""public: govt. mobile clinic"", ""25"": ""public: camp"", ""26"": ""public: anganwadi / icds centre"", ""27"": ""public: pulse polio"", ""28"": ""other public sector health facility"", ""31"": ""ngo or trust hospital / clinic"", ""41"": ""private: hospital"", ""42"": ""private: doctor / clinic"", ""43"": ""private: paramedic"", ""44"": ""private ayush"", ""51"": ""private: pharmacy / drugstore"", ""52"": ""other private health faility"", ""96"": ""other""}"
s515a_1,where receive most of his/her vaccinations? public ayush,byte,S515A_1,"{""12"": ""public ayush: ayurveda"", ""13"": ""public ayush: yoga and naturopathy"", ""14"": ""publc ayush: unani"", ""15"": ""public ayush: siddha"", ""16"": ""public ayush: homeopathy"", ""17"": ""public ayush: sowa rigpa (ttm)"", ""18"": ""public ayush: other""}"
s515a_2,where receive most of his/her vaccinations? public ayush,byte,S515A_2,"{""12"": ""public ayush: ayurveda"", ""13"": ""public ayush: yoga and naturopathy"", ""14"": ""publc ayush: unani"", ""15"": ""public ayush: siddha"", ""16"": ""public ayush: homeopathy"", ""17"": ""public ayush: sowa rigpa (ttm)"", ""18"": ""public ayush: other""}"
s515a_3,where receive most of his/her vaccinations? public ayush,byte,S515A_3,"{""12"": ""public ayush: ayurveda"", ""13"": ""public ayush: yoga and naturopathy"", ""14"": ""publc ayush: unani"", ""15"": ""public ayush: siddha"", ""16"": ""public ayush: homeopathy"", ""17"": ""public ayush: sowa rigpa (ttm)"", ""18"": ""public ayush: other""}"
s515a_4,where receive most of his/her vaccinations? public ayush,byte,S515A_4,"{""12"": ""public ayush: ayurveda"", ""13"": ""public ayush: yoga and naturopathy"", ""14"": ""publc ayush: unani"", ""15"": ""public ayush: siddha"", ""16"": ""public ayush: homeopathy"", ""17"": ""public ayush: sowa rigpa (ttm)"", ""18"": ""public ayush: other""}"
s515b_1,where receive most of his/her vaccinations? private ayush,byte,S515B_1,"{""44"": ""private ayush: ayurveda"", ""45"": ""private ayush: yoga and naturopathy"", ""46"": ""private ayush: unani"", ""47"": ""private ayush: siddha"", ""48"": ""private ayush: homeopathy"", ""49"": ""private ayush: sowa rigpa (ttm)"", ""50"": ""private ayush: other""}"
s515b_2,where receive most of his/her vaccinations? private ayush,byte,S515B_2,"{""44"": ""private ayush: ayurveda"", ""45"": ""private ayush: yoga and naturopathy"", ""46"": ""private ayush: unani"", ""47"": ""private ayush: siddha"", ""48"": ""private ayush: homeopathy"", ""49"": ""private ayush: sowa rigpa (ttm)"", ""50"": ""private ayush: other""}"
s515b_3,where receive most of his/her vaccinations? private ayush,byte,S515B_3,"{""44"": ""private ayush: ayurveda"", ""45"": ""private ayush: yoga and naturopathy"", ""46"": ""private ayush: unani"", ""47"": ""private ayush: siddha"", ""48"": ""private ayush: homeopathy"", ""49"": ""private ayush: sowa rigpa (ttm)"", ""50"": ""private ayush: other""}"
s515b_4,where receive most of his/her vaccinations? private ayush,byte,S515B_4,"{""44"": ""private ayush: ayurveda"", ""45"": ""private ayush: yoga and naturopathy"", ""46"": ""private ayush: unani"", ""47"": ""private ayush: siddha"", ""48"": ""private ayush: homeopathy"", ""49"": ""private ayush: sowa rigpa (ttm)"", ""50"": ""private ayush: other""}"
s521aa_1,diarrhea: public ayush: ayurveda,byte,S521AA_1,"{""0"": ""no"", ""1"": ""yes""}"
s521aa_2,diarrhea: public ayush: ayurveda,byte,S521AA_2,"{""0"": ""no"", ""1"": ""yes""}"
s521aa_3,diarrhea: public ayush: ayurveda,byte,S521AA_3,"{""0"": ""no"", ""1"": ""yes""}"
s521aa_4,diarrhea: public ayush: ayurveda,byte,S521AA_4,"{""0"": ""no"", ""1"": ""yes""}"
s521aa_5,diarrhea: public ayush: ayurveda,byte,S521AA_5,"{""0"": ""no"", ""1"": ""yes""}"
s521aa_6,diarrhea: public ayush: ayurveda,byte,S521AA_6,"{""0"": ""no"", ""1"": ""yes""}"
s521ab_1,diarrhea: public ayush: yoga and naturopathy,byte,S521AB_1,"{""0"": ""no"", ""1"": ""yes""}"
s521ab_2,diarrhea: public ayush: yoga and naturopathy,byte,S521AB_2,"{""0"": ""no"", ""1"": ""yes""}"
s521ab_3,diarrhea: public ayush: yoga and naturopathy,byte,S521AB_3,"{""0"": ""no"", ""1"": ""yes""}"
s521ab_4,diarrhea: public ayush: yoga and naturopathy,byte,S521AB_4,"{""0"": ""no"", ""1"": ""yes""}"
s521ab_5,diarrhea: public ayush: yoga and naturopathy,byte,S521AB_5,"{""0"": ""no"", ""1"": ""yes""}"
s521ab_6,diarrhea: public ayush: yoga and naturopathy,byte,S521AB_6,"{""0"": ""no"", ""1"": ""yes""}"
s521ac_1,diarrhea: public ayush: unani,byte,S521AC_1,"{""0"": ""no"", ""1"": ""yes""}"
s521ac_2,diarrhea: public ayush: unani,byte,S521AC_2,"{""0"": ""no"", ""1"": ""yes""}"
s521ac_3,diarrhea: public ayush: unani,byte,S521AC_3,"{""0"": ""no"", ""1"": ""yes""}"
s521ac_4,diarrhea: public ayush: unani,byte,S521AC_4,"{""0"": ""no"", ""1"": ""yes""}"
s521ac_5,diarrhea: public ayush: unani,byte,S521AC_5,"{""0"": ""no"", ""1"": ""yes""}"
s521ac_6,diarrhea: public ayush: unani,byte,S521AC_6,"{""0"": ""no"", ""1"": ""yes""}"
s521ad_1,diarrhea: public ayush: siddha,byte,S521AD_1,"{""0"": ""no"", ""1"": ""yes""}"
s521ad_2,diarrhea: public ayush: siddha,byte,S521AD_2,"{""0"": ""no"", ""1"": ""yes""}"
s521ad_3,diarrhea: public ayush: siddha,byte,S521AD_3,"{""0"": ""no"", ""1"": ""yes""}"
s521ad_4,diarrhea: public ayush: siddha,byte,S521AD_4,"{""0"": ""no"", ""1"": ""yes""}"
s521ad_5,diarrhea: public ayush: siddha,byte,S521AD_5,"{""0"": ""no"", ""1"": ""yes""}"
s521ad_6,diarrhea: public ayush: siddha,byte,S521AD_6,"{""0"": ""no"", ""1"": ""yes""}"
s521ae_1,diarrhea: public ayush: homeopathy,byte,S521AE_1,"{""0"": ""no"", ""1"": ""yes""}"
s521ae_2,diarrhea: public ayush: homeopathy,byte,S521AE_2,"{""0"": ""no"", ""1"": ""yes""}"
s521ae_3,diarrhea: public ayush: homeopathy,byte,S521AE_3,"{""0"": ""no"", ""1"": ""yes""}"
s521ae_4,diarrhea: public ayush: homeopathy,byte,S521AE_4,"{""0"": ""no"", ""1"": ""yes""}"
s521ae_5,diarrhea: public ayush: homeopathy,byte,S521AE_5,"{""0"": ""no"", ""1"": ""yes""}"
s521ae_6,diarrhea: public ayush: homeopathy,byte,S521AE_6,"{""0"": ""no"", ""1"": ""yes""}"
s521af_1,diarrhea: public ayush: sowa rigpa (ttm),byte,S521AF_1,"{""0"": ""no"", ""1"": ""yes""}"
s521af_2,diarrhea: public ayush: sowa rigpa (ttm),byte,S521AF_2,"{""0"": ""no"", ""1"": ""yes""}"
s521af_3,diarrhea: public ayush: sowa rigpa (ttm),byte,S521AF_3,"{""0"": ""no"", ""1"": ""yes""}"
s521af_4,diarrhea: public ayush: sowa rigpa (ttm),byte,S521AF_4,"{""0"": ""no"", ""1"": ""yes""}"
s521af_5,diarrhea: public ayush: sowa rigpa (ttm),byte,S521AF_5,"{""0"": ""no"", ""1"": ""yes""}"
s521af_6,diarrhea: public ayush: sowa rigpa (ttm),byte,S521AF_6,"{""0"": ""no"", ""1"": ""yes""}"
s521ag_1,diarrhea: public ayush: other,byte,S521AG_1,"{""0"": ""no"", ""1"": ""yes""}"
s521ag_2,diarrhea: public ayush: other,byte,S521AG_2,"{""0"": ""no"", ""1"": ""yes""}"
s521ag_3,diarrhea: public ayush: other,byte,S521AG_3,"{""0"": ""no"", ""1"": ""yes""}"
s521ag_4,diarrhea: public ayush: other,byte,S521AG_4,"{""0"": ""no"", ""1"": ""yes""}"
s521ag_5,diarrhea: public ayush: other,byte,S521AG_5,"{""0"": ""no"", ""1"": ""yes""}"
s521ag_6,diarrhea: public ayush: other,byte,S521AG_6,"{""0"": ""no"", ""1"": ""yes""}"
s521ba_1,diarrhea: private ayush: ayurveda,byte,S521BA_1,"{""0"": ""no"", ""1"": ""yes""}"
s521ba_2,diarrhea: private ayush: ayurveda,byte,S521BA_2,"{""0"": ""no"", ""1"": ""yes""}"
s521ba_3,diarrhea: private ayush: ayurveda,byte,S521BA_3,"{""0"": ""no"", ""1"": ""yes""}"
s521ba_4,diarrhea: private ayush: ayurveda,byte,S521BA_4,"{""0"": ""no"", ""1"": ""yes""}"
s521ba_5,diarrhea: private ayush: ayurveda,byte,S521BA_5,"{""0"": ""no"", ""1"": ""yes""}"
s521ba_6,diarrhea: private ayush: ayurveda,byte,S521BA_6,"{""0"": ""no"", ""1"": ""yes""}"
s521bb_1,diarrhea: private ayush: yoga and naturopathy,byte,S521BB_1,"{""0"": ""no"", ""1"": ""yes""}"
s521bb_2,diarrhea: private ayush: yoga and naturopathy,byte,S521BB_2,"{""0"": ""no"", ""1"": ""yes""}"
s521bb_3,diarrhea: private ayush: yoga and naturopathy,byte,S521BB_3,"{""0"": ""no"", ""1"": ""yes""}"
s521bb_4,diarrhea: private ayush: yoga and naturopathy,byte,S521BB_4,"{""0"": ""no"", ""1"": ""yes""}"
s521bb_5,diarrhea: private ayush: yoga and naturopathy,byte,S521BB_5,"{""0"": ""no"", ""1"": ""yes""}"
s521bb_6,diarrhea: private ayush: yoga and naturopathy,byte,S521BB_6,"{""0"": ""no"", ""1"": ""yes""}"
s521bc_1,diarrhea: private ayush: unani,byte,S521BC_1,"{""0"": ""no"", ""1"": ""yes""}"
s521bc_2,diarrhea: private ayush: unani,byte,S521BC_2,"{""0"": ""no"", ""1"": ""yes""}"
s521bc_3,diarrhea: private ayush: unani,byte,S521BC_3,"{""0"": ""no"", ""1"": ""yes""}"
s521bc_4,diarrhea: private ayush: unani,byte,S521BC_4,"{""0"": ""no"", ""1"": ""yes""}"
s521bc_5,diarrhea: private ayush: unani,byte,S521BC_5,"{""0"": ""no"", ""1"": ""yes""}"
s521bc_6,diarrhea: private ayush: unani,byte,S521BC_6,"{""0"": ""no"", ""1"": ""yes""}"
s521bd_1,diarrhea: private ayush: siddha,byte,S521BD_1,"{""0"": ""no"", ""1"": ""yes""}"
s521bd_2,diarrhea: private ayush: siddha,byte,S521BD_2,"{""0"": ""no"", ""1"": ""yes""}"
s521bd_3,diarrhea: private ayush: siddha,byte,S521BD_3,"{""0"": ""no"", ""1"": ""yes""}"
s521bd_4,diarrhea: private ayush: siddha,byte,S521BD_4,"{""0"": ""no"", ""1"": ""yes""}"
s521bd_5,diarrhea: private ayush: siddha,byte,S521BD_5,"{""0"": ""no"", ""1"": ""yes""}"
s521bd_6,diarrhea: private ayush: siddha,byte,S521BD_6,"{""0"": ""no"", ""1"": ""yes""}"
s521be_1,diarrhea: private ayush: homeopathy,byte,S521BE_1,"{""0"": ""no"", ""1"": ""yes""}"
s521be_2,diarrhea: private ayush: homeopathy,byte,S521BE_2,"{""0"": ""no"", ""1"": ""yes""}"
s521be_3,diarrhea: private ayush: homeopathy,byte,S521BE_3,"{""0"": ""no"", ""1"": ""yes""}"
s521be_4,diarrhea: private ayush: homeopathy,byte,S521BE_4,"{""0"": ""no"", ""1"": ""yes""}"
s521be_5,diarrhea: private ayush: homeopathy,byte,S521BE_5,"{""0"": ""no"", ""1"": ""yes""}"
s521be_6,diarrhea: private ayush: homeopathy,byte,S521BE_6,"{""0"": ""no"", ""1"": ""yes""}"
s521bf_1,diarrhea: private ayush: sowa rigpa (ttm),byte,S521BF_1,"{""0"": ""no"", ""1"": ""yes""}"
s521bf_2,diarrhea: private ayush: sowa rigpa (ttm),byte,S521BF_2,"{""0"": ""no"", ""1"": ""yes""}"
s521bf_3,diarrhea: private ayush: sowa rigpa (ttm),byte,S521BF_3,"{""0"": ""no"", ""1"": ""yes""}"
s521bf_4,diarrhea: private ayush: sowa rigpa (ttm),byte,S521BF_4,"{""0"": ""no"", ""1"": ""yes""}"
s521bf_5,diarrhea: private ayush: sowa rigpa (ttm),byte,S521BF_5,"{""0"": ""no"", ""1"": ""yes""}"
s521bf_6,diarrhea: private ayush: sowa rigpa (ttm),byte,S521BF_6,"{""0"": ""no"", ""1"": ""yes""}"
s521bg_1,diarrhea: private ayush: other,byte,S521BG_1,"{""0"": ""no"", ""1"": ""yes""}"
s521bg_2,diarrhea: private ayush: other,byte,S521BG_2,"{""0"": ""no"", ""1"": ""yes""}"
s521bg_3,diarrhea: private ayush: other,byte,S521BG_3,"{""0"": ""no"", ""1"": ""yes""}"
s521bg_4,diarrhea: private ayush: other,byte,S521BG_4,"{""0"": ""no"", ""1"": ""yes""}"
s521bg_5,diarrhea: private ayush: other,byte,S521BG_5,"{""0"": ""no"", ""1"": ""yes""}"
s521bg_6,diarrhea: private ayush: other,byte,S521BG_6,"{""0"": ""no"", ""1"": ""yes""}"
s521k_1,diarrhea: public asha,byte,S521K_1,"{""0"": ""no"", ""1"": ""yes""}"
s521k_2,diarrhea: public asha,byte,S521K_2,"{""0"": ""no"", ""1"": ""yes""}"
s521k_3,diarrhea: public asha,byte,S521K_3,"{""0"": ""no"", ""1"": ""yes""}"
s521k_4,diarrhea: public asha,byte,S521K_4,"{""0"": ""no"", ""1"": ""yes""}"
s521k_5,diarrhea: public asha,byte,S521K_5,"{""0"": ""no"", ""1"": ""yes""}"
s521k_6,diarrhea: public asha,byte,S521K_6,"{""0"": ""no"", ""1"": ""yes""}"
s523a_1,first advice or treatment for diarrhoea (public ayush),byte,S523A_1,"{""1"": ""public ayush: ayurveda"", ""2"": ""public ayush: yoga and naturopathy"", ""3"": ""public ayush: unani"", ""4"": ""public ayush: siddha"", ""5"": ""public ayush: homeopathy"", ""6"": ""public ayush: sowa rigpa (ttm)"", ""7"": ""public ayush: other""}"
s523a_2,first advice or treatment for diarrhoea (public ayush),byte,S523A_2,"{""1"": ""public ayush: ayurveda"", ""2"": ""public ayush: yoga and naturopathy"", ""3"": ""public ayush: unani"", ""4"": ""public ayush: siddha"", ""5"": ""public ayush: homeopathy"", ""6"": ""public ayush: sowa rigpa (ttm)"", ""7"": ""public ayush: other""}"
s523a_3,first advice or treatment for diarrhoea (public ayush),byte,S523A_3,"{""1"": ""public ayush: ayurveda"", ""2"": ""public ayush: yoga and naturopathy"", ""3"": ""public ayush: unani"", ""4"": ""public ayush: siddha"", ""5"": ""public ayush: homeopathy"", ""6"": ""public ayush: sowa rigpa (ttm)"", ""7"": ""public ayush: other""}"
s523a_4,first advice or treatment for diarrhoea (public ayush),byte,S523A_4,"{""1"": ""public ayush: ayurveda"", ""2"": ""public ayush: yoga and naturopathy"", ""3"": ""public ayush: unani"", ""4"": ""public ayush: siddha"", ""5"": ""public ayush: homeopathy"", ""6"": ""public ayush: sowa rigpa (ttm)"", ""7"": ""public ayush: other""}"
s523a_5,first advice or treatment for diarrhoea (public ayush),byte,S523A_5,"{""1"": ""public ayush: ayurveda"", ""2"": ""public ayush: yoga and naturopathy"", ""3"": ""public ayush: unani"", ""4"": ""public ayush: siddha"", ""5"": ""public ayush: homeopathy"", ""6"": ""public ayush: sowa rigpa (ttm)"", ""7"": ""public ayush: other""}"
s523a_6,first advice or treatment for diarrhoea (public ayush),byte,S523A_6,"{""1"": ""public ayush: ayurveda"", ""2"": ""public ayush: yoga and naturopathy"", ""3"": ""public ayush: unani"", ""4"": ""public ayush: siddha"", ""5"": ""public ayush: homeopathy"", ""6"": ""public ayush: sowa rigpa (ttm)"", ""7"": ""public ayush: other""}"
s523b_1,first advice or treatment for diarrhoea (private ayush),byte,S523B_1,"{""1"": ""private ayush: ayurveda"", ""2"": ""private ayush: yoga and naturopathy"", ""3"": ""private ayush: unani"", ""4"": ""private ayush: siddha"", ""5"": ""private ayush: homeopathy"", ""6"": ""private ayush: sowa rigpa (ttm)"", ""7"": ""private ayush: other""}"
s523b_2,first advice or treatment for diarrhoea (private ayush),byte,S523B_2,"{""1"": ""private ayush: ayurveda"", ""2"": ""private ayush: yoga and naturopathy"", ""3"": ""private ayush: unani"", ""4"": ""private ayush: siddha"", ""5"": ""private ayush: homeopathy"", ""6"": ""private ayush: sowa rigpa (ttm)"", ""7"": ""private ayush: other""}"
s523b_3,first advice or treatment for diarrhoea (private ayush),byte,S523B_3,"{""1"": ""private ayush: ayurveda"", ""2"": ""private ayush: yoga and naturopathy"", ""3"": ""private ayush: unani"", ""4"": ""private ayush: siddha"", ""5"": ""private ayush: homeopathy"", ""6"": ""private ayush: sowa rigpa (ttm)"", ""7"": ""private ayush: other""}"
s523b_4,first advice or treatment for diarrhoea (private ayush),byte,S523B_4,"{""1"": ""private ayush: ayurveda"", ""2"": ""private ayush: yoga and naturopathy"", ""3"": ""private ayush: unani"", ""4"": ""private ayush: siddha"", ""5"": ""private ayush: homeopathy"", ""6"": ""private ayush: sowa rigpa (ttm)"", ""7"": ""private ayush: other""}"
s523b_5,first advice or treatment for diarrhoea (private ayush),byte,S523B_5,"{""1"": ""private ayush: ayurveda"", ""2"": ""private ayush: yoga and naturopathy"", ""3"": ""private ayush: unani"", ""4"": ""private ayush: siddha"", ""5"": ""private ayush: homeopathy"", ""6"": ""private ayush: sowa rigpa (ttm)"", ""7"": ""private ayush: other""}"
s523b_6,first advice or treatment for diarrhoea (private ayush),byte,S523B_6,"{""1"": ""private ayush: ayurveda"", ""2"": ""private ayush: yoga and naturopathy"", ""3"": ""private ayush: unani"", ""4"": ""private ayush: siddha"", ""5"": ""private ayush: homeopathy"", ""6"": ""private ayush: sowa rigpa (ttm)"", ""7"": ""private ayush: other""}"
s526a_1,micronutrient powder,byte,S526A_1,"{""0"": ""no"", ""1"": ""yes"", ""8"": ""don't know""}"
s526a_2,micronutrient powder,byte,S526A_2,"{""0"": ""no"", ""1"": ""yes"", ""8"": ""don't know""}"
s526a_3,micronutrient powder,byte,S526A_3,"{""0"": ""no"", ""1"": ""yes"", ""8"": ""don't know""}"
s526a_4,micronutrient powder,byte,S526A_4,"{""0"": ""no"", ""1"": ""yes"", ""8"": ""don't know""}"
s526a_5,micronutrient powder,byte,S526A_5,"{""0"": ""no"", ""1"": ""yes"", ""8"": ""don't know""}"
s526a_6,micronutrient powder,byte,S526A_6,"{""0"": ""no"", ""1"": ""yes"", ""8"": ""don't know""}"
s526b_1,anttheraputic foods,byte,S526B_1,"{""0"": ""no"", ""1"": ""yes"", ""8"": ""don't know""}"
s526b_2,anttheraputic foods,byte,S526B_2,"{""0"": ""no"", ""1"": ""yes"", ""8"": ""don't know""}"
s526b_3,anttheraputic foods,byte,S526B_3,"{""0"": ""no"", ""1"": ""yes"", ""8"": ""don't know""}"
s526b_4,anttheraputic foods,byte,S526B_4,"{""0"": ""no"", ""1"": ""yes"", ""8"": ""don't know""}"
s526b_5,anttheraputic foods,byte,S526B_5,"{""0"": ""no"", ""1"": ""yes"", ""8"": ""don't know""}"
s526b_6,anttheraputic foods,byte,S526B_6,"{""0"": ""no"", ""1"": ""yes"", ""8"": ""don't know""}"
s526c_1,supplemental foods,byte,S526C_1,"{""0"": ""no"", ""1"": ""yes"", ""8"": ""don't know""}"
s526c_2,supplemental foods,byte,S526C_2,"{""0"": ""no"", ""1"": ""yes"", ""8"": ""don't know""}"
s526c_3,supplemental foods,byte,S526C_3,"{""0"": ""no"", ""1"": ""yes"", ""8"": ""don't know""}"
s526c_4,supplemental foods,byte,S526C_4,"{""0"": ""no"", ""1"": ""yes"", ""8"": ""don't know""}"
s526c_5,supplemental foods,byte,S526C_5,"{""0"": ""no"", ""1"": ""yes"", ""8"": ""don't know""}"
s526c_6,supplemental foods,byte,S526C_6,"{""0"": ""no"", ""1"": ""yes"", ""8"": ""don't know""}"
s539aa_1,fever/cough: public ayush: ayurveda,byte,S539AA_1,"{""0"": ""no"", ""1"": ""yes""}"
s539aa_2,fever/cough: public ayush: ayurveda,byte,S539AA_2,"{""0"": ""no"", ""1"": ""yes""}"
s539aa_3,fever/cough: public ayush: ayurveda,byte,S539AA_3,"{""0"": ""no"", ""1"": ""yes""}"
s539aa_4,fever/cough: public ayush: ayurveda,byte,S539AA_4,"{""0"": ""no"", ""1"": ""yes""}"
s539aa_5,fever/cough: public ayush: ayurveda,byte,S539AA_5,"{""0"": ""no"", ""1"": ""yes""}"
s539aa_6,fever/cough: public ayush: ayurveda,byte,S539AA_6,"{""0"": ""no"", ""1"": ""yes""}"
s539ab_1,fever/cough: public ayush: yoga and naturopathy,byte,S539AB_1,"{""0"": ""no"", ""1"": ""yes""}"
s539ab_2,fever/cough: public ayush: yoga and naturopathy,byte,S539AB_2,"{""0"": ""no"", ""1"": ""yes""}"
s539ab_3,fever/cough: public ayush: yoga and naturopathy,byte,S539AB_3,"{""0"": ""no"", ""1"": ""yes""}"
s539ab_4,fever/cough: public ayush: yoga and naturopathy,byte,S539AB_4,"{""0"": ""no"", ""1"": ""yes""}"
s539ab_5,fever/cough: public ayush: yoga and naturopathy,byte,S539AB_5,"{""0"": ""no"", ""1"": ""yes""}"
s539ab_6,fever/cough: public ayush: yoga and naturopathy,byte,S539AB_6,"{""0"": ""no"", ""1"": ""yes""}"
s539ac_1,fever/cough: public ayush: unani,byte,S539AC_1,"{""0"": ""no"", ""1"": ""yes""}"
s539ac_2,fever/cough: public ayush: unani,byte,S539AC_2,"{""0"": ""no"", ""1"": ""yes""}"
s539ac_3,fever/cough: public ayush: unani,byte,S539AC_3,"{""0"": ""no"", ""1"": ""yes""}"
s539ac_4,fever/cough: public ayush: unani,byte,S539AC_4,"{""0"": ""no"", ""1"": ""yes""}"
s539ac_5,fever/cough: public ayush: unani,byte,S539AC_5,"{""0"": ""no"", ""1"": ""yes""}"
s539ac_6,fever/cough: public ayush: unani,byte,S539AC_6,"{""0"": ""no"", ""1"": ""yes""}"
s539ad_1,fever/cough: public ayush: siddha,byte,S539AD_1,"{""0"": ""no"", ""1"": ""yes""}"
s539ad_2,fever/cough: public ayush: siddha,byte,S539AD_2,"{""0"": ""no"", ""1"": ""yes""}"
s539ad_3,fever/cough: public ayush: siddha,byte,S539AD_3,"{""0"": ""no"", ""1"": ""yes""}"
s539ad_4,fever/cough: public ayush: siddha,byte,S539AD_4,"{""0"": ""no"", ""1"": ""yes""}"
s539ad_5,fever/cough: public ayush: siddha,byte,S539AD_5,"{""0"": ""no"", ""1"": ""yes""}"
s539ad_6,fever/cough: public ayush: siddha,byte,S539AD_6,"{""0"": ""no"", ""1"": ""yes""}"
s539ae_1,fever/cough: public ayush: homeopathy,byte,S539AE_1,"{""0"": ""no"", ""1"": ""yes""}"
s539ae_2,fever/cough: public ayush: homeopathy,byte,S539AE_2,"{""0"": ""no"", ""1"": ""yes""}"
s539ae_3,fever/cough: public ayush: homeopathy,byte,S539AE_3,"{""0"": ""no"", ""1"": ""yes""}"
s539ae_4,fever/cough: public ayush: homeopathy,byte,S539AE_4,"{""0"": ""no"", ""1"": ""yes""}"
s539ae_5,fever/cough: public ayush: homeopathy,byte,S539AE_5,"{""0"": ""no"", ""1"": ""yes""}"
s539ae_6,fever/cough: public ayush: homeopathy,byte,S539AE_6,"{""0"": ""no"", ""1"": ""yes""}"
s539af_1,fever/cough: public ayush: sowa rigpa (ttm),byte,S539AF_1,"{""0"": ""no"", ""1"": ""yes""}"
s539af_2,fever/cough: public ayush: sowa rigpa (ttm),byte,S539AF_2,"{""0"": ""no"", ""1"": ""yes""}"
s539af_3,fever/cough: public ayush: sowa rigpa (ttm),byte,S539AF_3,"{""0"": ""no"", ""1"": ""yes""}"
s539af_4,fever/cough: public ayush: sowa rigpa (ttm),byte,S539AF_4,"{""0"": ""no"", ""1"": ""yes""}"
s539af_5,fever/cough: public ayush: sowa rigpa (ttm),byte,S539AF_5,"{""0"": ""no"", ""1"": ""yes""}"
s539af_6,fever/cough: public ayush: sowa rigpa (ttm),byte,S539AF_6,"{""0"": ""no"", ""1"": ""yes""}"
s539ag_1,fever/cough: public ayush: other,byte,S539AG_1,"{""0"": ""no"", ""1"": ""yes""}"
s539ag_2,fever/cough: public ayush: other,byte,S539AG_2,"{""0"": ""no"", ""1"": ""yes""}"
s539ag_3,fever/cough: public ayush: other,byte,S539AG_3,"{""0"": ""no"", ""1"": ""yes""}"
s539ag_4,fever/cough: public ayush: other,byte,S539AG_4,"{""0"": ""no"", ""1"": ""yes""}"
s539ag_5,fever/cough: public ayush: other,byte,S539AG_5,"{""0"": ""no"", ""1"": ""yes""}"
s539ag_6,fever/cough: public ayush: other,byte,S539AG_6,"{""0"": ""no"", ""1"": ""yes""}"
s539ba_1,fever/cough: private ayush: ayurveda,byte,S539BA_1,"{""0"": ""no"", ""1"": ""yes""}"
s539ba_2,fever/cough: private ayush: ayurveda,byte,S539BA_2,"{""0"": ""no"", ""1"": ""yes""}"
s539ba_3,fever/cough: private ayush: ayurveda,byte,S539BA_3,"{""0"": ""no"", ""1"": ""yes""}"
s539ba_4,fever/cough: private ayush: ayurveda,byte,S539BA_4,"{""0"": ""no"", ""1"": ""yes""}"
s539ba_5,fever/cough: private ayush: ayurveda,byte,S539BA_5,"{""0"": ""no"", ""1"": ""yes""}"
s539ba_6,fever/cough: private ayush: ayurveda,byte,S539BA_6,"{""0"": ""no"", ""1"": ""yes""}"
s539bb_1,fever/cough: private ayush: yoga and naturopathy,byte,S539BB_1,"{""0"": ""no"", ""1"": ""yes""}"
s539bb_2,fever/cough: private ayush: yoga and naturopathy,byte,S539BB_2,"{""0"": ""no"", ""1"": ""yes""}"
s539bb_3,fever/cough: private ayush: yoga and naturopathy,byte,S539BB_3,"{""0"": ""no"", ""1"": ""yes""}"
s539bb_4,fever/cough: private ayush: yoga and naturopathy,byte,S539BB_4,"{""0"": ""no"", ""1"": ""yes""}"
s539bb_5,fever/cough: private ayush: yoga and naturopathy,byte,S539BB_5,"{""0"": ""no"", ""1"": ""yes""}"
s539bb_6,fever/cough: private ayush: yoga and naturopathy,byte,S539BB_6,"{""0"": ""no"", ""1"": ""yes""}"
s539bc_1,fever/cough: private ayush: unani,byte,S539BC_1,"{""0"": ""no"", ""1"": ""yes""}"
s539bc_2,fever/cough: private ayush: unani,byte,S539BC_2,"{""0"": ""no"", ""1"": ""yes""}"
s539bc_3,fever/cough: private ayush: unani,byte,S539BC_3,"{""0"": ""no"", ""1"": ""yes""}"
s539bc_4,fever/cough: private ayush: unani,byte,S539BC_4,"{""0"": ""no"", ""1"": ""yes""}"
s539bc_5,fever/cough: private ayush: unani,byte,S539BC_5,"{""0"": ""no"", ""1"": ""yes""}"
s539bc_6,fever/cough: private ayush: unani,byte,S539BC_6,"{""0"": ""no"", ""1"": ""yes""}"
s539bd_1,fever/cough: private ayush: siddha,byte,S539BD_1,"{""0"": ""no"", ""1"": ""yes""}"
s539bd_2,fever/cough: private ayush: siddha,byte,S539BD_2,"{""0"": ""no"", ""1"": ""yes""}"
s539bd_3,fever/cough: private ayush: siddha,byte,S539BD_3,"{""0"": ""no"", ""1"": ""yes""}"
s539bd_4,fever/cough: private ayush: siddha,byte,S539BD_4,"{""0"": ""no"", ""1"": ""yes""}"
s539bd_5,fever/cough: private ayush: siddha,byte,S539BD_5,"{""0"": ""no"", ""1"": ""yes""}"
s539bd_6,fever/cough: private ayush: siddha,byte,S539BD_6,"{""0"": ""no"", ""1"": ""yes""}"
s539be_1,fever/cough: private ayush: homeopathy,byte,S539BE_1,"{""0"": ""no"", ""1"": ""yes""}"
s539be_2,fever/cough: private ayush: homeopathy,byte,S539BE_2,"{""0"": ""no"", ""1"": ""yes""}"
s539be_3,fever/cough: private ayush: homeopathy,byte,S539BE_3,"{""0"": ""no"", ""1"": ""yes""}"
s539be_4,fever/cough: private ayush: homeopathy,byte,S539BE_4,"{""0"": ""no"", ""1"": ""yes""}"
s539be_5,fever/cough: private ayush: homeopathy,byte,S539BE_5,"{""0"": ""no"", ""1"": ""yes""}"
s539be_6,fever/cough: private ayush: homeopathy,byte,S539BE_6,"{""0"": ""no"", ""1"": ""yes""}"
s539bf_1,fever/cough: private ayush: sowa rigpa (ttm),byte,S539BF_1,"{""0"": ""no"", ""1"": ""yes""}"
s539bf_2,fever/cough: private ayush: sowa rigpa (ttm),byte,S539BF_2,"{""0"": ""no"", ""1"": ""yes""}"
s539bf_3,fever/cough: private ayush: sowa rigpa (ttm),byte,S539BF_3,"{""0"": ""no"", ""1"": ""yes""}"
s539bf_4,fever/cough: private ayush: sowa rigpa (ttm),byte,S539BF_4,"{""0"": ""no"", ""1"": ""yes""}"
s539bf_5,fever/cough: private ayush: sowa rigpa (ttm),byte,S539BF_5,"{""0"": ""no"", ""1"": ""yes""}"
s539bf_6,fever/cough: private ayush: sowa rigpa (ttm),byte,S539BF_6,"{""0"": ""no"", ""1"": ""yes""}"
s539bg_1,fever/cough: private ayush: other,byte,S539BG_1,"{""0"": ""no"", ""1"": ""yes""}"
s539bg_2,fever/cough: private ayush: other,byte,S539BG_2,"{""0"": ""no"", ""1"": ""yes""}"
s539bg_3,fever/cough: private ayush: other,byte,S539BG_3,"{""0"": ""no"", ""1"": ""yes""}"
s539bg_4,fever/cough: private ayush: other,byte,S539BG_4,"{""0"": ""no"", ""1"": ""yes""}"
s539bg_5,fever/cough: private ayush: other,byte,S539BG_5,"{""0"": ""no"", ""1"": ""yes""}"
s539bg_6,fever/cough: private ayush: other,byte,S539BG_6,"{""0"": ""no"", ""1"": ""yes""}"
s539j_1,fever/cough: public anganwadi / icds centre,byte,S539J_1,"{""0"": ""no: received treatment"", ""1"": ""yes: no treatment""}"
s539j_2,fever/cough: public anganwadi / icds centre,byte,S539J_2,"{""0"": ""no: received treatment"", ""1"": ""yes: no treatment""}"
s539j_3,fever/cough: public anganwadi / icds centre,byte,S539J_3,"{""0"": ""no: received treatment"", ""1"": ""yes: no treatment""}"
s539j_4,fever/cough: public anganwadi / icds centre,byte,S539J_4,"{""0"": ""no: received treatment"", ""1"": ""yes: no treatment""}"
s539j_5,fever/cough: public anganwadi / icds centre,byte,S539J_5,"{""0"": ""no: received treatment"", ""1"": ""yes: no treatment""}"
s539j_6,fever/cough: public anganwadi / icds centre,byte,S539J_6,"{""0"": ""no: received treatment"", ""1"": ""yes: no treatment""}"
s539k_1,fever/cough: public asha,byte,S539K_1,"{""0"": ""no: received treatment"", ""1"": ""yes: no treatment""}"
s539k_2,fever/cough: public asha,byte,S539K_2,"{""0"": ""no: received treatment"", ""1"": ""yes: no treatment""}"
s539k_3,fever/cough: public asha,byte,S539K_3,"{""0"": ""no: received treatment"", ""1"": ""yes: no treatment""}"
s539k_4,fever/cough: public asha,byte,S539K_4,"{""0"": ""no: received treatment"", ""1"": ""yes: no treatment""}"
s539k_5,fever/cough: public asha,byte,S539K_5,"{""0"": ""no: received treatment"", ""1"": ""yes: no treatment""}"
s539k_6,fever/cough: public asha,byte,S539K_6,"{""0"": ""no: received treatment"", ""1"": ""yes: no treatment""}"
s541a_1,first advice or treatment for fever/cough (public ayush),byte,S541A_1,"{""1"": ""public ayush: ayurveda"", ""2"": ""public ayush: yoga and naturopathy"", ""3"": ""public ayush: unani"", ""4"": ""public ayush: siddha"", ""5"": ""public ayush: homeopathy"", ""6"": ""public ayush: sowa rigpa (ttm)"", ""7"": ""public ayush: other""}"
s541a_2,first advice or treatment for fever/cough (public ayush),byte,S541A_2,"{""1"": ""public ayush: ayurveda"", ""2"": ""public ayush: yoga and naturopathy"", ""3"": ""public ayush: unani"", ""4"": ""public ayush: siddha"", ""5"": ""public ayush: homeopathy"", ""6"": ""public ayush: sowa rigpa (ttm)"", ""7"": ""public ayush: other""}"
s541a_3,first advice or treatment for fever/cough (public ayush),byte,S541A_3,"{""1"": ""public ayush: ayurveda"", ""2"": ""public ayush: yoga and naturopathy"", ""3"": ""public ayush: unani"", ""4"": ""public ayush: siddha"", ""5"": ""public ayush: homeopathy"", ""6"": ""public ayush: sowa rigpa (ttm)"", ""7"": ""public ayush: other""}"
s541a_4,first advice or treatment for fever/cough (public ayush),byte,S541A_4,"{""1"": ""public ayush: ayurveda"", ""2"": ""public ayush: yoga and naturopathy"", ""3"": ""public ayush: unani"", ""4"": ""public ayush: siddha"", ""5"": ""public ayush: homeopathy"", ""6"": ""public ayush: sowa rigpa (ttm)"", ""7"": ""public ayush: other""}"
s541a_5,first advice or treatment for fever/cough (public ayush),byte,S541A_5,"{""1"": ""public ayush: ayurveda"", ""2"": ""public ayush: yoga and naturopathy"", ""3"": ""public ayush: unani"", ""4"": ""public ayush: siddha"", ""5"": ""public ayush: homeopathy"", ""6"": ""public ayush: sowa rigpa (ttm)"", ""7"": ""public ayush: other""}"
s541a_6,first advice or treatment for fever/cough (public ayush),byte,S541A_6,"{""1"": ""public ayush: ayurveda"", ""2"": ""public ayush: yoga and naturopathy"", ""3"": ""public ayush: unani"", ""4"": ""public ayush: siddha"", ""5"": ""public ayush: homeopathy"", ""6"": ""public ayush: sowa rigpa (ttm)"", ""7"": ""public ayush: other""}"
s541b_1,first advice or treatment for fever/cough (private ayush),byte,S541B_1,"{""1"": ""private ayush: ayurveda"", ""2"": ""private ayush: yoga and naturopathy"", ""3"": ""private ayush: unani"", ""4"": ""private ayush: siddha"", ""5"": ""private ayush: homeopathy"", ""6"": ""private ayush: sowa rigpa (ttm)"", ""7"": ""private ayush: other""}"
s541b_2,first advice or treatment for fever/cough (private ayush),byte,S541B_2,"{""1"": ""private ayush: ayurveda"", ""2"": ""private ayush: yoga and naturopathy"", ""3"": ""private ayush: unani"", ""4"": ""private ayush: siddha"", ""5"": ""private ayush: homeopathy"", ""6"": ""private ayush: sowa rigpa (ttm)"", ""7"": ""private ayush: other""}"
s541b_3,first advice or treatment for fever/cough (private ayush),byte,S541B_3,"{""1"": ""private ayush: ayurveda"", ""2"": ""private ayush: yoga and naturopathy"", ""3"": ""private ayush: unani"", ""4"": ""private ayush: siddha"", ""5"": ""private ayush: homeopathy"", ""6"": ""private ayush: sowa rigpa (ttm)"", ""7"": ""private ayush: other""}"
s541b_4,first advice or treatment for fever/cough (private ayush),byte,S541B_4,"{""1"": ""private ayush: ayurveda"", ""2"": ""private ayush: yoga and naturopathy"", ""3"": ""private ayush: unani"", ""4"": ""private ayush: siddha"", ""5"": ""private ayush: homeopathy"", ""6"": ""private ayush: sowa rigpa (ttm)"", ""7"": ""private ayush: other""}"
s541b_5,first advice or treatment for fever/cough (private ayush),byte,S541B_5,"{""1"": ""private ayush: ayurveda"", ""2"": ""private ayush: yoga and naturopathy"", ""3"": ""private ayush: unani"", ""4"": ""private ayush: siddha"", ""5"": ""private ayush: homeopathy"", ""6"": ""private ayush: sowa rigpa (ttm)"", ""7"": ""private ayush: other""}"
s541b_6,first advice or treatment for fever/cough (private ayush),byte,S541B_6,"{""1"": ""private ayush: ayurveda"", ""2"": ""private ayush: yoga and naturopathy"", ""3"": ""private ayush: unani"", ""4"": ""private ayush: siddha"", ""5"": ""private ayush: homeopathy"", ""6"": ""private ayush: sowa rigpa (ttm)"", ""7"": ""private ayush: other""}"
s558_1,"during the last 12  months, has (name) received any benefits from the anganwadi ",byte,S558_1,"{""0"": ""no"", ""1"": ""yes""}"
s558_2,"during the last 12  months, has (name) received any benefits from the anganwadi ",byte,S558_2,"{""0"": ""no"", ""1"": ""yes""}"
s558_3,"during the last 12  months, has (name) received any benefits from the anganwadi ",byte,S558_3,"{""0"": ""no"", ""1"": ""yes""}"
s558_4,"during the last 12  months, has (name) received any benefits from the anganwadi ",byte,S558_4,"{""0"": ""no"", ""1"": ""yes""}"
s558_5,"during the last 12  months, has (name) received any benefits from the anganwadi ",byte,S558_5,"{""0"": ""no"", ""1"": ""yes""}"
s558_6,"during the last 12  months, has (name) received any benefits from the anganwadi ",byte,S558_6,"{""0"": ""no"", ""1"": ""yes""}"
s559_1,"in the last 12 months, how often has (name)  received food from the anganwadi/ic",byte,S559_1,"{""0"": ""not at all"", ""1"": ""almost daily"", ""2"": ""at least once a week"", ""3"": ""at least once a month"", ""4"": ""less often"", ""8"": ""don't know""}"
s559_2,"in the last 12 months, how often has (name)  received food from the anganwadi/ic",byte,S559_2,"{""0"": ""not at all"", ""1"": ""almost daily"", ""2"": ""at least once a week"", ""3"": ""at least once a month"", ""4"": ""less often"", ""8"": ""don't know""}"
s559_3,"in the last 12 months, how often has (name)  received food from the anganwadi/ic",byte,S559_3,"{""0"": ""not at all"", ""1"": ""almost daily"", ""2"": ""at least once a week"", ""3"": ""at least once a month"", ""4"": ""less often"", ""8"": ""don't know""}"
s559_4,"in the last 12 months, how often has (name)  received food from the anganwadi/ic",byte,S559_4,"{""0"": ""not at all"", ""1"": ""almost daily"", ""2"": ""at least once a week"", ""3"": ""at least once a month"", ""4"": ""less often"", ""8"": ""don't know""}"
s559_5,"in the last 12 months, how often has (name)  received food from the anganwadi/ic",byte,S559_5,"{""0"": ""not at all"", ""1"": ""almost daily"", ""2"": ""at least once a week"", ""3"": ""at least once a month"", ""4"": ""less often"", ""8"": ""don't know""}"
s559_6,"in the last 12 months, how often has (name)  received food from the anganwadi/ic",byte,S559_6,"{""0"": ""not at all"", ""1"": ""almost daily"", ""2"": ""at least once a week"", ""3"": ""at least once a month"", ""4"": ""less often"", ""8"": ""don't know""}"
s560_1,"in the last 12 months, how often has (name)  had a health check-up from the anga",byte,S560_1,"{""0"": ""not at all"", ""1"": ""at least once a month"", ""2"": ""less often"", ""8"": ""don't know""}"
s560_2,"in the last 12 months, how often has (name)  had a health check-up from the anga",byte,S560_2,"{""0"": ""not at all"", ""1"": ""at least once a month"", ""2"": ""less often"", ""8"": ""don't know""}"
s560_3,"in the last 12 months, how often has (name)  had a health check-up from the anga",byte,S560_3,"{""0"": ""not at all"", ""1"": ""at least once a month"", ""2"": ""less often"", ""8"": ""don't know""}"
s560_4,"in the last 12 months, how often has (name)  had a health check-up from the anga",byte,S560_4,"{""0"": ""not at all"", ""1"": ""at least once a month"", ""2"": ""less often"", ""8"": ""don't know""}"
s560_5,"in the last 12 months, how often has (name)  had a health check-up from the anga",byte,S560_5,"{""0"": ""not at all"", ""1"": ""at least once a month"", ""2"": ""less often"", ""8"": ""don't know""}"
s560_6,"in the last 12 months, how often has (name)  had a health check-up from the anga",byte,S560_6,"{""0"": ""not at all"", ""1"": ""at least once a month"", ""2"": ""less often"", ""8"": ""don't know""}"
s561_1,"in the last 12 months, has (name) received any immunizations through the anganwa",byte,S561_1,"{""0"": ""no"", ""1"": ""yes"", ""8"": ""don't know""}"
s561_2,"in the last 12 months, has (name) received any immunizations through the anganwa",byte,S561_2,"{""0"": ""no"", ""1"": ""yes"", ""8"": ""don't know""}"
s561_3,"in the last 12 months, has (name) received any immunizations through the anganwa",byte,S561_3,"{""0"": ""no"", ""1"": ""yes"", ""8"": ""don't know""}"
s561_4,"in the last 12 months, has (name) received any immunizations through the anganwa",byte,S561_4,"{""0"": ""no"", ""1"": ""yes"", ""8"": ""don't know""}"
s561_5,"in the last 12 months, has (name) received any immunizations through the anganwa",byte,S561_5,"{""0"": ""no"", ""1"": ""yes"", ""8"": ""don't know""}"
s561_6,"in the last 12 months, has (name) received any immunizations through the anganwa",byte,S561_6,"{""0"": ""no"", ""1"": ""yes"", ""8"": ""don't know""}"
s562_1,"in the last 12 months, how often did (name) go to the anganwadi/icds centre for ",byte,S562_1,"{""0"": ""not at all"", ""1"": ""regularly"", ""2"": ""occasionally"", ""8"": ""don't know""}"
s562_2,"in the last 12 months, how often did (name) go to the anganwadi/icds centre for ",byte,S562_2,"{""0"": ""not at all"", ""1"": ""regularly"", ""2"": ""occasionally"", ""8"": ""don't know""}"
s562_3,"in the last 12 months, how often did (name) go to the anganwadi/icds centre for ",byte,S562_3,"{""0"": ""not at all"", ""1"": ""regularly"", ""2"": ""occasionally"", ""8"": ""don't know""}"
s562_4,"in the last 12 months, how often did (name) go to the anganwadi/icds centre for ",byte,S562_4,"{""0"": ""not at all"", ""1"": ""regularly"", ""2"": ""occasionally"", ""8"": ""don't know""}"
s562_5,"in the last 12 months, how often did (name) go to the anganwadi/icds centre for ",byte,S562_5,"{""0"": ""not at all"", ""1"": ""regularly"", ""2"": ""occasionally"", ""8"": ""don't know""}"
s562_6,"in the last 12 months, how often did (name) go to the anganwadi/icds centre for ",byte,S562_6,"{""0"": ""not at all"", ""1"": ""regularly"", ""2"": ""occasionally"", ""8"": ""don't know""}"
s563_1,"in the last 12 months, how often has (name's) weight been measured by the anganw",byte,S563_1,"{""0"": ""not at all"", ""1"": ""at least once a month"", ""2"": ""at least once in 3 months"", ""3"": ""less often"", ""8"": ""don't know""}"
s563_2,"in the last 12 months, how often has (name's) weight been measured by the anganw",byte,S563_2,"{""0"": ""not at all"", ""1"": ""at least once a month"", ""2"": ""at least once in 3 months"", ""3"": ""less often"", ""8"": ""don't know""}"
s563_3,"in the last 12 months, how often has (name's) weight been measured by the anganw",byte,S563_3,"{""0"": ""not at all"", ""1"": ""at least once a month"", ""2"": ""at least once in 3 months"", ""3"": ""less often"", ""8"": ""don't know""}"
s563_4,"in the last 12 months, how often has (name's) weight been measured by the anganw",byte,S563_4,"{""0"": ""not at all"", ""1"": ""at least once a month"", ""2"": ""at least once in 3 months"", ""3"": ""less often"", ""8"": ""don't know""}"
s563_5,"in the last 12 months, how often has (name's) weight been measured by the anganw",byte,S563_5,"{""0"": ""not at all"", ""1"": ""at least once a month"", ""2"": ""at least once in 3 months"", ""3"": ""less often"", ""8"": ""don't know""}"
s563_6,"in the last 12 months, how often has (name's) weight been measured by the anganw",byte,S563_6,"{""0"": ""not at all"", ""1"": ""at least once a month"", ""2"": ""at least once in 3 months"", ""3"": ""less often"", ""8"": ""don't know""}"
s564_1,"after (name) was weighed, did you ever receive counselling from the anganwadi/ic",byte,S564_1,"{""0"": ""no"", ""1"": ""yes"", ""8"": ""don't know""}"
s564_2,"after (name) was weighed, did you ever receive counselling from the anganwadi/ic",byte,S564_2,"{""0"": ""no"", ""1"": ""yes"", ""8"": ""don't know""}"
s564_3,"after (name) was weighed, did you ever receive counselling from the anganwadi/ic",byte,S564_3,"{""0"": ""no"", ""1"": ""yes"", ""8"": ""don't know""}"
s564_4,"after (name) was weighed, did you ever receive counselling from the anganwadi/ic",byte,S564_4,"{""0"": ""no"", ""1"": ""yes"", ""8"": ""don't know""}"
s564_5,"after (name) was weighed, did you ever receive counselling from the anganwadi/ic",byte,S564_5,"{""0"": ""no"", ""1"": ""yes"", ""8"": ""don't know""}"
s564_6,"after (name) was weighed, did you ever receive counselling from the anganwadi/ic",byte,S564_6,"{""0"": ""no"", ""1"": ""yes"", ""8"": ""don't know""}"
s565_1,"when you were pregnant with (name), did you receive any benefits from the anganw",byte,S565_1,"{""0"": ""no"", ""1"": ""yes""}"
s565_2,"when you were pregnant with (name), did you receive any benefits from the anganw",byte,S565_2,"{""0"": ""no"", ""1"": ""yes""}"
s565_3,"when you were pregnant with (name), did you receive any benefits from the anganw",byte,S565_3,"{""0"": ""no"", ""1"": ""yes""}"
s565_4,"when you were pregnant with (name), did you receive any benefits from the anganw",byte,S565_4,"{""0"": ""no"", ""1"": ""yes""}"
s565_5,"when you were pregnant with (name), did you receive any benefits from the anganw",byte,S565_5,"{""0"": ""no"", ""1"": ""yes""}"
s565_6,"when you were pregnant with (name), did you receive any benefits from the anganw",byte,S565_6,"{""0"": ""no"", ""1"": ""yes""}"
s566a_1,did you receive any of the following benefits:supplementary food?,byte,S566A_1,"{""0"": ""no"", ""1"": ""yes""}"
s566a_2,did you receive any of the following benefits:supplementary food?,byte,S566A_2,"{""0"": ""no"", ""1"": ""yes""}"
s566a_3,did you receive any of the following benefits:supplementary food?,byte,S566A_3,"{""0"": ""no"", ""1"": ""yes""}"
s566a_4,did you receive any of the following benefits:supplementary food?,byte,S566A_4,"{""0"": ""no"", ""1"": ""yes""}"
s566a_5,did you receive any of the following benefits:supplementary food?,byte,S566A_5,"{""0"": ""no"", ""1"": ""yes""}"
s566a_6,did you receive any of the following benefits:supplementary food?,byte,S566A_6,"{""0"": ""no"", ""1"": ""yes""}"
s566b_1,did you receive any of the following benefits:health check-ups?,byte,S566B_1,"{""0"": ""no"", ""1"": ""yes""}"
s566b_2,did you receive any of the following benefits:health check-ups?,byte,S566B_2,"{""0"": ""no"", ""1"": ""yes""}"
s566b_3,did you receive any of the following benefits:health check-ups?,byte,S566B_3,"{""0"": ""no"", ""1"": ""yes""}"
s566b_4,did you receive any of the following benefits:health check-ups?,byte,S566B_4,"{""0"": ""no"", ""1"": ""yes""}"
s566b_5,did you receive any of the following benefits:health check-ups?,byte,S566B_5,"{""0"": ""no"", ""1"": ""yes""}"
s566b_6,did you receive any of the following benefits:health check-ups?,byte,S566B_6,"{""0"": ""no"", ""1"": ""yes""}"
s566c_1,did you receive any of the following benefits:health and nutrition education?,byte,S566C_1,"{""0"": ""no"", ""1"": ""yes""}"
s566c_2,did you receive any of the following benefits:health and nutrition education?,byte,S566C_2,"{""0"": ""no"", ""1"": ""yes""}"
s566c_3,did you receive any of the following benefits:health and nutrition education?,byte,S566C_3,"{""0"": ""no"", ""1"": ""yes""}"
s566c_4,did you receive any of the following benefits:health and nutrition education?,byte,S566C_4,"{""0"": ""no"", ""1"": ""yes""}"
s566c_5,did you receive any of the following benefits:health and nutrition education?,byte,S566C_5,"{""0"": ""no"", ""1"": ""yes""}"
s566c_6,did you receive any of the following benefits:health and nutrition education?,byte,S566C_6,"{""0"": ""no"", ""1"": ""yes""}"
s567_1,when you were breastfeeding child did you receive any benefits from the anganwad,byte,S567_1,"{""0"": ""no"", ""1"": ""yes"", ""3"": ""did not breastfeed""}"
s567_2,when you were breastfeeding child did you receive any benefits from the anganwad,byte,S567_2,"{""0"": ""no"", ""1"": ""yes"", ""3"": ""did not breastfeed""}"
s567_3,when you were breastfeeding child did you receive any benefits from the anganwad,byte,S567_3,"{""0"": ""no"", ""1"": ""yes"", ""3"": ""did not breastfeed""}"
s567_4,when you were breastfeeding child did you receive any benefits from the anganwad,byte,S567_4,"{""0"": ""no"", ""1"": ""yes"", ""3"": ""did not breastfeed""}"
s567_5,when you were breastfeeding child did you receive any benefits from the anganwad,byte,S567_5,"{""0"": ""no"", ""1"": ""yes"", ""3"": ""did not breastfeed""}"
s567_6,when you were breastfeeding child did you receive any benefits from the anganwad,byte,S567_6,"{""0"": ""no"", ""1"": ""yes"", ""3"": ""did not breastfeed""}"
s568a_1,did you receive any of the following benefits:supplementary food?,byte,S568A_1,"{""0"": ""no"", ""1"": ""yes""}"
s568a_2,did you receive any of the following benefits:supplementary food?,byte,S568A_2,"{""0"": ""no"", ""1"": ""yes""}"
s568a_3,did you receive any of the following benefits:supplementary food?,byte,S568A_3,"{""0"": ""no"", ""1"": ""yes""}"
s568a_4,did you receive any of the following benefits:supplementary food?,byte,S568A_4,"{""0"": ""no"", ""1"": ""yes""}"
s568a_5,did you receive any of the following benefits:supplementary food?,byte,S568A_5,"{""0"": ""no"", ""1"": ""yes""}"
s568a_6,did you receive any of the following benefits:supplementary food?,byte,S568A_6,"{""0"": ""no"", ""1"": ""yes""}"
s568b_1,did you receive any of the following benefits:health check-ups?,byte,S568B_1,"{""0"": ""no"", ""1"": ""yes""}"
s568b_2,did you receive any of the following benefits:health check-ups?,byte,S568B_2,"{""0"": ""no"", ""1"": ""yes""}"
s568b_3,did you receive any of the following benefits:health check-ups?,byte,S568B_3,"{""0"": ""no"", ""1"": ""yes""}"
s568b_4,did you receive any of the following benefits:health check-ups?,byte,S568B_4,"{""0"": ""no"", ""1"": ""yes""}"
s568b_5,did you receive any of the following benefits:health check-ups?,byte,S568B_5,"{""0"": ""no"", ""1"": ""yes""}"
s568b_6,did you receive any of the following benefits:health check-ups?,byte,S568B_6,"{""0"": ""no"", ""1"": ""yes""}"
s568c_1,did you receive any of the following benefits:health and nutrition education?,byte,S568C_1,"{""0"": ""no"", ""1"": ""yes""}"
s568c_2,did you receive any of the following benefits:health and nutrition education?,byte,S568C_2,"{""0"": ""no"", ""1"": ""yes""}"
s568c_3,did you receive any of the following benefits:health and nutrition education?,byte,S568C_3,"{""0"": ""no"", ""1"": ""yes""}"
s568c_4,did you receive any of the following benefits:health and nutrition education?,byte,S568C_4,"{""0"": ""no"", ""1"": ""yes""}"
s568c_5,did you receive any of the following benefits:health and nutrition education?,byte,S568C_5,"{""0"": ""no"", ""1"": ""yes""}"
s568c_6,did you receive any of the following benefits:health and nutrition education?,byte,S568C_6,"{""0"": ""no"", ""1"": ""yes""}"
s617d,heard family planning on wall painting or hoarding,byte,S617D,"{""0"": ""no"", ""1"": ""yes""}"
s617e,heard family planning on internet,byte,S617E,"{""0"": ""no"", ""1"": ""yes""}"
s704,have you ever had a blood transfusion?,byte,S704,"{""0"": ""no"", ""1"": ""yes""}"
s707,for how long have you been smoking cigarettes regularly,int,S707,"{""100"": ""weeks of interview"", ""101"": ""weeks: 1"", ""199"": ""weeks: number missing"", ""201"": ""months: 1"", ""299"": ""months: number missing"", ""301"": ""years: 1"", ""399"": ""years: number missing"", ""995"": ""never"", ""998"": ""don't know""}"
s708,do you currently smoke bidis,byte,S708,"{""1"": ""every day"", ""2"": ""some days"", ""3"": ""not at all""}"
s709,"in the last 24 hours, how many bidis did you smoke",byte,S709,"{""80"": ""80 or more bidis""}"
s710,for how long have you been smoking bidis regularly,int,S710,"{""100"": ""weeks of interview"", ""101"": ""weeks: 1"", ""199"": ""weeks: number missing"", ""201"": ""months: 1"", ""299"": ""months: number missing"", ""301"": ""years: 1"", ""399"": ""years: number missing"", ""995"": ""never"", ""998"": ""don't know""}"
s711,currently smokes or uses tobacco besides cigarettes,byte,S711,"{""0"": ""no"", ""1"": ""yes""}"
s712e,khaini,byte,S712E,"{""0"": ""no"", ""1"": ""yes""}"
s712f,paan with tobacco,byte,S712F,"{""0"": ""no"", ""1"": ""yes""}"
s713,"how often do you use smokeless tobacco: almost every day, about once a week or l",byte,S713,"{""1"": ""almost every day"", ""2"": ""about once a week"", ""3"": ""less than once a week""}"
s714,for how long have you been using smokeless tobacco regularly,int,S714,"{""100"": ""weeks of interview"", ""101"": ""weeks: 1"", ""199"": ""weeks: number missing"", ""201"": ""months: 1"", ""299"": ""months: number missing"", ""301"": ""years: 1"", ""399"": ""years: number missing"", ""995"": ""never"", ""998"": ""don't know""}"
s716,"during the past 12 months, have you ever tried to stop smoking or using tobacco ",byte,S716,"{""0"": ""no"", ""1"": ""yes""}"
s717,"in the last 12 months, have you visited a doctor or other health care provider",byte,S717,"{""0"": ""no"", ""1"": ""yes""}"
s718,"during any of these visits, were you advised to quit smoking or using tobacco in",byte,S718,"{""0"": ""no"", ""1"": ""yes""}"
s719,"in the last 30 days, did someone smoke in your home or anywhere else when you we",byte,S719,"{""0"": ""no"", ""1"": ""yes""}"
s720,do you drink alcohol,byte,S720,"{""0"": ""no"", ""1"": ""yes""}"
s721,"how often do you drink alcohol: almost every day, about once a week or less than",byte,S721,"{""1"": ""almost every day"", ""2"": ""about once a week"", ""3"": ""less than once a week""}"
s722a,type of alcohol usually consumed: tadi madi,byte,S722A,"{""0"": ""no"", ""1"": ""yes""}"
s722b,type of alcohol usually consumed: country liquor,byte,S722B,"{""0"": ""no"", ""1"": ""yes""}"
s722c,type of alcohol usually consumed: beer,byte,S722C,"{""0"": ""no"", ""1"": ""yes""}"
s722d,type of alcohol usually consumed: wine,byte,S722D,"{""0"": ""no"", ""1"": ""yes""}"
s722e,type of alcohol usually consumed: hard liquor,byte,S722E,"{""0"": ""no"", ""1"": ""yes""}"
s722x,type of alcohol usually consumed: other,byte,S722X,"{""0"": ""no"", ""1"": ""yes""}"
s723,for how long have you been drinking alcohol regularly,int,S723,"{""100"": ""weeks of interview"", ""101"": ""weeks: 1"", ""199"": ""weeks: number missing"", ""201"": ""months: 1"", ""299"": ""months: number missing"", ""301"": ""years: 1"", ""399"": ""years: number missing"", ""995"": ""never"", ""998"": ""don't know""}"
s728a,currently has diabetes,byte,S728A,"{""0"": ""no"", ""1"": ""yes"", ""8"": ""don't know""}"
s728ab,has sought treatment for diabetes,byte,S728AB,"{""0"": ""no"", ""1"": ""yes""}"
s728b,currently has hypertension,byte,S728B,"{""0"": ""no"", ""1"": ""yes"", ""8"": ""don't know""}"
s728bb,has sought treatment for hypertension,byte,S728BB,"{""0"": ""no"", ""1"": ""yes""}"
s728c,currently has a chronic respiratory disease including asthma,byte,S728C,"{""0"": ""no"", ""1"": ""yes"", ""8"": ""don't know""}"
s728cb,has sought treatment for a chronic respiratory disease including asthma,byte,S728CB,"{""0"": ""no"", ""1"": ""yes""}"
s728d,currently has thyroid disorder,byte,S728D,"{""0"": ""no"", ""1"": ""yes"", ""8"": ""don't know""}"
s728db,has sought treatment for thyroid disorder,byte,S728DB,"{""0"": ""no"", ""1"": ""yes""}"
s728e,currently has heart disease,byte,S728E,"{""0"": ""no"", ""1"": ""yes"", ""8"": ""don't know""}"
s728eb,has sought treatment for heart disease,byte,S728EB,"{""0"": ""no"", ""1"": ""yes""}"
s728f,currently has cancer,byte,S728F,"{""0"": ""no"", ""1"": ""yes"", ""8"": ""don't know""}"
s728fb,has sought treatment for cancer,byte,S728FB,"{""0"": ""no"", ""1"": ""yes""}"
s728g,currently has chronic kidney disorder,byte,S728G,"{""0"": ""no"", ""1"": ""yes"", ""8"": ""don't know""}"
s728gb,has sought treatment for chronic kidney disorder,byte,S728GB,"{""0"": ""no"", ""1"": ""yes""}"
s731a,frequency takes milk or curd,byte,S731A,"{""0"": ""never"", ""1"": ""daily"", ""2"": ""weekly"", ""3"": ""occasionally""}"
s731b,frequency eats pulses or beans,byte,S731B,"{""0"": ""never"", ""1"": ""daily"", ""2"": ""weekly"", ""3"": ""occasionally""}"
s731c,frequency eats dark green leafy vegetable,byte,S731C,"{""0"": ""never"", ""1"": ""daily"", ""2"": ""weekly"", ""3"": ""occasionally""}"
s731d,frequency eats fruits,byte,S731D,"{""0"": ""never"", ""1"": ""daily"", ""2"": ""weekly"", ""3"": ""occasionally""}"
s731e,frequency eats eggs,byte,S731E,"{""0"": ""never"", ""1"": ""daily"", ""2"": ""weekly"", ""3"": ""occasionally""}"
s731f,frequency eats fish,byte,S731F,"{""0"": ""never"", ""1"": ""daily"", ""2"": ""weekly"", ""3"": ""occasionally""}"
s731g,frequency eats chicken or meat,byte,S731G,"{""0"": ""never"", ""1"": ""daily"", ""2"": ""weekly"", ""3"": ""occasionally""}"
s731h,frequency eats fried food,byte,S731H,"{""0"": ""never"", ""1"": ""daily"", ""2"": ""weekly"", ""3"": ""occasionally""}"
s731i,frequency takes aerated drinks,byte,S731I,"{""0"": ""never"", ""1"": ""daily"", ""2"": ""weekly"", ""3"": ""occasionally""}"
s821aa,source for condoms: public: ayush: ayurveda,byte,S821AA,"{""0"": ""no"", ""1"": ""yes""}"
s821ab,source for condoms: public: ayush: yoga and naturopathy,byte,S821AB,"{""0"": ""no"", ""1"": ""yes""}"
s821ac,source for condoms: public: ayush: unani,byte,S821AC,"{""0"": ""no"", ""1"": ""yes""}"
s821ad,source for condoms: public: ayush: siddha,byte,S821AD,"{""0"": ""no"", ""1"": ""yes""}"
s821ae,source for condoms: public: ayush: homeopathy,byte,S821AE,"{""0"": ""no"", ""1"": ""yes""}"
s821af,source for condoms: public: ayush: sowa rigpa (ttm),byte,S821AF,"{""0"": ""no"", ""1"": ""yes""}"
s821ag,source for condoms: public: ayush: other,byte,S821AG,"{""0"": ""no"", ""1"": ""yes""}"
s821ba,source for condoms: private: ayush: ayurveda,byte,S821BA,"{""0"": ""no"", ""1"": ""yes""}"
s821bb,source for condoms: private: ayush: yoga and naturopathy,byte,S821BB,"{""0"": ""no"", ""1"": ""yes""}"
s821bc,source for condoms: private: ayush: unani,byte,S821BC,"{""0"": ""no"", ""1"": ""yes""}"
s821bd,source for condoms: private: ayush: siddha,byte,S821BD,"{""0"": ""no"", ""1"": ""yes""}"
s821be,source for condoms: private: ayush: homeopathy,byte,S821BE,"{""0"": ""no"", ""1"": ""yes""}"
s821bf,source for condoms: private: ayush: sowa rigpa (ttm),byte,S821BF,"{""0"": ""no"", ""1"": ""yes""}"
s821bg,source for condoms: private: ayush: other,byte,S821BG,"{""0"": ""no"", ""1"": ""yes""}"
s821i,source for condoms: public: camp,byte,S821I,"{""0"": ""no"", ""1"": ""yes""}"
s821j,source for condoms: public: anganwadi / icds centre,byte,S821J,"{""0"": ""no"", ""1"": ""yes""}"
s821k,source for condoms: public: asha,byte,S821K,"{""0"": ""no"", ""1"": ""yes""}"
s821l,source for condoms: public: other community-based worker,byte,S821L,"{""0"": ""no"", ""1"": ""yes""}"
s824,from where did you obtain the condom last time?,byte,S824,"{""11"": ""public: govt. / municipal hospital"", ""12"": ""public ayush"", ""19"": ""public: govt. dispensary"", ""20"": ""public: uhc / uhp / ufwc"", ""21"": ""public: chc / rural hospital / block phc"", ""22"": ""public: phc / additional phc"", ""23"": ""public: sub-centre / anm"", ""24"": ""public: govt. mobile clinic"", ""25"": ""public: camp"", ""26"": ""public: anganwadi / icds centre"", ""27"": ""public: asha"", ""28"": ""public: other community-based worker"", ""29"": ""other public health sector"", ""31"": ""ngo or trust hospital / clinic"", ""41"": ""private: hospital / clinic / doctor"", ""42"": ""private: paramedic"", ""43"": ""private: mobile clinic"", ""44"": ""private ayush"", ""61"": ""private: traditional healer"", ""62"": ""private: pharmacy / drugstore"", ""63"": ""private: dai (tba)"", ""64"": ""other private health"", ""71"": ""rations shop"", ""72"": ""other shop"", ""73"": ""vending machine"", ""74"": ""friend / relative"", ""96"": ""other"", ""98"": ""don't know""}"
s824a,from where did you obtain the condom last time? (public ayush),byte,S824A,"{""12"": ""public ayush: ayurveda"", ""13"": ""public ayush: yoga and naturopathy"", ""14"": ""publc ayush: unani"", ""15"": ""public ayush: siddha"", ""16"": ""public ayush: homeopathy"", ""17"": ""public ayush: sowa rigpa (ttm)"", ""18"": ""public ayush: other""}"
s824b,from where did you obtain the condom last time? (private ayush),byte,S824B,"{""44"": ""private ayush: ayurveda"", ""45"": ""private ayush: yoga and naturopathy"", ""46"": ""private ayush: unani"", ""47"": ""private ayush: siddha"", ""48"": ""private ayush: homeopathy"", ""49"": ""private ayush: sowa rigpa (ttm)"", ""50"": ""private ayush: other""}"
s909,"in the last 12 months, has your husband been away from home for one month or mor",byte,S909,"{""0"": ""no"", ""1"": ""yes""}"
s910,"in the last 12 months, has your husband been away from home for six months or mo",byte,S910,"{""0"": ""no"", ""1"": ""yes""}"
s920,"in the last 12 months, have you been away from home other than parental/in-laws ",byte,S920,"{""0"": ""no"", ""1"": ""yes""}"
s929,do you have any money of your own that you alone can decide how to use,byte,S929,"{""0"": ""no"", ""1"": ""yes""}"
s930a,usually allowed to go to the market,byte,S930A,"{""0"": ""not at all"", ""1"": ""alone"", ""2"": ""with someone else only""}"
s930b,usually allowed to go to the health facility,byte,S930B,"{""0"": ""not at all"", ""1"": ""alone"", ""2"": ""with someone else only""}"
s930c,usually allowed to go to places outside this village,byte,S930C,"{""0"": ""not at all"", ""1"": ""alone"", ""2"": ""with someone else only""}"
s931,do you have a bank or savings account that you yourself use,byte,S931,"{""0"": ""no"", ""1"": ""yes""}"
s932,do you have any mobile phone that you yourself use,byte,S932,"{""0"": ""no"", ""1"": ""yes""}"
s933,do you use your mobile phone for any financial transaction?,byte,S933,"{""0"": ""no"", ""1"": ""yes""}"
s934,have you ever used the internet?,byte,S934,"{""0"": ""no"", ""1"": ""yes""}"
s937,are you able to read text (sms) messages,byte,S937,"{""0"": ""no"", ""1"": ""yes""}"
s940,do you know of any programmes in this area that give loans to women to start or ,byte,S940,"{""0"": ""no"", ""1"": ""yes""}"
s941,"have you yourself ever taken a loan, in cash or in kind, from any of these progr",byte,S941,"{""0"": ""no"", ""1"": ""yes""}"
s943f,justifies domestic violence: wife unfaithful,byte,S943F,"{""0"": ""no"", ""1"": ""yes"", ""8"": ""don't know""}"
s943g,justifies domestic violence: wife disrespect,byte,S943G,"{""0"": ""no"", ""1"": ""yes"", ""8"": ""don't know""}"
s944,"if a wife knows her husband has a sexually transmitted disease, is she justified",byte,S944,"{""0"": ""no"", ""1"": ""yes"", ""8"": ""don't know""}"
s945,"if a wife knows her husband has sex with other women, is she justified in refusi",byte,S945,"{""0"": ""no"", ""1"": ""yes"", ""8"": ""don't know""}"
s947,can you say no to your husband if you do not want to have sexual intercourse?,byte,S947,"{""0"": ""no"", ""1"": ""yes""}"
s1004a,source of information about aids: radio,byte,S1004A,"{""0"": ""no"", ""1"": ""yes""}"
s1004b,source of information about aids: television,byte,S1004B,"{""0"": ""no"", ""1"": ""yes""}"
s1004c,source of information about aids: cinema,byte,S1004C,"{""0"": ""no"", ""1"": ""yes""}"
s1004d,source of information about aids: newspapers/magazines,byte,S1004D,"{""0"": ""no"", ""1"": ""yes""}"
s1004e,source of information about aids: posters/hoardings,byte,S1004E,"{""0"": ""no"", ""1"": ""yes""}"
s1004f,source of information about aids: exhibition/mela,byte,S1004F,"{""0"": ""no"", ""1"": ""yes""}"
s1004g,source of information about aids: health workers,byte,S1004G,"{""0"": ""no"", ""1"": ""yes""}"
s1004h,source of information about aids: adult education programme,byte,S1004H,"{""0"": ""no"", ""1"": ""yes""}"
s1004i,source of information about aids: religious leaders,byte,S1004I,"{""0"": ""no"", ""1"": ""yes""}"
s1004j,source of information about aids: political leaders,byte,S1004J,"{""0"": ""no"", ""1"": ""yes""}"
s1004k,source of information about aids: school/teachers,byte,S1004K,"{""0"": ""no"", ""1"": ""yes""}"
s1004l,source of information about aids: community meetings,byte,S1004L,"{""0"": ""no"", ""1"": ""yes""}"
s1004m,source of information about aids: husband,byte,S1004M,"{""0"": ""no"", ""1"": ""yes""}"
s1004n,source of information about aids: friends/relatives,byte,S1004N,"{""0"": ""no"", ""1"": ""yes""}"
s1004o,source of information about aids: work place,byte,S1004O,"{""0"": ""no"", ""1"": ""yes""}"
s1004p,source of information about aids: internet,byte,S1004P,"{""0"": ""no"", ""1"": ""yes""}"
s1004x,source of information about aids: other,byte,S1004X,"{""0"": ""no"", ""1"": ""yes""}"
s1008,people can get hiv/aids from blood products or blood transfusions,byte,S1008,"{""0"": ""no"", ""1"": ""yes"", ""8"": ""don't know""}"
s1009,people can get hiv/aids by injecting drugs,byte,S1009,"{""0"": ""no"", ""1"": ""yes"", ""8"": ""don't know""}"
s1011,anything else a person can do to avoid or reduce the chances of getting hiv/aids,byte,S1011,"{""0"": ""no"", ""1"": ""yes"", ""8"": ""don't know""}"
s1012a,ways to avoid hiv/aids: abstain from sex,byte,S1012A,"{""0"": ""no"", ""1"": ""yes"", ""8"": ""don't know""}"
s1012b,ways to avoid hiv/aids: use condoms,byte,S1012B,"{""0"": ""no"", ""1"": ""yes"", ""8"": ""don't know""}"
s1012c,ways to avoid hiv/aids: limit sex to one partner/stay faithful to one partner,byte,S1012C,"{""0"": ""no"", ""1"": ""yes"", ""8"": ""don't know""}"
s1012d,ways to avoid hiv/aids: limit number of sexual partners,byte,S1012D,"{""0"": ""no"", ""1"": ""yes"", ""8"": ""don't know""}"
s1012e,ways to avoid hiv/aids: avoid sex with sex workers,byte,S1012E,"{""0"": ""no"", ""1"": ""yes"", ""8"": ""don't know""}"
s1012f,ways to avoid hiv/aids: avoid sex with persons who have many partners,byte,S1012F,"{""0"": ""no"", ""1"": ""yes"", ""8"": ""don't know""}"
s1012g,ways to avoid hiv/aids: avoid sex with homosexuals,byte,S1012G,"{""0"": ""no"", ""1"": ""yes"", ""8"": ""don't know""}"
s1012h,ways to avoid hiv/aids: avoid sex with persons who inject drugs,byte,S1012H,"{""0"": ""no"", ""1"": ""yes"", ""8"": ""don't know""}"
s1012i,ways to avoid hiv/aids: avoid blood transfusions,byte,S1012I,"{""0"": ""no"", ""1"": ""yes"", ""8"": ""don't know""}"
s1012j,ways to avoid hiv/aids: use blood only from relatives,byte,S1012J,"{""0"": ""no"", ""1"": ""yes"", ""8"": ""don't know""}"
s1012k,ways to avoid hiv/aids: avoid injections,byte,S1012K,"{""0"": ""no"", ""1"": ""yes"", ""8"": ""don't know""}"
s1012l,ways to avoid hiv/aids: use only new/sterilized needles,byte,S1012L,"{""0"": ""no"", ""1"": ""yes"", ""8"": ""don't know""}"
s1012m,ways to avoid hiv/aids: avoid iv drip,byte,S1012M,"{""0"": ""no"", ""1"": ""yes"", ""8"": ""don't know""}"
s1012n,ways to avoid hiv/aids: avoid sharing razors/blades,byte,S1012N,"{""0"": ""no"", ""1"": ""yes"", ""8"": ""don't know""}"
s1012o,ways to avoid hiv/aids: avoid kissing,byte,S1012O,"{""0"": ""no"", ""1"": ""yes"", ""8"": ""don't know""}"
s1012p,ways to avoid hiv/aids: avoid mosquito bites,byte,S1012P,"{""0"": ""no"", ""1"": ""yes"", ""8"": ""don't know""}"
s1012wx,ways to avoid hiv/aids: other,byte,S1012WX,"{""0"": ""no"", ""1"": ""yes"", ""8"": ""don't know""}"
s1012z,ways to avoid hiv/aids: don't know,byte,S1012Z,"{""0"": ""no"", ""1"": ""yes"", ""8"": ""don't know""}"
s1040,do you think a child with hiv should be allowed to attend school with students w,byte,S1040,"{""0"": ""no"", ""1"": ""yes"", ""3"": ""don't know""}"
s1042,do you fear that you could get hiv if you come into contact with the saliva of a,byte,S1042,"{""0"": ""no"", ""1"": ""yes"", ""8"": ""don't know""}"
s1046,do you think that people living with hiv should be treated in the same public ho,byte,S1046,"{""0"": ""no"", ""1"": ""yes"", ""8"": ""don't know""}"
s1047,do you think that people living with hiv should be allowed to work in the same o,byte,S1047,"{""0"": ""no"", ""1"": ""yes"", ""8"": ""don't know""}"
s1056aa,sought sti advice/treatment from: public ayush: ayurveda,byte,S1056AA,"{""0"": ""no"", ""1"": ""yes""}"
s1056ab,sought sti advice/treatment from: public ayush: yoga and naturopathy,byte,S1056AB,"{""0"": ""no"", ""1"": ""yes""}"
s1056ac,sought sti advice/treatment from: public ayush: unani,byte,S1056AC,"{""0"": ""no"", ""1"": ""yes""}"
s1056ad,sought sti advice/treatment from: public ayush: siddha,byte,S1056AD,"{""0"": ""no"", ""1"": ""yes""}"
s1056ae,sought sti advice/treatment from: public ayush: homeopathy,byte,S1056AE,"{""0"": ""no"", ""1"": ""yes""}"
s1056af,sought sti advice/treatment from: public ayush: sowa rigpa (ttm),byte,S1056AF,"{""0"": ""no"", ""1"": ""yes""}"
s1056ag,sought sti advice/treatment from: public ayush: other,byte,S1056AG,"{""0"": ""no"", ""1"": ""yes""}"
s1056ba,sought sti advice/treatment from: private ayush: ayurveda,byte,S1056BA,"{""0"": ""no"", ""1"": ""yes""}"
s1056bb,sought sti advice/treatment from: private ayush: yoga and naturopathy,byte,S1056BB,"{""0"": ""no"", ""1"": ""yes""}"
s1056bc,sought sti advice/treatment from: private ayush: unani,byte,S1056BC,"{""0"": ""no"", ""1"": ""yes""}"
s1056bd,sought sti advice/treatment from: private ayush: siddha,byte,S1056BD,"{""0"": ""no"", ""1"": ""yes""}"
s1056be,sought sti advice/treatment from: private ayush: homeopathy,byte,S1056BE,"{""0"": ""no"", ""1"": ""yes""}"
s1056bf,sought sti advice/treatment from: private ayush: sowa rigpa (ttm),byte,S1056BF,"{""0"": ""no"", ""1"": ""yes""}"
s1056bg,sought sti advice/treatment from: private ayush: other,byte,S1056BG,"{""0"": ""no"", ""1"": ""yes""}"
s1136a,place went for medical help: public: govt./municipal hospital,byte,S1136A,"{""0"": ""no"", ""1"": ""yes""}"
s1136aa,place went for medical help: public ayush: ayurveda,byte,S1136AA,"{""0"": ""no"", ""1"": ""yes""}"
s1136ab,place went for medical help: public ayush: yoga and naturopathy,byte,S1136AB,"{""0"": ""no"", ""1"": ""yes""}"
s1136ac,place went for medical help: public ayush: unani,byte,S1136AC,"{""0"": ""no"", ""1"": ""yes""}"
s1136ad,place went for medical help: public ayush: siddha,byte,S1136AD,"{""0"": ""no"", ""1"": ""yes""}"
s1136ae,place went for medical help: public ayush: homeopathy,byte,S1136AE,"{""0"": ""no"", ""1"": ""yes""}"
s1136af,place went for medical help: public ayush: sowa rigpa (ttm),byte,S1136AF,"{""0"": ""no"", ""1"": ""yes""}"
s1136ag,place went for medical help: public ayush: other,byte,S1136AG,"{""0"": ""no"", ""1"": ""yes""}"
s1136b,place went for medical help: public: ayush,byte,S1136B,"{""0"": ""no"", ""1"": ""yes""}"
s1136ba,place went for medical help: private ayush: ayurveda,byte,S1136BA,"{""0"": ""no"", ""1"": ""yes""}"
s1136bb,place went for medical help: private ayush: yoga and naturopathy,byte,S1136BB,"{""0"": ""no"", ""1"": ""yes""}"
s1136bc,place went for medical help: private ayush: unani,byte,S1136BC,"{""0"": ""no"", ""1"": ""yes""}"
s1136bd,place went for medical help: private ayush: siddha,byte,S1136BD,"{""0"": ""no"", ""1"": ""yes""}"
s1136be,place went for medical help: private ayush: homeopathy,byte,S1136BE,"{""0"": ""no"", ""1"": ""yes""}"
s1136bf,place went for medical help: private ayush: sowa rigpa (ttm),byte,S1136BF,"{""0"": ""no"", ""1"": ""yes""}"
s1136bg,place went for medical help: private ayush: other,byte,S1136BG,"{""0"": ""no"", ""1"": ""yes""}"
s1136c,place went for medical help: public: govt. dispensary,byte,S1136C,"{""0"": ""no"", ""1"": ""yes""}"
s1136d,place went for medical help: public: uhc/uhp/ufwc,byte,S1136D,"{""0"": ""no"", ""1"": ""yes""}"
s1136e,place went for medical help: public: chc/rural hospital/block phc,byte,S1136E,"{""0"": ""no"", ""1"": ""yes""}"
s1136f,place went for medical help: public: phc/additional phc,byte,S1136F,"{""0"": ""no"", ""1"": ""yes""}"
s1136g,place went for medical help: public: sub-centre/anm,byte,S1136G,"{""0"": ""no"", ""1"": ""yes""}"
s1136h,place went for medical help: public: govt. mobile clinic,byte,S1136H,"{""0"": ""no"", ""1"": ""yes""}"
s1136i,place went for medical help: public: camp,byte,S1136I,"{""0"": ""no"", ""1"": ""yes""}"
s1136j,place went for medical help: public: anganwadi/icds centre,byte,S1136J,"{""0"": ""no"", ""1"": ""yes""}"
s1136k,place went for medical help: public: asha,byte,S1136K,"{""0"": ""no"", ""1"": ""yes""}"
s1136l,place went for medical help: public: other community-based worker,byte,S1136L,"{""0"": ""no"", ""1"": ""yes""}"
s1136m,place went for medical help: other public health,byte,S1136M,"{""0"": ""no"", ""1"": ""yes""}"
s1136n,place went for medical help: ngo or trust hospital/clinic,byte,S1136N,"{""0"": ""no"", ""1"": ""yes""}"
s1136o,place went for medical help: private: hospital,byte,S1136O,"{""0"": ""no"", ""1"": ""yes""}"
s1136p,place went for medical help: private: doctor/clinic,byte,S1136P,"{""0"": ""no"", ""1"": ""yes""}"
s1136q,place went for medical help: private: mobile clinic,byte,S1136Q,"{""0"": ""no"", ""1"": ""yes""}"
s1136r,place went for medical help: private: ayush,byte,S1136R,"{""0"": ""no"", ""1"": ""yes""}"
s1136s,place went for medical help: private: traditional healer,byte,S1136S,"{""0"": ""no"", ""1"": ""yes""}"
s1136t,place went for medical help: private: pharmacy/drugstore,byte,S1136T,"{""0"": ""no"", ""1"": ""yes""}"
s1136u,place went for medical help: private: dai (tba),byte,S1136U,"{""0"": ""no"", ""1"": ""yes""}"
s1136v,place went for medical help: other private health,byte,S1136V,"{""0"": ""no"", ""1"": ""yes""}"
s1136x,place went for medical help: other,byte,S1136X,"{""0"": ""no"", ""1"": ""yes""}"
sb14a,30 minutes prior to bp measure: eaten,byte,SB14A,"{""0"": ""no"", ""1"": ""yes""}"
sb14b,"30 minutes prior to bp measure: had coffee, tea",byte,SB14B,"{""0"": ""no"", ""1"": ""yes""}"
sb14c,30 minutes prior to bp measure: smoked any tobacco product,byte,SB14C,"{""0"": ""no"", ""1"": ""yes""}"
sb14d,30 minutes prior to bp measure: use any other type of tobacco,byte,SB14D,"{""0"": ""no"", ""1"": ""yes""}"
sb15,arm circumference,byte,,
sb16,blood pressure monitor cuff size,byte,SB16,"{""1"": ""small: 17cm-22cm"", ""2"": ""medium: 23cm-31cm"", ""3"": ""large: 32cm-42cm""}"
sb17,time of first bp reading: (hhmm - 24 hour clock),int,,
sb18d,first diastolic reading,int,SB18D,"{""994"": ""refused"", ""995"": ""technical problem"", ""996"": ""other""}"
sb18s,first systolic reading,int,SB18S,"{""994"": ""refused"", ""995"": ""technical problem"", ""996"": ""other""}"
sb19,blood pressure ever been checked previously,byte,SB19,"{""0"": ""no"", ""1"": ""yes""}"
sb20,told had high bp on two or more occasions by doctor or other health professional,byte,SB20,"{""0"": ""no"", ""1"": ""yes""}"
sb21,currently taking a prescribed medicine to lower bp,byte,SB21,"{""0"": ""no"", ""1"": ""yes""}"
sb24,time of second bp reading: (hhmm - 24 hour clock),int,,
sb25d,second diastolic reading,int,SB25D,"{""994"": ""refused"", ""995"": ""technical problem"", ""996"": ""other""}"
sb25s,second systolic reading,int,SB25S,"{""994"": ""refused"", ""995"": ""technical problem"", ""996"": ""other""}"
sb28,time of third bp reading: (hhmm - 24 hour clock),int,,
sb29d,third diastolic reading,int,SB29D,"{""994"": ""refused"", ""995"": ""technical problem"", ""996"": ""other""}"
sb29s,third systolic reading,int,SB29S,"{""994"": ""refused"", ""995"": ""technical problem"", ""996"": ""other""}"
sb53,time since last ate,byte,,
sb54,"time since last drank, something other than plain water",byte,SB54,"{""95"": ""95+ hours ago""}"
sb55,blood glucose ever been checked,byte,SB55,"{""0"": ""no"", ""1"": ""yes""}"
sb56,told high blood glucose on two or more occations by doctor or other health profe,byte,SB56,"{""0"": ""no"", ""1"": ""yes""}"
sb57,currently taking a prescribed medicine to lower blood glucose,byte,SB57,"{""0"": ""no"", ""1"": ""yes""}"
sb73,time of blood glucose reading: (hhmm - 24 hour clock),int,SB73,"{""9696"": ""not tested""}"
sb74,glucose level,int,SB74,"{""499"": ""499 (mg/dl) +"", ""995"": ""refused"", ""996"": ""other"", ""998"": ""not tested""}"
sb79,ever undergone a screening test for cervical cancer,byte,SB79,"{""0"": ""no"", ""1"": ""yes""}"
sb80,ever undergone a breast examination for breast cancer,byte,SB80,"{""0"": ""no"", ""1"": ""yes""}"
sb81,ever undergone an oral cavity examination for oral cancer,byte,SB81,"{""0"": ""no"", ""1"": ""yes""}"
scal_1,calendar,str96,,
scal_2,calendar,str84,,
scal_3,calendar,str84,,
scol_1,column number,byte,,
scol_2,column number,byte,,
scol_3,column number,byte,,
screfuse,questionnaire refusal due to covid-19,byte,SCREFUSE,"{""1"": ""household covid affected"", ""2"": ""fear/concern about contracting covid"", ""3"": ""no, not covid related""}"
sdist,district,int,SDIST,"{""1"": ""kupwara"", ""2"": ""badgam"", ""3"": ""leh(ladakh)"", ""4"": ""kargil"", ""5"": ""punch"", ""6"": ""rajouri"", ""7"": ""kathua"", ""8"": ""baramula"", ""9"": ""bandipore"", ""10"": ""srinagar"", ""11"": ""ganderbal"", ""12"": ""pulwama"", ""13"": ""shupiyan"", ""14"": ""anantnag"", ""15"": ""kulgam"", ""16"": ""doda"", ""17"": ""ramban"", ""18"": ""kishtwar"", ""19"": ""udhampur"", ""20"": ""reasi"", ""21"": ""jammu"", ""22"": ""samba"", ""23"": ""chamba"", ""24"": ""kangra"", ""25"": ""lahul & spiti"", ""26"": ""kullu"", ""27"": ""mandi"", ""28"": ""hamirpur"", ""29"": ""una"", ""30"": ""bilaspur"", ""31"": ""solan"", ""32"": ""sirmaur"", ""33"": ""shimla"", ""34"": ""kinnaur"", ""36"": ""kapurthala"", ""37"": ""jalandhar"", ""38"": ""hoshiarpur"", ""39"": ""shahid bhagat singh nagar"", ""40"": ""fatehgarh sahib"", ""41"": ""ludhiana"", ""42"": ""moga"", ""44"": ""muktsar"", ""45"": ""faridkot"", ""46"": ""bathinda"", ""47"": ""mansa"", ""48"": ""patiala"", ""49"": ""amritsar"", ""50"": ""tarn taran"", ""51"": ""rupnagar"", ""52"": ""sahibzada ajit singh nagar"", ""53"": ""sangrur"", ""54"": ""barnala"", ""55"": ""chandigarh"", ""56"": ""uttarkashi"", ""57"": ""chamoli"", ""58"": ""rudraprayag"", ""59"": ""tehri garhwal"", ""60"": ""dehradun"", ""61"": ""garhwal"", ""62"": ""pithoragarh"", ""63"": ""bageshwar"", ""64"": ""almora"", ""65"": ""champawat"", ""66"": ""nainital"", ""67"": ""udham singh nagar"", ""68"": ""hardwar"", ""69"": ""panchkula"", ""70"": ""ambala"", ""71"": ""yamunanagar"", ""72"": ""kurukshetra"", ""73"": ""kaithal"", ""74"": ""karnal"", ""75"": ""panipat"", ""76"": ""sonipat"", ""77"": ""jind"", ""78"": ""fatehabad"", ""79"": ""sirsa"", ""80"": ""hisar"", ""82"": ""rohtak"", ""83"": ""jhajjar"", ""84"": ""mahendragarh"", ""85"": ""rewari"", ""86"": ""gurgaon"", ""87"": ""mewat"", ""88"": ""faridabad"", ""89"": ""palwal"", ""99"": ""ganganagar"", ""100"": ""hanumangarh"", ""101"": ""bikaner"", ""102"": ""churu"", ""103"": ""jhunjhunun"", ""104"": ""alwar"", ""105"": ""bharatpur"", ""106"": ""dhaulpur"", ""107"": ""karauli"", ""108"": ""sawai madhopur"", ""109"": ""dausa"", ""110"": ""jaipur"", ""111"": ""sikar"", ""112"": ""nagaur"", ""113"": ""jodhpur"", ""114"": ""jaisalmer"", ""115"": ""barmer"", ""116"": ""jalor"", ""117"": ""sirohi"", ""118"": ""pali"", ""119"": ""ajmer"", ""120"": ""tonk"", ""121"": ""bundi"", ""122"": ""bhilwara"", ""123"": ""rajsamand"", ""124"": ""dungarpur"", ""125"": ""banswara"", ""126"": ""chittaurgarh"", ""127"": ""kota"", ""128"": ""baran"", ""129"": ""jhalawar"", ""130"": ""udaipur"", ""131"": ""pratapgarh"", ""132"": ""saharanpur"", ""134"": ""bijnor"", ""136"": ""rampur"", ""137"": ""jyotiba phule nagar"", ""138"": ""meerut"", ""139"": ""baghpat"", ""141"": ""gautam buddha nagar"", ""142"": ""bulandshahr"", ""143"": ""aligarh"", ""144"": ""mahamaya nagar"", ""145"": ""mathura"", ""146"": ""agra"", ""147"": ""firozabad"", ""148"": ""mainpuri"", ""150"": ""bareilly"", ""151"": ""pilibhit"", ""152"": ""shahjahanpur"", ""153"": ""kheri"", ""154"": ""sitapur"", ""155"": ""hardoi"", ""156"": ""unnao"", ""157"": ""lucknow"", ""159"": ""farrukhabad"", ""160"": ""kannauj"", ""161"": ""etawah"", ""162"": ""auraiya"", ""163"": ""kanpur dehat"", ""164"": ""kanpur nagar"", ""165"": ""jalaun"", ""166"": ""jhansi"", ""167"": ""lalitpur"", ""168"": ""hamirpur"", ""169"": ""mahoba"", ""170"": ""banda"", ""171"": ""chitrakoot"", ""172"": ""fatehpur"", ""173"": ""pratapgarh"", ""174"": ""kaushambi"", ""175"": ""allahabad"", ""176"": ""bara banki"", ""177"": ""faizabad"", ""178"": ""ambedkar nagar"", ""180"": ""bahraich"", ""181"": ""shrawasti"", ""182"": ""balrampur"", ""183"": ""gonda"", ""184"": ""siddharthnagar"", ""185"": ""basti"", ""186"": ""sant kabir nagar"", ""187"": ""mahrajganj"", ""188"": ""gorakhpur"", ""189"": ""kushinagar"", ""190"": ""deoria"", ""191"": ""azamgarh"", ""192"": ""mau"", ""193"": ""ballia"", ""194"": ""jaunpur"", ""195"": ""ghazipur"", ""196"": ""chandauli"", ""197"": ""varanasi"", ""198"": ""sant ravidas nagar (bhadohi)"", ""199"": ""mirzapur"", ""200"": ""sonbhadra"", ""201"": ""etah"", ""202"": ""kanshiram nagar"", ""203"": ""pashchim champaran"", ""204"": ""purba champaran"", ""205"": ""sheohar"", ""206"": ""sitamarhi"", ""207"": ""madhubani"", ""208"": ""supaul"", ""209"": ""araria"", ""210"": ""kishanganj"", ""211"": ""purnia"", ""212"": ""katihar"", ""213"": ""madhepura"", ""214"": ""saharsa"", ""215"": ""darbhanga"", ""216"": ""muzaffarpur"", ""217"": ""gopalganj"", ""218"": ""siwan"", ""219"": ""saran"", ""220"": ""vaishali"", ""221"": ""samastipur"", ""222"": ""begusarai"", ""223"": ""khagaria"", ""224"": ""bhagalpur"", ""225"": ""banka"", ""226"": ""munger"", ""227"": ""lakhisarai"", ""228"": ""sheikhpura"", ""229"": ""nalanda"", ""230"": ""patna"", ""231"": ""bhojpur"", ""232"": ""buxar"", ""233"": ""kaimur (bhabua)"", ""234"": ""rohtas"", ""235"": ""aurangabad"", ""236"": ""gaya"", ""237"": ""nawada"", ""238"": ""jamui"", ""239"": ""jehanabad"", ""240"": ""arwal"", ""241"": ""north  district"", ""242"": ""west district"", ""243"": ""south district"", ""244"": ""east district"", ""245"": ""tawang"", ""246"": ""west kameng"", ""247"": ""east kameng"", ""248"": ""papum pare"", ""249"": ""upper subansiri"", ""252"": ""upper siang"", ""253"": ""changlang"", ""255"": ""lower subansiri"", ""257"": ""dibang valley"", ""258"": ""lower dibang valley"", ""260"": ""anjaw"", ""261"": ""mon"", ""262"": ""mokokchung"", ""263"": ""zunheboto"", ""264"": ""wokha"", ""265"": ""dimapur"", ""266"": ""phek"", ""267"": ""tuensang"", ""268"": ""longleng"", ""269"": ""kiphire"", ""270"": ""kohima"", ""271"": ""peren"", ""272"": ""senapati"", ""273"": ""tamenglong"", ""274"": ""churachandpur"", ""275"": ""bishnupur"", ""276"": ""thoubal"", ""277"": ""imphal west"", ""278"": ""imphal east"", ""279"": ""ukhrul"", ""280"": ""chandel"", ""281"": ""mamit"", ""282"": ""kolasib"", ""283"": ""aizawl"", ""284"": ""champhai"", ""285"": ""serchhip"", ""286"": ""lunglei"", ""287"": ""lawngtlai"", ""288"": ""saiha"", ""291"": ""dhalai"", ""295"": ""south garo hills"", ""297"": ""ribhoi"", ""298"": ""east khasi hills"", ""300"": ""kokrajhar"", ""302"": ""goalpara"", ""303"": ""barpeta"", ""304"": ""morigaon"", ""307"": ""lakhimpur"", ""308"": ""dhemaji"", ""309"": ""tinsukia"", ""310"": ""dibrugarh"", ""313"": ""golaghat"", ""315"": ""dima hasao"", ""316"": ""cachar"", ""317"": ""karimganj"", ""318"": ""hailakandi"", ""319"": ""bongaigaon"", ""320"": ""chirang"", ""321"": ""kamrup"", ""322"": ""kamrup metropolitan"", ""323"": ""nalbari"", ""324"": ""baksa"", ""325"": ""darrang"", ""326"": ""udalguri"", ""327"": ""darjiling"", ""328"": ""jalpaiguri"", ""329"": ""koch bihar"", ""330"": ""uttar dinajpur"", ""331"": ""dakshin dinajpur"", ""332"": ""maldah"", ""333"": ""murshidabad"", ""334"": ""birbhum"", ""336"": ""nadia"", ""337"": ""north twenty four parganas"", ""338"": ""hugli"", ""339"": ""bankura"", ""340"": ""puruliya"", ""341"": ""haora"", ""342"": ""kolkata"", ""343"": ""south twenty four parganas"", ""344"": ""paschim medinipur"", ""345"": ""purba medinipur"", ""346"": ""garhwa"", ""347"": ""chatra"", ""348"": ""kodarma"", ""349"": ""giridih"", ""350"": ""deoghar"", ""351"": ""godda"", ""352"": ""sahibganj"", ""353"": ""pakur"", ""354"": ""dhanbad"", ""355"": ""bokaro"", ""356"": ""lohardaga"", ""357"": ""purbi singhbhum"", ""358"": ""palamu"", ""359"": ""latehar"", ""360"": ""hazaribagh"", ""361"": ""ramgarh"", ""362"": ""dumka"", ""363"": ""jamtara"", ""364"": ""ranchi"", ""365"": ""khunti"", ""366"": ""gumla"", ""367"": ""simdega"", ""368"": ""pashchimi singhbhum"", ""369"": ""saraikela-kharsawan"", ""370"": ""bargarh"", ""371"": ""jharsuguda"", ""372"": ""sambalpur"", ""373"": ""debagarh"", ""374"": ""sundargarh"", ""375"": ""kendujhar"", ""376"": ""mayurbhanj"", ""377"": ""baleshwar"", ""378"": ""bhadrak"", ""379"": ""kendrapara"", ""380"": ""jagatsinghapur"", ""381"": ""cuttack"", ""382"": ""jajapur"", ""383"": ""dhenkanal"", ""384"": ""anugul"", ""385"": ""nayagarh"", ""386"": ""khordha"", ""387"": ""puri"", ""388"": ""ganjam"", ""389"": ""gajapati"", ""390"": ""kandhamal"", ""391"": ""baudh"", ""392"": ""subarnapur"", ""393"": ""balangir"", ""394"": ""nuapada"", ""395"": ""kalahandi"", ""396"": ""rayagada"", ""397"": ""nabarangapur"", ""398"": ""koraput"", ""399"": ""malkangiri"", ""400"": ""koriya"", ""402"": ""jashpur"", ""403"": ""raigarh"", ""404"": ""korba"", ""405"": ""janjgir - champa"", ""407"": ""kabeerdham"", ""408"": ""rajnandgaon"", ""411"": ""mahasamund"", ""412"": ""dhamtari"", ""413"": ""uttar bastar kanker"", ""415"": ""narayanpur"", ""417"": ""bijapur"", ""418"": ""sheopur"", ""419"": ""morena"", ""420"": ""bhind"", ""421"": ""gwalior"", ""422"": ""datia"", ""423"": ""shivpuri"", ""424"": ""tikamgarh"", ""425"": ""chhatarpur"", ""426"": ""panna"", ""427"": ""sagar"", ""428"": ""damoh"", ""429"": ""satna"", ""430"": ""rewa"", ""431"": ""umaria"", ""432"": ""neemuch"", ""433"": ""mandsaur"", ""434"": ""ratlam"", ""435"": ""ujjain"", ""437"": ""dewas"", ""438"": ""dhar"", ""439"": ""indore"", ""440"": ""khargone (west nimar)"", ""441"": ""barwani"", ""442"": ""rajgarh"", ""443"": ""vidisha"", ""444"": ""bhopal"", ""445"": ""sehore"", ""446"": ""raisen"", ""447"": ""betul"", ""448"": ""harda"", ""449"": ""hoshangabad"", ""450"": ""katni"", ""451"": ""jabalpur"", ""452"": ""narsimhapur"", ""453"": ""dindori"", ""454"": ""mandla"", ""455"": ""chhindwara"", ""456"": ""seoni"", ""457"": ""balaghat"", ""458"": ""guna"", ""459"": ""ashoknagar"", ""460"": ""shahdol"", ""461"": ""anuppur"", ""462"": ""sidhi"", ""463"": ""singrauli"", ""464"": ""jhabua"", ""465"": ""alirajpur"", ""466"": ""khandwa (east nimar)"", ""467"": ""burhanpur"", ""468"": ""kachchh"", ""469"": ""banas kantha"", ""470"": ""patan"", ""471"": ""mahesana"", ""473"": ""gandhinagar"", ""478"": ""porbandar"", ""480"": ""amreli"", ""482"": ""anand"", ""485"": ""dohad"", ""487"": ""narmada"", ""488"": ""bharuch"", ""489"": ""the dangs"", ""490"": ""navsari"", ""491"": ""valsad"", ""492"": ""surat"", ""493"": ""tapi"", ""494"": ""diu"", ""495"": ""daman"", ""496"": ""dadra & nagar haveli"", ""497"": ""nandurbar"", ""498"": ""dhule"", ""499"": ""jalgaon"", ""500"": ""buldana"", ""501"": ""akola"", ""502"": ""washim"", ""503"": ""amravati"", ""504"": ""wardha"", ""505"": ""nagpur"", ""506"": ""bhandara"", ""507"": ""gondiya"", ""508"": ""gadchiroli"", ""509"": ""chandrapur"", ""510"": ""yavatmal"", ""511"": ""nanded"", ""512"": ""hingoli"", ""513"": ""parbhani"", ""514"": ""jalna"", ""515"": ""aurangabad"", ""516"": ""nashik"", ""518"": ""mumbai suburban"", ""519"": ""mumbai"", ""520"": ""raigarh"", ""521"": ""pune"", ""522"": ""ahmadnagar"", ""523"": ""bid"", ""524"": ""latur"", ""525"": ""osmanabad"", ""526"": ""solapur"", ""527"": ""satara"", ""528"": ""ratnagiri"", ""529"": ""sindhudurg"", ""530"": ""kolhapur"", ""531"": ""sangli"", ""542"": ""srikakulam"", ""543"": ""vizianagaram"", ""544"": ""visakhapatnam"", ""545"": ""east godavari"", ""546"": ""west godavari"", ""547"": ""krishna"", ""548"": ""guntur"", ""549"": ""prakasam"", ""550"": ""sri potti sriramulu nellore"", ""551"": ""y.s.r."", ""552"": ""kurnool"", ""553"": ""anantapur"", ""554"": ""chittoor"", ""555"": ""belgaum"", ""556"": ""bagalkot"", ""557"": ""bijapur"", ""558"": ""bidar"", ""559"": ""raichur"", ""560"": ""koppal"", ""561"": ""gadag"", ""562"": ""dharwad"", ""563"": ""uttara kannada"", ""564"": ""haveri"", ""565"": ""bellary"", ""566"": ""chitradurga"", ""567"": ""davanagere"", ""568"": ""shimoga"", ""569"": ""udupi"", ""570"": ""chikmagalur"", ""571"": ""tumkur"", ""572"": ""bangalore"", ""573"": ""mandya"", ""574"": ""hassan"", ""575"": ""dakshina kannada"", ""576"": ""kodagu"", ""577"": ""mysore"", ""578"": ""chamarajanagar"", ""579"": ""gulbarga"", ""580"": ""yadgir"", ""581"": ""kolar"", ""582"": ""chikkaballapura"", ""583"": ""bangalore rural"", ""584"": ""ramanagara"", ""585"": ""north goa"", ""586"": ""south goa"", ""587"": ""lakshadweep"", ""588"": ""kasaragod"", ""589"": ""kannur"", ""590"": ""wayanad"", ""591"": ""kozhikode"", ""592"": ""malappuram"", ""593"": ""palakkad"", ""594"": ""thrissur"", ""595"": ""ernakulam"", ""596"": ""idukki"", ""597"": ""kottayam"", ""598"": ""alappuzha"", ""599"": ""pathanamthitta"", ""600"": ""kollam"", ""601"": ""thiruvananthapuram"", ""602"": ""thiruvallur"", ""603"": ""chennai"", ""604"": ""kancheepuram"", ""605"": ""vellore"", ""606"": ""tiruvannamalai"", ""607"": ""viluppuram"", ""608"": ""salem"", ""609"": ""namakkal"", ""610"": ""erode"", ""611"": ""the nilgiris"", ""612"": ""dindigul"", ""613"": ""karur"", ""614"": ""tiruchirappalli"", ""615"": ""perambalur"", ""616"": ""ariyalur"", ""617"": ""cuddalore"", ""618"": ""nagapattinam"", ""619"": ""thiruvarur"", ""620"": ""thanjavur"", ""621"": ""pudukkottai"", ""622"": ""sivaganga"", ""623"": ""madurai"", ""624"": ""theni"", ""625"": ""virudhunagar"", ""626"": ""ramanathapuram"", ""627"": ""thoothukkudi"", ""628"": ""tirunelveli"", ""629"": ""kanniyakumari"", ""630"": ""dharmapuri"", ""631"": ""krishnagiri"", ""632"": ""coimbatore"", ""633"": ""tiruppur"", ""634"": ""yanam"", ""635"": ""puducherry"", ""636"": ""mahe"", ""637"": ""karaikal"", ""638"": ""nicobars"", ""639"": ""north  & middle andaman"", ""640"": ""south andaman"", ""801"": ""east siang"", ""802"": ""kra daadi"", ""803"": ""kurung kumey"", ""804"": ""lohit"", ""805"": ""longding"", ""806"": ""namsai"", ""807"": ""siang"", ""808"": ""tirap"", ""809"": ""west siang"", ""810"": ""biswanath"", ""811"": ""charaideo"", ""812"": ""dhubri"", ""813"": ""hojai"", ""814"": ""jorhat"", ""815"": ""karbi anglong"", ""816"": ""majuli"", ""817"": ""nagaon"", ""818"": ""sivasagar"", ""819"": ""sonitpur"", ""820"": ""south salmara mancachar"", ""821"": ""west karbi anglong"", ""822"": ""balod"", ""823"": ""baloda bazar"", ""824"": ""balrampur"", ""825"": ""bastar"", ""826"": ""bemetara"", ""827"": ""bilaspur"", ""828"": ""dantewada"", ""829"": ""durg"", ""830"": ""gariyaband"", ""831"": ""kodagaon"", ""832"": ""mungeli"", ""833"": ""raipur"", ""834"": ""sukma"", ""835"": ""surajpur"", ""836"": ""surguja"", ""837"": ""central"", ""838"": ""east"", ""839"": ""new delhi"", ""840"": ""north"", ""841"": ""north east"", ""842"": ""north west"", ""843"": ""shahdara"", ""844"": ""south"", ""845"": ""south east"", ""846"": ""south west"", ""847"": ""west"", ""848"": ""ahmadabad"", ""849"": ""aravali"", ""850"": ""bhavnagar"", ""851"": ""botad"", ""852"": ""chhota udaipur"", ""853"": ""devbhumi dwarka"", ""854"": ""gir somnath"", ""855"": ""jamnagar"", ""856"": ""junagadh"", ""857"": ""kheda"", ""858"": ""mahisagar"", ""859"": ""morbi"", ""860"": ""panch mahals"", ""861"": ""rajkot"", ""862"": ""sabar kantha"", ""863"": ""surendranagar"", ""864"": ""vadodara"", ""865"": ""bhiwani"", ""866"": ""charkhi dadri"", ""867"": ""agar malwa"", ""868"": ""shajapur"", ""869"": ""palghar"", ""870"": ""thane"", ""871"": ""east garo hills"", ""872"": ""east jantia hills"", ""873"": ""north garo hills"", ""874"": ""south west garo hills"", ""875"": ""south west khasi hills"", ""876"": ""west garo hills"", ""877"": ""west jaintia hills"", ""878"": ""west khasi hills"", ""879"": ""fazilka"", ""880"": ""firozpur"", ""881"": ""gurdaspur"", ""882"": ""pathankot"", ""883"": ""adilabad"", ""884"": ""bhadradri kothagudem"", ""885"": ""hyderabad"", ""886"": ""jagitial"", ""887"": ""jangoan"", ""888"": ""jayashankar bhupalapally"", ""889"": ""jogulamba gadwal"", ""890"": ""kamareddy"", ""891"": ""karimnagar"", ""892"": ""khammam"", ""893"": ""komaram bheem asifabad"", ""894"": ""mahabubabad"", ""895"": ""mahabubnagar"", ""896"": ""mancherial"", ""897"": ""medak"", ""898"": ""medchal-malkajgiri"", ""899"": ""nagarkurnool"", ""900"": ""nalgonda"", ""901"": ""nirmal"", ""902"": ""nizamabad"", ""903"": ""peddapalli"", ""904"": ""rajanna sircilla"", ""905"": ""ranga reddy"", ""906"": ""sangareddy"", ""907"": ""siddipet"", ""908"": ""suryapet"", ""909"": ""vikarabad"", ""910"": ""wanaparthy"", ""911"": ""warangal rural"", ""912"": ""warangal urban"", ""913"": ""yadadri bhuvanagiri"", ""914"": ""gomati"", ""915"": ""khowai"", ""916"": ""north tripura"", ""917"": ""sepahijala"", ""918"": ""south tripura"", ""919"": ""unakoti"", ""920"": ""west tripura"", ""921"": ""amethi"", ""922"": ""budaun"", ""923"": ""ghaziabad"", ""924"": ""hapur"", ""925"": ""moradabad"", ""926"": ""muzaffarnagar"", ""927"": ""rae bareli"", ""928"": ""sambhal"", ""929"": ""shamli"", ""930"": ""sultanpur"", ""931"": ""paschim barddhaman"", ""932"": ""purba barddhaman""}"
sdweight,domestic violence weight (6 decimals) (state level),long,,
sh29ca,person 03: where medical treatment was received?,byte,SH29CA,"{""0"": ""no"", ""1"": ""yes, public sector only"", ""2"": ""yes, private sector only"", ""3"": ""yes, both sectors"", ""8"": ""don't know""}"
sphase,survey phase,byte,SPHASE,"{""1"": ""phase 1"", ""2"": ""phase 2""}"
ssmod,household selected for the state module,byte,SSMOD,"{""0"": ""no"", ""1"": ""yes""}"
sweight,sample weight (6 decimals) (state level),long,,
v000,country code and phase,str3,,
v001,cluster number,long,,
v002,household number,byte,,
v003,respondent's line number,byte,,
v3a00a,source of family planning for non-users: govt. / municipal hospital,byte,V3A00A,"{""0"": ""no"", ""1"": ""yes""}"
v3a00b,source of family planning for non-users: public ayush,byte,V3A00B,"{""0"": ""no"", ""1"": ""yes""}"
v3a00c,source of family planning for non-users: public: govt. dispensary,byte,V3A00C,"{""0"": ""no"", ""1"": ""yes""}"
v3a00d,source of family planning for non-users: public: uhc / uhp / ufwc,byte,V3A00D,"{""0"": ""no"", ""1"": ""yes""}"
v3a00e,source of family planning for non-users: public: chc / rural hospital / block ph,byte,V3A00E,"{""0"": ""no"", ""1"": ""yes""}"
v3a00f,source of family planning for non-users: public: phc / additional phc,byte,V3A00F,"{""0"": ""no"", ""1"": ""yes""}"
v3a00g,source of family planning for non-users: public: sub-centre / anm,byte,V3A00G,"{""0"": ""no"", ""1"": ""yes""}"
v3a00h,source of family planning for non-users: public: govt. mobile clinic,byte,V3A00H,"{""0"": ""no"", ""1"": ""yes""}"
v3a00i,source of family planning for non-users: public: camp,byte,V3A00I,"{""0"": ""no"", ""1"": ""yes""}"
v3a00j,source of family planning for non-users: private hospital/clinic,byte,V3A00J,"{""0"": ""no"", ""1"": ""yes""}"
v3a00k,source of family planning for non-users: pharmacy,byte,V3A00K,"{""0"": ""no"", ""1"": ""yes""}"
v3a00l,source of family planning for non-users: private doctor,byte,V3A00L,"{""0"": ""no"", ""1"": ""yes""}"
v3a00m,source of family planning for non-users: private: mobile clinic,byte,V3A00M,"{""0"": ""no"", ""1"": ""yes""}"
v3a00n,source of family planning for non-users: private ayush,byte,V3A00N,"{""0"": ""no"", ""1"": ""yes""}"
v3a00o,source of family planning for non-users: private: traditional healer,byte,V3A00O,"{""0"": ""no"", ""1"": ""yes""}"
v3a00p,source of family planning for non-users: private: dai (tba),byte,V3A00P,"{""0"": ""no"", ""1"": ""yes""}"
v3a00q,source of family planning for non-users: other private health,byte,V3A00Q,"{""0"": ""no"", ""1"": ""yes""}"
v3a00r,source of family planning for non-users: shop / friend / relative,byte,V3A00R,"{""0"": ""no"", ""1"": ""yes""}"
v3a00s,source of family planning for non-users: public: anganwadi / icds centre,byte,V3A00S,"{""0"": ""no"", ""1"": ""yes""}"
v3a00t,source of family planning for non-users: public: asha,byte,V3A00T,"{""0"": ""no"", ""1"": ""yes""}"
v3a00u,source of family planning for non-users: public: other community-based worker,byte,V3A00U,"{""0"": ""no"", ""1"": ""yes""}"
v3a00v,source of family planning for non-users: other public health sector,byte,V3A00V,"{""0"": ""no"", ""1"": ""yes""}"
v3a00w,source of family planning for non-users: ngo or trust hospital / clinic,byte,V3A00W,"{""0"": ""no"", ""1"": ""yes""}"
v3a00x,source of family planning for non-users: other,byte,V3A00X,"{""0"": ""no"", ""1"": ""yes""}"
v3a00y,source of family planning for non-users: no source,byte,V3A00Y,"{""0"": ""no: knows a source"", ""1"": ""yes: knows no source""}"
v3a00z,source of family planning for non-users: any source,byte,V3A00Z,"{""0"": ""no"", ""1"": ""yes""}"
v3a01,told sterilization would mean no more children,byte,V3A01,"{""0"": ""no"", ""1"": ""yes"", ""8"": ""don't know""}"
v3a02,told about side effects,byte,V3A02,"{""0"": ""no"", ""1"": ""yes""}"
v3a03,told about side effects by health or family planning worker,byte,V3A03,"{""0"": ""no"", ""1"": ""yes""}"
v3a04,told how to deal with side effects,byte,V3A04,"{""0"": ""no"", ""1"": ""yes""}"
v3a05,told about other family planning methods,byte,V3A05,"{""0"": ""no"", ""1"": ""yes""}"
v3a06,told about other family planning methods by health or family planning worker,byte,V3A06,"{""0"": ""no"", ""1"": ""yes""}"
v3a07,na - first source for current method,byte,V3A07,"{""10"": ""public sector"", ""20"": ""private sector"", ""30"": ""other source"", ""96"": ""other"", ""98"": ""don't know""}"
v3a08a,reason not using: not married,byte,V3A08A,"{""0"": ""no"", ""1"": ""yes""}"
v3a08aa,reason not using: menopausal,byte,V3A08AA,"{""0"": ""no"", ""1"": ""yes""}"
v3a08ab,na - reason not using: cs,byte,V3A08AB,"{""0"": ""no"", ""1"": ""yes""}"
v3a08ac,na - reason not using: cs,byte,V3A08AC,"{""0"": ""no"", ""1"": ""yes""}"
v3a08ad,na - reason not using: cs,byte,V3A08AD,"{""0"": ""no"", ""1"": ""yes""}"
v3a08b,reason not using: not having sex,byte,V3A08B,"{""0"": ""no"", ""1"": ""yes""}"
v3a08c,reason not using: infrequent sex,byte,V3A08C,"{""0"": ""no"", ""1"": ""yes""}"
v3a08d,reason not using: menopausal/hysterectomy  (see v3a08w and v3a08aa),byte,V3A08D,"{""0"": ""no"", ""1"": ""yes""}"
v3a08e,reason not using: subfecund/infecund,byte,V3A08E,"{""0"": ""no"", ""1"": ""yes""}"
v3a08f,reason not using: postpartum amenorrheic,byte,V3A08F,"{""0"": ""no"", ""1"": ""yes""}"
v3a08g,reason not using: breastfeeding,byte,V3A08G,"{""0"": ""no"", ""1"": ""yes""}"
v3a08h,reason not using: fatalistic,byte,V3A08H,"{""0"": ""no"", ""1"": ""yes""}"
v3a08i,reason not using: respondent opposed,byte,V3A08I,"{""0"": ""no"", ""1"": ""yes""}"
v3a08j,reason not using: husband/partner opposed,byte,V3A08J,"{""0"": ""no"", ""1"": ""yes""}"
v3a08k,reason not using: others opposed,byte,V3A08K,"{""0"": ""no"", ""1"": ""yes""}"
v3a08l,reason not using: religious prohibition,byte,V3A08L,"{""0"": ""no"", ""1"": ""yes""}"
v3a08m,reason not using: knows no method,byte,V3A08M,"{""0"": ""no"", ""1"": ""yes""}"
v3a08n,reason not using: knows no source,byte,V3A08N,"{""0"": ""no"", ""1"": ""yes""}"
v3a08o,na - reason not using: health concerns,byte,V3A08O,"{""0"": ""no"", ""1"": ""yes""}"
v3a08p,reason not using: fear of side effects/health concerns,byte,V3A08P,"{""0"": ""no"", ""1"": ""yes""}"
v3a08q,reason not using: lack of access/too far,byte,V3A08Q,"{""0"": ""no"", ""1"": ""yes""}"
v3a08r,reason not using: costs too much,byte,V3A08R,"{""0"": ""no"", ""1"": ""yes""}"
v3a08s,reason not using: inconvenient to use,byte,V3A08S,"{""0"": ""no"", ""1"": ""yes""}"
v3a08t,reason not using: interferes with body's processes,byte,V3A08T,"{""0"": ""no"", ""1"": ""yes""}"
v3a08u,reason not using: don't like existing method,byte,V3A08U,"{""0"": ""no"", ""1"": ""yes""}"
v3a08v,na - reason not using: no method available,byte,V3A08V,"{""0"": ""no"", ""1"": ""yes""}"
v3a08w,reason not using: hysterectomy,byte,V3A08W,"{""0"": ""no"", ""1"": ""yes""}"
v3a08x,reason not using: other,byte,V3A08X,"{""0"": ""no"", ""1"": ""yes""}"
v3a08z,reason not using: don't know,byte,V3A08Z,"{""0"": ""no"", ""1"": ""yes: don't know""}"
v3a09a,na - how many pill cycles did get last time,byte,V3A09A,"{""998"": ""don't know""}"
v3a09b,na - how many condoms did get last time,byte,V3A09B,"{""998"": ""don't know""}"
v004,ultimate area unit,long,,
v005,women's individual sample weight (6 decimals),long,,
v006,month of interview,byte,,
v007,year of interview,int,,
v008,date of interview (cmc),int,,
v008a,date of interview century day code (cdc),long,,
v009,respondent's month of birth,byte,,
v010,respondent's year of birth,int,,
v011,date of birth (cmc),int,,
v012,respondent's current age,byte,,
v013,age in 5-year groups,byte,V013,"{""1"": ""15-19"", ""2"": ""20-24"", ""3"": ""25-29"", ""4"": ""30-34"", ""5"": ""35-39"", ""6"": ""40-44"", ""7"": ""45-49""}"
v014,completeness of age information,byte,V014,"{""1"": ""month and year - information complete"", ""2"": ""month and age - year imputed"", ""3"": ""year and age - month imputed"", ""4"": ""year and age - year ignored"", ""5"": ""year - age/month imputed"", ""6"": ""age - year/month imputed"", ""7"": ""month - age/year imputed"", ""8"": ""none - all imputed""}"
v015,result of individual interview,byte,V015,"{""1"": ""completed"", ""2"": ""not at home"", ""3"": ""postponed"", ""4"": ""refused"", ""5"": ""partially completed"", ""6"": ""respondent incapacitated"", ""7"": ""other""}"
v016,day of interview,byte,,
v017,cmc start of calendar,int,,
v018,row of month of interview,byte,V018,"{""0"": ""no calendar""}"
v019,length of calendar,byte,V019,"{""0"": ""no calendar""}"
v019a,number of calendar columns,byte,V019A,"{""0"": ""no calendar""}"
v020,ever-married sample,byte,V020,"{""0"": ""all woman sample"", ""1"": ""ever married sample""}"
v021,primary sampling unit,long,,
v022,sample strata for sampling errors,long,,
v023,stratification used in sample design,long,,
v024,state,byte,V024,"{""1"": ""jammu & kashmir"", ""2"": ""himachal pradesh"", ""3"": ""punjab"", ""4"": ""chandigarh"", ""5"": ""uttarakhand"", ""6"": ""haryana"", ""7"": ""nct of delhi"", ""8"": ""rajasthan"", ""9"": ""uttar pradesh"", ""10"": ""bihar"", ""11"": ""sikkim"", ""12"": ""arunachal pradesh"", ""13"": ""nagaland"", ""14"": ""manipur"", ""15"": ""mizoram"", ""16"": ""tripura"", ""17"": ""meghalaya"", ""18"": ""assam"", ""19"": ""west bengal"", ""20"": ""jharkhand"", ""21"": ""odisha"", ""22"": ""chhattisgarh"", ""23"": ""madhya pradesh"", ""24"": ""gujarat"", ""25"": ""dadra & nagar haveli and daman & diu"", ""27"": ""maharashtra"", ""28"": ""andhra pradesh"", ""29"": ""karnataka"", ""30"": ""goa"", ""31"": ""lakshadweep"", ""32"": ""kerala"", ""33"": ""tamil nadu"", ""34"": ""puducherry"", ""35"": ""andaman & nicobar islands"", ""36"": ""telangana"", ""37"": ""ladakh""}"
v025,type of place of residence,byte,V025,"{""1"": ""urban"", ""2"": ""rural""}"
v026,na - de facto place of residence,byte,V026,"{""0"": ""capital, large city"", ""1"": ""small city"", ""2"": ""town"", ""3"": ""countryside""}"
v027,number of visits,byte,,
v028,interviewer identification,long,,
v029,na - keyer identification,byte,,
v030,field supervisor,long,,
v031,na - field editor,byte,,
v032,na - office editor,byte,,
v034,line number of husband,byte,V034,"{""0"": ""husband not in household""}"
v040,cluster altitude in meters,int,,
v042,household selected for hemoglobin,byte,V042,"{""0"": ""not selected"", ""1"": ""selected""}"
v044,selected for domestic violence module,byte,V044,"{""0"": ""woman not selected"", ""1"": ""woman selected and interviewed"", ""2"": ""woman selected, but privacy not possible"", ""3"": ""woman selected, but not interviewed""}"
v045a,language of questionnaire,byte,V045A,"{""1"": ""assamese"", ""2"": ""bengali"", ""3"": ""gujarati"", ""4"": ""hindi"", ""5"": ""kannada"", ""6"": ""kashmiri"", ""7"": ""konkani"", ""8"": ""malayalam"", ""9"": ""manipuri"", ""10"": ""marathi"", ""11"": ""nepali"", ""12"": ""oriya"", ""13"": ""punjabi"", ""14"": ""sindhi"", ""15"": ""tamil"", ""16"": ""telugu"", ""17"": ""urdu"", ""18"": ""english"", ""19"": ""garo"", ""20"": ""khasi"", ""21"": ""mizo""}"
v045b,language of interview,byte,V045B,"{""1"": ""assamese"", ""2"": ""bengali"", ""3"": ""gujarati"", ""4"": ""hindi"", ""5"": ""kannada"", ""6"": ""kashmiri"", ""7"": ""konkani"", ""8"": ""malayalam"", ""9"": ""manipuri"", ""10"": ""marathi"", ""11"": ""nepali"", ""12"": ""oriya"", ""13"": ""punjabi"", ""14"": ""sindhi"", ""15"": ""tamil"", ""16"": ""telugu"", ""17"": ""urdu"", ""18"": ""english"", ""19"": ""garo"", ""20"": ""khasi"", ""21"": ""mizo"", ""96"": ""other""}"
v045c,native language of respondent,byte,V045C,"{""1"": ""assamese"", ""2"": ""bengali"", ""3"": ""gujarati"", ""4"": ""hindi"", ""5"": ""kannada"", ""6"": ""kashmiri"", ""7"": ""konkani"", ""8"": ""malayalam"", ""9"": ""manipuri"", ""10"": ""marathi"", ""11"": ""nepali"", ""12"": ""oriya"", ""13"": ""punjabi"", ""14"": ""sindhi"", ""15"": ""tamil"", ""16"": ""telugu"", ""17"": ""urdu"", ""18"": ""english"", ""19"": ""garo"", ""20"": ""khasi"", ""21"": ""mizo"", ""96"": ""other""}"
v046,translator used,byte,V046,"{""0"": ""no"", ""1"": ""yes""}"
v101,state,byte,V101,"{""1"": ""jammu & kashmir"", ""2"": ""himachal pradesh"", ""3"": ""punjab"", ""4"": ""chandigarh"", ""5"": ""uttarakhand"", ""6"": ""haryana"", ""7"": ""nct of delhi"", ""8"": ""rajasthan"", ""9"": ""uttar pradesh"", ""10"": ""bihar"", ""11"": ""sikkim"", ""12"": ""arunachal pradesh"", ""13"": ""nagaland"", ""14"": ""manipur"", ""15"": ""mizoram"", ""16"": ""tripura"", ""17"": ""meghalaya"", ""18"": ""assam"", ""19"": ""west bengal"", ""20"": ""jharkhand"", ""21"": ""odisha"", ""22"": ""chhattisgarh"", ""23"": ""madhya pradesh"", ""24"": ""gujarat"", ""25"": ""dadra & nagar haveli and daman & diu"", ""27"": ""maharashtra"", ""28"": ""andhra pradesh"", ""29"": ""karnataka"", ""30"": ""goa"", ""31"": ""lakshadweep"", ""32"": ""kerala"", ""33"": ""tamil nadu"", ""34"": ""puducherry"", ""35"": ""andaman & nicobar islands"", ""36"": ""telangana"", ""37"": ""ladakh""}"
v102,type of place of residence,byte,V102,"{""1"": ""urban"", ""2"": ""rural""}"
v103,na - childhood place of residence,byte,V103,"{""0"": ""capital, large city"", ""1"": ""city"", ""2"": ""town"", ""3"": ""countryside"", ""4"": ""abroad""}"
v104,years lived in place of residence,byte,V104,"{""95"": ""always"", ""96"": ""visitor"", ""97"": ""inconsistent"", ""98"": ""don't know""}"
v105,na - type of place of previous residence,byte,V105,"{""0"": ""capital, large city"", ""1"": ""city"", ""2"": ""town"", ""3"": ""countryside"", ""4"": ""abroad""}"
v105a,na - region of previous residence,byte,V105A,"{""1"": ""region 1"", ""2"": ""region 2"", ""3"": ""region 3"", ""4"": ""region 4"", ""96"": ""abroad""}"
v106,highest educational level,byte,V106,"{""0"": ""no education"", ""1"": ""primary"", ""2"": ""secondary"", ""3"": ""higher""}"
v107,highest year of education,byte,V107,"{""0"": ""no years completed at level v106""}"
v113,source of drinking water,byte,V113,"{""10"": ""piped water"", ""11"": ""piped into dwelling"", ""12"": ""piped to yard/plot"", ""13"": ""piped to neighbor"", ""14"": ""public tap/standpipe"", ""20"": ""tube well water"", ""21"": ""tube well or borehole"", ""30"": ""dug well (open/protected)"", ""31"": ""protected well"", ""32"": ""unprotected well"", ""40"": ""surface from spring"", ""41"": ""protected spring"", ""42"": ""unprotected spring"", ""43"": ""river/dam/lake/ponds/stream/canal/irrigation channel"", ""51"": ""rainwater"", ""61"": ""tanker truck"", ""62"": ""cart with small tank"", ""71"": ""bottled water"", ""92"": ""community or plant"", ""96"": ""other"", ""97"": ""not a dejure resident""}"
v115,time to get to water source,int,V115,"{""996"": ""on premises"", ""997"": ""not a dejure resident"", ""998"": ""don't know""}"
v116,type of toilet facility,byte,V116,"{""10"": ""flush toilet"", ""11"": ""flush to piped sewer system"", ""12"": ""flush to septic tank"", ""13"": ""flush to pit latrine"", ""14"": ""flush to somewhere else"", ""15"": ""flush, don't know where"", ""20"": ""pit toilet latrine"", ""21"": ""ventilated improved pit latrine (vip)"", ""22"": ""pit latrine with slab"", ""23"": ""pit latrine without slab/open pit"", ""30"": ""no facility"", ""31"": ""no facility/bush/field"", ""41"": ""composting toilet"", ""42"": ""bucket toilet"", ""43"": ""hanging toilet/latrine"", ""44"": ""dry toilet"", ""96"": ""other"", ""97"": ""not a dejure resident""}"
v119,household has: electricity,byte,V119,"{""0"": ""no"", ""1"": ""yes"", ""7"": ""not a dejure resident""}"
v120,household has: radio,byte,V120,"{""0"": ""no"", ""1"": ""yes"", ""7"": ""not a dejure resident""}"
v121,household has: television,byte,V121,"{""0"": ""no"", ""1"": ""yes"", ""7"": ""not a dejure resident""}"
v122,household has: refrigerator,byte,V122,"{""0"": ""no"", ""1"": ""yes"", ""7"": ""not a dejure resident""}"
v123,household has: bicycle,byte,V123,"{""0"": ""no"", ""1"": ""yes"", ""7"": ""not a dejure resident""}"
v124,household has: motorcycle/scooter,byte,V124,"{""0"": ""no"", ""1"": ""yes"", ""7"": ""not a dejure resident""}"
v125,household has: car/truck,byte,V125,"{""0"": ""no"", ""1"": ""yes"", ""7"": ""not a dejure resident""}"
v127,main floor material,byte,V127,"{""11"": ""mud / clay / earth"", ""12"": ""sand"", ""13"": ""dung"", ""21"": ""raw wood planks"", ""22"": ""palm / bamboo"", ""23"": ""brick"", ""24"": ""stone"", ""31"": ""parquet / polished wood"", ""32"": ""vinyl / asphalt"", ""33"": ""ceramic tiles"", ""34"": ""cement"", ""35"": ""carpet"", ""36"": ""polished stone / marble / granite"", ""96"": ""other"", ""97"": ""not a dejure resident""}"
v128,main wall material,byte,V128,"{""11"": ""no walls"", ""12"": ""cane / palm / trunks / bamboo"", ""13"": ""mud"", ""14"": ""grass / reeds / thatch"", ""21"": ""bamboo with mud"", ""22"": ""stone with mud"", ""23"": ""plywood"", ""24"": ""cardboard"", ""25"": ""unburnt brick"", ""26"": ""raw wood / reused wood"", ""31"": ""cement / concrete"", ""32"": ""stone with lime / cement"", ""33"": ""burnt bricks"", ""34"": ""cement blocks"", ""35"": ""wood planks / shingles"", ""36"": ""gi/  metal / asbestos sheets"", ""96"": ""other"", ""97"": ""not a dejure resident""}"
v129,main roof material,byte,V129,"{""11"": ""no roof"", ""12"": ""thatch / palm leaf / reed / grass"", ""13"": ""mud"", ""14"": ""sod / mud and grass mixture"", ""15"": ""plastic / polythene sheeting"", ""21"": ""rustic mat"", ""22"": ""palm / bamboo"", ""23"": ""raw wood planks / timber"", ""24"": ""unburnt brick"", ""25"": ""loosely packed stone"", ""31"": ""metal / gi"", ""32"": ""wood"", ""33"": ""calamine / cement fiber"", ""34"": ""asbestos sheets"", ""35"": ""rcc / rbc / cement / concrete"", ""36"": ""roofing shingles"", ""37"": ""tiles"", ""38"": ""slate"", ""39"": ""burnt brick"", ""96"": ""other"", ""97"": ""not a dejure resident""}"
v130,religion,byte,V130,"{""1"": ""hindu"", ""2"": ""muslim"", ""3"": ""christian"", ""4"": ""sikh"", ""5"": ""buddhist / neo-buddhist"", ""6"": ""jain"", ""7"": ""jewish"", ""8"": ""parsi / zoroastrian"", ""9"": ""no religion"", ""96"": ""other""}"
v131,ethnicity,int,V131,"{""991"": ""caste"", ""992"": ""tribe"", ""993"": ""no caste / tribe"", ""998"": ""don't know""}"
v133,education in single years,byte,V133,"{""97"": ""inconsistent""}"
v134,na - de facto place of residence,byte,V134,"{""0"": ""capital, large city"", ""1"": ""small city"", ""2"": ""town"", ""3"": ""countryside""}"
v135,usual resident or visitor,byte,V135,"{""1"": ""usual resident"", ""2"": ""visitor""}"
v136,number of household members (listed),byte,,
v137,number of children 5 and under in household (de jure),byte,,
v138,number of eligible women in household (de facto),byte,,
v139,de jure region of residence,byte,V139,"{""0"": ""abroad"", ""1"": ""jammu & kashmir"", ""2"": ""himachal pradesh"", ""3"": ""punjab"", ""4"": ""chandigarh"", ""5"": ""uttarakhand"", ""6"": ""haryana"", ""7"": ""nct of delhi"", ""8"": ""rajasthan"", ""9"": ""uttar pradesh"", ""10"": ""bihar"", ""11"": ""sikkim"", ""12"": ""arunachal pradesh"", ""13"": ""nagaland"", ""14"": ""manipur"", ""15"": ""mizoram"", ""16"": ""tripura"", ""17"": ""meghalaya"", ""18"": ""assam"", ""19"": ""west bengal"", ""20"": ""jharkhand"", ""21"": ""odisha"", ""22"": ""chhattisgarh"", ""23"": ""madhya pradesh"", ""24"": ""gujarat"", ""25"": ""dadra & nagar haveli and daman & diu"", ""27"": ""maharashtra"", ""28"": ""andhra pradesh"", ""29"": ""karnataka"", ""30"": ""goa"", ""31"": ""lakshadweep"", ""32"": ""kerala"", ""33"": ""tamil nadu"", ""34"": ""puducherry"", ""35"": ""andaman & nicobar islands"", ""36"": ""telangana"", ""37"": ""ladakh"", ""97"": ""not de jure resident""}"
v140,de jure type of place of residence,byte,V140,"{""0"": ""abroad"", ""1"": ""urban"", ""2"": ""rural"", ""7"": ""not a dejure resident""}"
v141,na - de jure place of residence,byte,V141,"{""0"": ""capital, large city"", ""1"": ""city"", ""2"": ""town"", ""3"": ""countryside"", ""4"": ""abroad"", ""7"": ""not a dejure resident""}"
v149,educational attainment,byte,V149,"{""0"": ""no education"", ""1"": ""incomplete primary"", ""2"": ""complete primary"", ""3"": ""incomplete secondary"", ""4"": ""complete secondary"", ""5"": ""higher""}"
v150,relationship to household head,byte,V150,"{""1"": ""head"", ""2"": ""wife or husband"", ""3"": ""son/daughter"", ""4"": ""son/daughter-in-law"", ""5"": ""grandchild"", ""6"": ""parent"", ""7"": ""parent-in-law"", ""8"": ""brother/sister"", ""9"": ""co-spouse"", ""10"": ""other relative"", ""11"": ""adopted/foster child"", ""12"": ""not related"", ""13"": ""niece/nephew by blood"", ""14"": ""niece/nephew by marriage"", ""15"": ""brother-in-law or sister-in-law"", ""16"": ""niece/nephew"", ""17"": ""domestic servant"", ""98"": ""don't know""}"
v151,sex of household head,byte,V151,"{""1"": ""male"", ""2"": ""female"", ""3"": ""transgender""}"
v152,age of household head,byte,V152,"{""97"": ""97+"", ""98"": ""don't know""}"
v153,household has: telephone (land-line),byte,V153,"{""0"": ""no"", ""1"": ""yes"", ""7"": ""not a dejure resident""}"
v155,literacy,byte,V155,"{""0"": ""cannot read at all"", ""1"": ""able to read only parts of sentence"", ""2"": ""able to read whole sentence"", ""3"": ""no card with required language"", ""4"": ""blind/visually impaired""}"
v156,na - ever participated in a literacy program outside of primary,byte,V156,"{""0"": ""no"", ""1"": ""yes""}"
v157,frequency of reading newspaper or magazine,byte,V157,"{""0"": ""not at all"", ""1"": ""less than once a week"", ""2"": ""at least once a week"", ""3"": ""almost every day""}"
v158,frequency of listening to radio,byte,V158,"{""0"": ""not at all"", ""1"": ""less than once a week"", ""2"": ""at least once a week"", ""3"": ""almost every day""}"
v159,frequency of watching television,byte,V159,"{""0"": ""not at all"", ""1"": ""less than once a week"", ""2"": ""at least once a week"", ""3"": ""almost every day""}"
v160,toilet facilities shared with other households,byte,V160,"{""0"": ""no"", ""1"": ""yes"", ""7"": ""not a dejure resident""}"
v161,type of cooking fuel,byte,V161,"{""1"": ""electricity"", ""2"": ""lpg"", ""3"": ""natural gas"", ""4"": ""biogas"", ""5"": ""kerosene"", ""6"": ""coal, lignite"", ""7"": ""charcoal"", ""8"": ""wood"", ""9"": ""straw/shrubs/grass"", ""10"": ""agricultural crop"", ""11"": ""animal dung"", ""95"": ""no food cooked in house"", ""96"": ""other"", ""97"": ""not a dejure resident""}"
v166,na - result of salt test for iodine,byte,V166,"{""0"": ""0 ppm (no iodine)"", ""7"": ""7 ppm"", ""15"": ""15 ppm"", ""30"": ""30 ppm"", ""994"": ""salt not tested"", ""995"": ""no salt"", ""997"": ""not a dejure resident""}"
v167,na - number of trips in last 12 months,byte,V167,"{""0"": ""none"", ""90"": ""90+""}"
v168,away for more than one month in last 12 months,byte,V168,"{""0"": ""no"", ""1"": ""yes""}"
v169a,owns a mobile telephone,byte,V169A,"{""0"": ""no"", ""1"": ""yes""}"
v169b,use mobile telephone for financial transactions,byte,V169B,"{""0"": ""no"", ""1"": ""yes""}"
v170,has an account in a bank or other financial institution,byte,V170,"{""0"": ""no"", ""1"": ""yes""}"
v171a,use of internet,byte,V171A,"{""0"": ""never"", ""1"": ""yes, last 12 months"", ""2"": ""yes, before last 12 months"", ""3"": ""yes, can't establish when""}"
v171b,na - frequency of using internet last month,byte,V171B,"{""0"": ""not at all"", ""1"": ""less than once a week"", ""2"": ""at least once a week"", ""3"": ""almost every day""}"
v190,wealth index combined,byte,V190,"{""1"": ""poorest"", ""2"": ""poorer"", ""3"": ""middle"", ""4"": ""richer"", ""5"": ""richest""}"
v190a,wealth index for urban/rural,byte,V190A,"{""1"": ""poorest"", ""2"": ""poorer"", ""3"": ""middle"", ""4"": ""richer"", ""5"": ""richest""}"
v191,wealth index factor score combined (5 decimals),long,,
v191a,wealth index factor score for urban/rural (5 decimals),long,,
v201,total children ever born,byte,,
v202,sons at home,byte,,
v203,daughters at home,byte,,
v204,sons elsewhere,byte,,
v205,daughters elsewhere,byte,,
v206,sons who have died,byte,,
v207,daughters who have died,byte,,
v208,births in last five years,byte,V208,"{""0"": ""no births""}"
v209,births in past year,byte,V209,"{""0"": ""no births""}"
v210,births in month of interview,byte,,
v211,date of first birth (cmc),int,,
v212,age of respondent at 1st birth,byte,,
v213,currently pregnant,byte,V213,"{""0"": ""no or unsure"", ""1"": ""yes""}"
v214,duration of current pregnancy,byte,,
v215,time since last menstrual period,int,V215,"{""100"": ""day of interview"", ""101"": ""days: 1"", ""199"": ""days: number missing"", ""201"": ""weeks: 1"", ""299"": ""weeks: number missing"", ""301"": ""months: 1"", ""399"": ""months: number missing"", ""401"": ""years: 1"", ""499"": ""years: number missing"", ""993"": ""has had hysterectomy"", ""994"": ""in menopause/had hysterectomy"", ""995"": ""before last birth"", ""996"": ""never menstruated"", ""997"": ""inconsistent"", ""998"": ""don't know""}"
v216,menstruated in last six weeks,byte,V216,"{""0"": ""no"", ""1"": ""yes""}"
v217,knowledge of ovulatory cycle,byte,V217,"{""1"": ""during her period"", ""2"": ""after period ended"", ""3"": ""middle of the cycle"", ""4"": ""before period begins"", ""5"": ""at any time"", ""6"": ""other"", ""8"": ""don't know""}"
v218,number of living children,byte,,
v219,living children + current pregnancy,byte,,
v220,living children + current pregnancy (grouped),byte,V220,"{""6"": ""6+""}"
v221,marriage to first birth interval (months),int,V221,"{""996"": ""negative interval""}"
v222,last birth to interview (months),int,,
v223,completeness of current pregnancy information,byte,V223,"{""7"": ""month - exact date"", ""8"": ""none - date placed""}"
v224,entries in birth history,byte,,
v225,current pregnancy wanted,byte,V225,"{""1"": ""then"", ""2"": ""later"", ""3"": ""not at all""}"
v226,time since last period (comp) (months),int,V226,"{""993"": ""has had hysterectomy"", ""994"": ""in menopause"", ""995"": ""before last birth"", ""996"": ""never menstruated"", ""997"": ""inconsistent"", ""998"": ""don't know""}"
v227,flag for last period,byte,V227,"{""0"": ""no flag"", ""1"": ""n > interval since birth"", ""2"": ""n + amen. > interval"", ""3"": ""n, but period not returned"", ""4"": ""95, but no birth"", ""5"": ""95, but period returned"", ""6"": ""96, but period returned"", ""7"": ""n, last period during pregnancy"", ""8"": ""96, had children"", ""9"": ""n, period before last birth""}"
v228,ever had a terminated pregnancy,byte,V228,"{""0"": ""no"", ""1"": ""yes""}"
v229,month pregnancy ended,byte,V229,"{""97"": ""inconsistent"", ""98"": ""don't know""}"
v230,year pregnancy ended,int,V230,"{""9997"": ""inconsistent"", ""9998"": ""don't know""}"
v231,cmc pregnancy ended,int,V231,"{""9997"": ""inconsistent"", ""9998"": ""don't know""}"
v232,completeness of last termination information,byte,V232,"{""1"": ""month and year"", ""2"": ""from calendar"", ""5"": ""year"", ""7"": ""month"", ""8"": ""none""}"
v233,months when pregnancy ended,byte,V233,"{""97"": ""inconsistent"", ""98"": ""don't know""}"
v234,other such pregnancies,byte,V234,"{""0"": ""no"", ""1"": ""yes""}"
v235,index last child prior to maternity-health (calendar),byte,V235,"{""0"": ""no prior child""}"
v237,birth between last and interview,byte,V237,"{""0"": ""no"", ""1"": ""yes""}"
v238,births in last three years,byte,,
v239,pregnancies terminated before calendar beginning,byte,V239,"{""0"": ""no"", ""1"": ""yes""}"
v240,month of last termination prior to calendar,byte,V240,"{""97"": ""inconsistent"", ""98"": ""don't know""}"
v241,year of last termination prior to calendar,int,V241,"{""9997"": ""inconsistent"", ""9998"": ""don't know""}"
v242,cmc termination ended prior to calendar,int,V242,"{""9997"": ""inconsistent"", ""9998"": ""don't know""}"
v243,completeness of last termination date prior to calendar,byte,V243,"{""1"": ""month and year"", ""2"": ""from calendar"", ""5"": ""year"", ""7"": ""month"", ""8"": ""none""}"
v244,na - can women get pregnant after birth and before period,byte,V244,"{""0"": ""no"", ""1"": ""yes"", ""8"": ""don't know""}"
v301,knowledge of any method,byte,V301,"{""0"": ""knows no method"", ""1"": ""knows only folkloric method"", ""2"": ""knows only traditional method"", ""3"": ""knows modern method""}"
v302,na - ever use of any method,byte,V302,"{""0"": ""never used"", ""1"": ""used only folkloric method"", ""2"": ""used only traditional method"", ""3"": ""used modern method""}"
v302a,ever used anything or tried to delay or avoid getting pregnant,byte,V302A,"{""0"": ""no"", ""1"": ""yes, used outside calendar"", ""2"": ""yes, used in calendar""}"
v304_01,knows method,byte,V304_01,"{""0"": ""no"", ""1"": ""yes"", ""7"": ""not in contraception table, but as a current method"", ""8"": ""not asked""}"
v304_02,knows method,byte,V304_02,"{""0"": ""no"", ""1"": ""yes"", ""7"": ""not in contraception table, but as a current method"", ""8"": ""not asked""}"
v304_03,knows method,byte,V304_03,"{""0"": ""no"", ""1"": ""yes"", ""7"": ""not in contraception table, but as a current method"", ""8"": ""not asked""}"
v304_04,knows method,byte,V304_04,"{""0"": ""no"", ""1"": ""yes"", ""7"": ""not in contraception table, but as a current method"", ""8"": ""not asked""}"
v304_05,knows method,byte,V304_05,"{""0"": ""no"", ""1"": ""yes"", ""7"": ""not in contraception table, but as a current method"", ""8"": ""not asked""}"
v304_06,knows method,byte,V304_06,"{""0"": ""no"", ""1"": ""yes"", ""7"": ""not in contraception table, but as a current method"", ""8"": ""not asked""}"
v304_07,knows method,byte,V304_07,"{""0"": ""no"", ""1"": ""yes"", ""7"": ""not in contraception table, but as a current method"", ""8"": ""not asked""}"
v304_08,knows method,byte,V304_08,"{""0"": ""no"", ""1"": ""yes"", ""7"": ""not in contraception table, but as a current method"", ""8"": ""not asked""}"
v304_09,knows method,byte,V304_09,"{""0"": ""no"", ""1"": ""yes"", ""7"": ""not in contraception table, but as a current method"", ""8"": ""not asked""}"
v304_10,knows method,byte,V304_10,"{""0"": ""no"", ""1"": ""yes"", ""7"": ""not in contraception table, but as a current method"", ""8"": ""not asked""}"
v304_11,knows method,byte,V304_11,"{""0"": ""no"", ""1"": ""yes"", ""7"": ""not in contraception table, but as a current method"", ""8"": ""not asked""}"
v304_12,knows method,byte,V304_12,"{""0"": ""no"", ""1"": ""yes"", ""7"": ""not in contraception table, but as a current method"", ""8"": ""not asked""}"
v304_13,knows method,byte,V304_13,"{""0"": ""no"", ""1"": ""yes"", ""7"": ""not in contraception table, but as a current method"", ""8"": ""not asked""}"
v304_14,knows method,byte,V304_14,"{""0"": ""no"", ""1"": ""yes"", ""7"": ""not in contraception table, but as a current method"", ""8"": ""not asked""}"
v304_15,knows method,byte,V304_15,"{""0"": ""no"", ""1"": ""yes"", ""7"": ""not in contraception table, but as a current method"", ""8"": ""not asked""}"
v304_16,knows method,byte,V304_16,"{""0"": ""no"", ""1"": ""yes"", ""7"": ""not in contraception table, but as a current method"", ""8"": ""not asked""}"
v304_17,knows method,byte,V304_17,"{""0"": ""no"", ""1"": ""yes"", ""7"": ""not in contraception table, but as a current method"", ""8"": ""not asked""}"
v304_18,knows method,byte,V304_18,"{""0"": ""no"", ""1"": ""yes"", ""7"": ""not in contraception table, but as a current method"", ""8"": ""not asked""}"
v304_19,knows method,byte,V304_19,"{""0"": ""no"", ""1"": ""yes"", ""7"": ""not in contraception table, but as a current method"", ""8"": ""not asked""}"
v304_20,knows method,byte,V304_20,"{""0"": ""no"", ""1"": ""yes"", ""7"": ""not in contraception table, but as a current method"", ""8"": ""not asked""}"
v304a_01,type of method,byte,V304A_01,"{""1"": ""modern method"", ""2"": ""traditional method"", ""3"": ""folkloric method""}"
v304a_02,type of method,byte,V304A_02,"{""1"": ""modern method"", ""2"": ""traditional method"", ""3"": ""folkloric method""}"
v304a_03,type of method,byte,V304A_03,"{""1"": ""modern method"", ""2"": ""traditional method"", ""3"": ""folkloric method""}"
v304a_04,type of method,byte,V304A_04,"{""1"": ""modern method"", ""2"": ""traditional method"", ""3"": ""folkloric method""}"
v304a_05,type of method,byte,V304A_05,"{""1"": ""modern method"", ""2"": ""traditional method"", ""3"": ""folkloric method""}"
v304a_06,type of method,byte,V304A_06,"{""1"": ""modern method"", ""2"": ""traditional method"", ""3"": ""folkloric method""}"
v304a_07,type of method,byte,V304A_07,"{""1"": ""modern method"", ""2"": ""traditional method"", ""3"": ""folkloric method""}"
v304a_08,type of method,byte,V304A_08,"{""1"": ""modern method"", ""2"": ""traditional method"", ""3"": ""folkloric method""}"
v304a_09,type of method,byte,V304A_09,"{""1"": ""modern method"", ""2"": ""traditional method"", ""3"": ""folkloric method""}"
v304a_10,type of method,byte,V304A_10,"{""1"": ""modern method"", ""2"": ""traditional method"", ""3"": ""folkloric method""}"
v304a_11,type of method,byte,V304A_11,"{""1"": ""modern method"", ""2"": ""traditional method"", ""3"": ""folkloric method""}"
v304a_12,type of method,byte,V304A_12,"{""1"": ""modern method"", ""2"": ""traditional method"", ""3"": ""folkloric method""}"
v304a_13,type of method,byte,V304A_13,"{""1"": ""modern method"", ""2"": ""traditional method"", ""3"": ""folkloric method""}"
v304a_14,type of method,byte,V304A_14,"{""1"": ""modern method"", ""2"": ""traditional method"", ""3"": ""folkloric method""}"
v304a_15,type of method,byte,V304A_15,"{""1"": ""modern method"", ""2"": ""traditional method"", ""3"": ""folkloric method""}"
v304a_16,type of method,byte,V304A_16,"{""1"": ""modern method"", ""2"": ""traditional method"", ""3"": ""folkloric method""}"
v304a_17,type of method,byte,V304A_17,"{""1"": ""modern method"", ""2"": ""traditional method"", ""3"": ""folkloric method""}"
v304a_18,type of method,byte,V304A_18,"{""1"": ""modern method"", ""2"": ""traditional method"", ""3"": ""folkloric method""}"
v304a_19,type of method,byte,V304A_19,"{""1"": ""modern method"", ""2"": ""traditional method"", ""3"": ""folkloric method""}"
v304a_20,type of method,byte,V304A_20,"{""1"": ""modern method"", ""2"": ""traditional method"", ""3"": ""folkloric method""}"
v305_01,na - ever used method,byte,V305_01,"{""0"": ""no"", ""1"": ""yes""}"
v305_02,na - ever used method,byte,V305_02,"{""0"": ""no"", ""1"": ""yes""}"
v305_03,na - ever used method,byte,V305_03,"{""0"": ""no"", ""1"": ""yes""}"
v305_04,na - ever used method,byte,V305_04,"{""0"": ""no"", ""1"": ""yes""}"
v305_05,na - ever used method,byte,V305_05,"{""0"": ""no"", ""1"": ""yes""}"
v305_06,na - ever used method,byte,V305_06,"{""0"": ""no"", ""1"": ""yes""}"
v305_07,na - ever used method,byte,V305_07,"{""0"": ""no"", ""1"": ""yes""}"
v305_08,na - ever used method,byte,V305_08,"{""0"": ""no"", ""1"": ""yes""}"
v305_09,na - ever used method,byte,V305_09,"{""0"": ""no"", ""1"": ""yes""}"
v305_10,na - ever used method,byte,V305_10,"{""0"": ""no"", ""1"": ""yes""}"
v305_11,na - ever used method,byte,V305_11,"{""0"": ""no"", ""1"": ""yes""}"
v305_12,na - ever used method,byte,V305_12,"{""0"": ""no"", ""1"": ""yes""}"
v305_13,na - ever used method,byte,V305_13,"{""0"": ""no"", ""1"": ""yes""}"
v305_14,na - ever used method,byte,V305_14,"{""0"": ""no"", ""1"": ""yes""}"
v305_15,na - ever used method,byte,V305_15,"{""0"": ""no"", ""1"": ""yes""}"
v305_16,na - ever used method,byte,V305_16,"{""0"": ""no"", ""1"": ""yes""}"
v305_17,na - ever used method,byte,V305_17,"{""0"": ""no"", ""1"": ""yes""}"
v305_18,na - ever used method,byte,V305_18,"{""0"": ""no"", ""1"": ""yes""}"
v305_19,na - ever used method,byte,V305_19,"{""0"": ""no"", ""1"": ""yes""}"
v305_20,na - ever used method,byte,V305_20,"{""0"": ""no"", ""1"": ""yes""}"
v307_01,method currently used,byte,V307_01,"{""0"": ""no"", ""1"": ""yes""}"
v307_02,method currently used,byte,V307_02,"{""0"": ""no"", ""1"": ""yes""}"
v307_03,method currently used,byte,V307_03,"{""0"": ""no"", ""1"": ""yes""}"
v307_04,method currently used,byte,V307_04,"{""0"": ""no"", ""1"": ""yes""}"
v307_05,method currently used,byte,V307_05,"{""0"": ""no"", ""1"": ""yes""}"
v307_06,method currently used,byte,V307_06,"{""0"": ""no"", ""1"": ""yes""}"
v307_07,method currently used,byte,V307_07,"{""0"": ""no"", ""1"": ""yes""}"
v307_08,method currently used,byte,V307_08,"{""0"": ""no"", ""1"": ""yes""}"
v307_09,method currently used,byte,V307_09,"{""0"": ""no"", ""1"": ""yes""}"
v307_10,method currently used,byte,V307_10,"{""0"": ""no"", ""1"": ""yes""}"
v307_11,method currently used,byte,V307_11,"{""0"": ""no"", ""1"": ""yes""}"
v307_12,method currently used,byte,V307_12,"{""0"": ""no"", ""1"": ""yes""}"
v307_13,method currently used,byte,V307_13,"{""0"": ""no"", ""1"": ""yes""}"
v307_14,method currently used,byte,V307_14,"{""0"": ""no"", ""1"": ""yes""}"
v307_15,method currently used,byte,V307_15,"{""0"": ""no"", ""1"": ""yes""}"
v307_16,method currently used,byte,V307_16,"{""0"": ""no"", ""1"": ""yes""}"
v307_17,method currently used,byte,V307_17,"{""0"": ""no"", ""1"": ""yes""}"
v307_18,method currently used,byte,V307_18,"{""0"": ""no"", ""1"": ""yes""}"
v307_19,method currently used,byte,V307_19,"{""0"": ""no"", ""1"": ""yes""}"
v307_20,method currently used,byte,V307_20,"{""0"": ""no"", ""1"": ""yes""}"
v310,living children at first use,byte,,
v311,children at first use (grouped),byte,V311,"{""4"": ""4+"", ""5"": ""never used""}"
v312,current contraceptive method,byte,V312,"{""0"": ""not using"", ""1"": ""pill"", ""2"": ""iud"", ""3"": ""injections"", ""4"": ""diaphragm"", ""5"": ""male condom"", ""6"": ""female sterilization"", ""7"": ""male sterilization"", ""8"": ""periodic abstinence"", ""9"": ""withdrawal"", ""10"": ""other traditional"", ""11"": ""implants/norplant"", ""12"": ""prolonged abstinence"", ""13"": ""lactational amenorrhea (lam)"", ""14"": ""female condom"", ""15"": ""foam or jelly"", ""16"": ""emergency contraception"", ""17"": ""other modern method"", ""18"": ""standard days method (sdm)"", ""19"": ""specific method 1"", ""20"": ""specific method 2""}"
v313,current use by method type,byte,V313,"{""0"": ""no method"", ""1"": ""folkloric method"", ""2"": ""traditional method"", ""3"": ""modern method""}"
v315,month of start of use of method,byte,,
v316,year of start of use of method,int,,
v317,date of start of use of method (cmc),int,,
v318,completeness of information,byte,V318,"{""1"": ""month and year - information complete"", ""5"": ""year - month imputed, age calculated"", ""7"": ""month - date placed"", ""8"": ""none - date placed"", ""9"": ""from calendar""}"
v319,years since sterilization,byte,V319,"{""1"": ""<2"", ""2"": ""2-3"", ""3"": ""4-5"", ""4"": ""6-7"", ""5"": ""8-9"", ""6"": ""10+""}"
v320,age at sterilization,byte,V320,"{""1"": ""<25"", ""2"": ""25-29"", ""3"": ""30-34"", ""4"": ""35-39"", ""5"": ""40-44"", ""6"": ""45-49""}"
v321,marital duration at sterilization,byte,V321,"{""0"": ""single, before marriage"", ""1"": ""0-4"", ""2"": ""5-9"", ""3"": ""10-14"", ""4"": ""15-19"", ""5"": ""20-24"", ""6"": ""25+""}"
v322,parity at sterilization,byte,V322,"{""5"": ""5+""}"
v323,na - brand of pill used,byte,V323,"{""98"": ""don't know""}"
v323a,na - brand of condom used,byte,V323A,"{""98"": ""don't know""}"
v325a,na - cost of current method (in currency),byte,V325A,"{""9999995"": ""free"", ""9999998"": ""don't know""}"
v326,last source for current users,byte,V326,"{""10"": ""public"", ""11"": ""government/municipal hospital"", ""12"": ""government dispensary"", ""13"": ""unc/uhp/ufwc"", ""14"": ""chc/rural hospital/phc"", ""15"": ""phc/additional phc"", ""16"": ""sub-centre"", ""17"": ""govt mobile clinic"", ""18"": ""camp"", ""19"": ""other public medical sector"", ""20"": ""private medical"", ""21"": ""private hospital"", ""22"": ""private doctor/clinic"", ""23"": ""private mobile clinic"", ""24"": ""vaidya/hakim/homeopath"", ""25"": ""traditional healer"", ""26"": ""pharmacy/drugstore"", ""27"": ""dai (tba)"", ""28"": ""other private medical"", ""30"": ""other private"", ""31"": ""shop"", ""32"": ""husband"", ""33"": ""friend/relative"", ""41"": ""public: vaidya/hakim/homeopath (ayush)"", ""42"": ""public: anganwadi/icds centre"", ""43"": ""public: asha"", ""44"": ""public: other comm-based worker"", ""45"": ""ngo or trust hosp/clinic"", ""96"": ""other"", ""98"": ""don't know""}"
v327,last source for users by type,byte,V327,"{""1"": ""government clinic/pharmacy"", ""2"": ""government home/community delivery"", ""3"": ""ngo"", ""4"": ""private clinic/delivery"", ""5"": ""pharmacy"", ""6"": ""shop, church, friend"", ""7"": ""other"", ""8"": ""don't know""}"
v337,months of use of current method,byte,V337,"{""95"": ""all calendar {a core}"", ""96"": ""96+ {b core}"", ""997"": ""inconsistent"", ""998"": ""don't know""}"
v359,last method discontinued in last 5 years,byte,V359,"{""1"": ""pill"", ""2"": ""iud"", ""3"": ""injections"", ""4"": ""diaphragm"", ""5"": ""male condom"", ""6"": ""female sterilization"", ""7"": ""male sterilization"", ""8"": ""periodic abstinence"", ""9"": ""withdrawal"", ""10"": ""other traditional"", ""11"": ""implants/norplant"", ""12"": ""prolonged abstinence"", ""13"": ""lactational amenorrhea (lam)"", ""14"": ""female condom"", ""15"": ""foam or jelly"", ""16"": ""emergency contraception"", ""17"": ""other modern method"", ""18"": ""standard days method (sdm)"", ""19"": ""specific method 1"", ""20"": ""specific method 2""}"
v360,reason of last discontinuation,byte,V360,"{""1"": ""became pregnant"", ""2"": ""wanted to become pregnant"", ""3"": ""husband disapproved"", ""4"": ""side effects"", ""5"": ""health concerns"", ""6"": ""access, availability"", ""7"": ""wanted more effective method"", ""8"": ""inconvenient to use"", ""9"": ""infrequent sex, husband away"", ""10"": ""cost"", ""11"": ""fatalistic"", ""12"": ""difficult pregnancy, menopause"", ""13"": ""marital dissolution"", ""14"": ""other"", ""15"": ""lack of sexual satisfaction"", ""16"": ""creating menstrual problems"", ""17"": ""gained weight"", ""18"": ""did not like method"", ""19"": ""lack of privacy to use"", ""98"": ""don't know""}"
v361,pattern of use,byte,V361,"{""1"": ""currently using"", ""2"": ""used since last birth"", ""3"": ""used before last birth"", ""4"": ""never used""}"
v362,intention to use,byte,V362,"{""1"": ""in next 12 months"", ""2"": ""use later"", ""3"": ""unsure about timing"", ""4"": ""unsure about use"", ""5"": ""does not intend"", ""6"": ""never had sex""}"
v363,na - preferred future method,byte,V363,"{""1"": ""pill"", ""2"": ""iud"", ""3"": ""injections"", ""4"": ""diaphragm"", ""5"": ""male condom"", ""6"": ""female sterilization"", ""7"": ""male sterilization"", ""8"": ""periodic abstinence"", ""9"": ""withdrawal"", ""10"": ""other traditional"", ""11"": ""implants/norplant"", ""12"": ""prolonged abstinence"", ""13"": ""lactational amenorrhea (lam)"", ""14"": ""female condom"", ""15"": ""foam or jelly"", ""16"": ""emergency contraception"", ""17"": ""other modern method"", ""18"": ""standard days method (sdm)"", ""19"": ""specific method 1"", ""20"": ""specific method 2"", ""98"": ""don't know""}"
v364,contraceptive use and intention,byte,V364,"{""1"": ""using modern method"", ""2"": ""using traditional method"", ""3"": ""non-user - intends to use later"", ""4"": ""does not intend to use"", ""5"": ""never had sex""}"
v367,wanted last child,byte,V367,"{""1"": ""wanted then"", ""2"": ""wanted later"", ""3"": ""wanted no more""}"
v372,na - shown pill package,byte,V372,"{""0"": ""package not seen"", ""1"": ""package seen""}"
v372a,na - shown condom package,byte,V372A,"{""0"": ""package not seen"", ""1"": ""package seen""}"
v375a,na - main reason not using a method,byte,V375A,"{""11"": ""not married"", ""20"": ""fertility-related"", ""21"": ""not having sex"", ""22"": ""infrequent sex"", ""23"": ""menopausal, hysterectomy"", ""24"": ""subfecund, infecund"", ""25"": ""postpartum, breastfeeding"", ""26"": ""wants more children"", ""27"": ""pregnant"", ""30"": ""opposition to use"", ""31"": ""respondent opposed"", ""32"": ""husband opposed"", ""33"": ""others opposed"", ""34"": ""religious prohibition"", ""40"": ""lack of knowledge"", ""41"": ""knows no method"", ""42"": ""knows no source"", ""50"": ""method-related"", ""51"": ""health concerns"", ""52"": ""fears side effects"", ""53"": ""lack of access"", ""54"": ""cost too much"", ""55"": ""inconvenient to use"", ""56"": ""interferes with body"", ""96"": ""other"", ""98"": ""don't know""}"
v376,na - main reason not to use a method,byte,V376,"{""11"": ""not married"", ""20"": ""fertility-related"", ""22"": ""infrequent sex"", ""23"": ""menopausal, hysterectomy"", ""24"": ""subfecund, infecund"", ""26"": ""wants more children"", ""30"": ""opposition to use"", ""31"": ""respondent opposed"", ""32"": ""husband opposed"", ""33"": ""others opposed"", ""34"": ""religious prohibition"", ""40"": ""lack of knowledge"", ""41"": ""knows no method"", ""42"": ""knows no source"", ""50"": ""method-related"", ""51"": ""health concerns"", ""52"": ""fears side effects"", ""53"": ""lack of access"", ""54"": ""cost too much"", ""55"": ""inconvenient to use"", ""56"": ""interferes with body"", ""96"": ""other"", ""98"": ""don't know""}"
v376a,na - would ever use method if married,byte,V376A,"{""0"": ""no"", ""1"": ""yes"", ""8"": ""don't know""}"
v379,na - source known for any method,byte,V379,"{""10"": ""public sector"", ""20"": ""private sector"", ""30"": ""other source"", ""96"": ""other"", ""98"": ""don't know""}"
v380,na - source known for any method,byte,V380,"{""1"": ""government clinic/pharmacy"", ""2"": ""government home/community delivery"", ""3"": ""ngo"", ""4"": ""private clinic/delivery"", ""5"": ""pharmacy"", ""6"": ""shop, church, friend"", ""7"": ""other"", ""8"": ""don't know""}"
v384a,heard family planning on radio last few months,byte,V384A,"{""0"": ""no"", ""1"": ""yes""}"
v384b,heard family planning on tv last few months,byte,V384B,"{""0"": ""no"", ""1"": ""yes""}"
v384c,heard family planning in newspaper/magazine last few months,byte,V384C,"{""0"": ""no"", ""1"": ""yes""}"
v384d,na - heard family planning by text messages on mobile phone,byte,V384D,"{""0"": ""no"", ""1"": ""yes""}"
v393,na - visited by fieldworker in last 12 months,byte,V393,"{""0"": ""no"", ""1"": ""yes""}"
v393a,na - did fieldworker talk about family planning,byte,V393A,"{""0"": ""no"", ""1"": ""yes""}"
v394,na - visited health facility last 12 months,byte,V394,"{""0"": ""no"", ""1"": ""yes""}"
v395,"na - at health facility, told of family planning",byte,V395,"{""0"": ""no"", ""1"": ""yes""}"
v401,last birth a caesarean section,byte,V401,"{""0"": ""no"", ""1"": ""yes""}"
v404,currently breastfeeding,byte,V404,"{""0"": ""no"", ""1"": ""yes""}"
v405,currently amenorrheic,byte,V405,"{""0"": ""no"", ""1"": ""yes""}"
v406,currently abstaining,byte,V406,"{""0"": ""no"", ""1"": ""yes""}"
v407,na - number of times breastfed during night,byte,V407,"{""96"": ""on demand""}"
v408,na - number of times breastfed during day,byte,V408,"{""96"": ""on demand""}"
v409,gave child plain water,byte,V409,"{""0"": ""no"", ""1"": ""yes"", ""8"": ""don't know""}"
v409a,na - gave child sugar water,byte,V409A,"{""0"": ""no"", ""1"": ""yes"", ""8"": ""don't know""}"
v410,gave child juice,byte,V410,"{""0"": ""no"", ""1"": ""yes"", ""8"": ""don't know""}"
v410a,na - gave child tea or coffee,byte,V410A,"{""0"": ""no"", ""1"": ""yes"", ""8"": ""don't know""}"
v411,"gave child tinned, powdered or fresh milk",byte,V411,"{""0"": ""no"", ""1"": ""yes"", ""8"": ""don't know""}"
v411a,gave child baby formula,byte,V411A,"{""0"": ""no"", ""1"": ""yes"", ""8"": ""don't know""}"
v412,na - gave child fresh milk,byte,V412,"{""0"": ""no"", ""1"": ""yes"", ""8"": ""don't know""}"
v412a,"gave child fortified baby food (cerelac, etc)",byte,V412A,"{""0"": ""no"", ""1"": ""yes"", ""8"": ""don't know""}"
v412b,na - gave child other porridge/gruel,byte,V412B,"{""0"": ""no"", ""1"": ""yes"", ""8"": ""don't know""}"
v412c,gave child soup/clear broth,byte,V412C,"{""0"": ""no"", ""1"": ""yes"", ""8"": ""don't know""}"
v413,gave child other liquid,byte,V413,"{""0"": ""no"", ""1"": ""yes"", ""8"": ""don't know""}"
v413a,na - gave child cs liquid,byte,V413A,"{""0"": ""no"", ""1"": ""yes"", ""8"": ""don't know""}"
v413b,na - gave child cs liquid,byte,V413B,"{""0"": ""no"", ""1"": ""yes"", ""8"": ""don't know""}"
v413c,na - gave child cs liquid,byte,V413C,"{""0"": ""no"", ""1"": ""yes"", ""8"": ""don't know""}"
v413d,na - gave child cs liquid,byte,V413D,"{""0"": ""no"", ""1"": ""yes"", ""8"": ""don't know""}"
v414a,"gave child any chicken, duck or other birds",byte,V414A,"{""0"": ""no"", ""1"": ""yes"", ""8"": ""don't know""}"
v414b,na - gave child cs foods,byte,V414B,"{""0"": ""no"", ""1"": ""yes"", ""8"": ""don't know""}"
v414c,na - gave child cs foods,byte,V414C,"{""0"": ""no"", ""1"": ""yes"", ""8"": ""don't know""}"
v414d,na - gave child cs foods,byte,V414D,"{""0"": ""no"", ""1"": ""yes"", ""8"": ""don't know""}"
v414e,"gave child bread, noodles, other made from grains",byte,V414E,"{""0"": ""no"", ""1"": ""yes"", ""8"": ""don't know""}"
v414f,"gave child potatoes, cassava, or other tubers",byte,V414F,"{""0"": ""no"", ""1"": ""yes"", ""8"": ""don't know""}"
v414g,gave child eggs,byte,V414G,"{""0"": ""no"", ""1"": ""yes"", ""8"": ""don't know""}"
v414h,"na - gave child meat (beef, pork, lamb, chicken, etc)",byte,V414H,"{""0"": ""no"", ""1"": ""yes"", ""8"": ""don't know""}"
v414i,"gave child pumpkin, carrots, squash (yellow or orange inside)",byte,V414I,"{""0"": ""no"", ""1"": ""yes"", ""8"": ""don't know""}"
v414j,gave child any dark green leafy vegetables,byte,V414J,"{""0"": ""no"", ""1"": ""yes"", ""8"": ""don't know""}"
v414k,"gave child mangoes, papayas, other vitamin a fruits",byte,V414K,"{""0"": ""no"", ""1"": ""yes"", ""8"": ""don't know""}"
v414l,gave child any other fruits,byte,V414L,"{""0"": ""no"", ""1"": ""yes"", ""8"": ""don't know""}"
v414m,"gave child liver, heart, other organs",byte,V414M,"{""0"": ""no"", ""1"": ""yes"", ""8"": ""don't know""}"
v414n,gave child fish or shellfish,byte,V414N,"{""0"": ""no"", ""1"": ""yes"", ""8"": ""don't know""}"
v414o,"gave child food made from beans, peas, lentils, nuts",byte,V414O,"{""0"": ""no"", ""1"": ""yes"", ""8"": ""don't know""}"
v414p,"gave child cheese, yogurt, other milk products",byte,V414P,"{""0"": ""no"", ""1"": ""yes"", ""8"": ""don't know""}"
v414q,"na - gave child oil, fats, butter, products made of them",byte,V414Q,"{""0"": ""no"", ""1"": ""yes"", ""8"": ""don't know""}"
v414r,"na - gave child chocolates, sweets, candies, pastries, etc",byte,V414R,"{""0"": ""no"", ""1"": ""yes"", ""8"": ""don't know""}"
v414s,gave child other solid-semisolid food,byte,V414S,"{""0"": ""no"", ""1"": ""yes"", ""8"": ""don't know""}"
v414t,gave child other meat,byte,V414T,"{""0"": ""no"", ""1"": ""yes"", ""8"": ""don't know""}"
v414u,na - gave child cs foods,byte,V414U,"{""0"": ""no"", ""1"": ""yes"", ""8"": ""don't know""}"
v414v,gave child yogurt,byte,V414V,"{""0"": ""no"", ""1"": ""yes"", ""8"": ""don't know""}"
v414w,na - gave child cs foods,byte,V414W,"{""0"": ""no"", ""1"": ""yes"", ""8"": ""don't know""}"
v415,drank from bottle with nipple yesterday/last night,byte,V415,"{""0"": ""no"", ""1"": ""yes"", ""8"": ""don't know""}"
v416,heard of oral rehydration,byte,V416,"{""0"": ""never heard of"", ""1"": ""used ors"", ""2"": ""heard of ors""}"
v417,entries in pregnancy and postnatal care roster,byte,,
v418,entries in immunization roster,byte,,
v418a,entries in child health roster,byte,,
v419,entries in height/weight roster,byte,,
v420,measurer's code,byte,,
v421,na - assistant measurer's code,byte,,
v426,when child put to breast,int,V426,"{""0"": ""immediately"", ""100"": ""within first hour"", ""101"": ""hours: 1"", ""199"": ""hours: number missing"", ""201"": ""days: 1"", ""299"": ""days: number missing""}"
v437,respondent's weight in kilograms (1 decimal),int,V437,"{""9994"": ""not present"", ""9995"": ""refused"", ""9996"": ""other""}"
v438,respondent's height in centimeters (1 decimal),int,V438,"{""9994"": ""not present"", ""9995"": ""refused"", ""9996"": ""other""}"
v439,height/age percentile,int,V439,"{""9998"": ""flagged cases""}"
v440,height/age standard deviation,int,V440,"{""9998"": ""flagged cases""}"
v441,height/age percent ref. median,long,V441,"{""99998"": ""flagged cases""}"
v442,weight/height percent ref. median (dhs),long,V442,"{""99998"": ""flagged cases""}"
v443,weight/height percent ref. median (fog),long,V443,"{""99998"": ""flagged cases""}"
v444,weight/height percent ref. median (who),long,V444,"{""99998"": ""flagged cases""}"
v444a,weight/height standard deviation (dhs),int,V444A,"{""9998"": ""flagged cases""}"
v445,body mass index,int,V445,"{""9998"": ""flagged cases""}"
v446,rohrer's index,int,V446,"{""9998"": ""flagged cases""}"
v447,result of measurement - height/weight,byte,V447,"{""0"": ""measured"", ""3"": ""not present"", ""4"": ""refused"", ""6"": ""other"", ""7"": ""no measurement found in household""}"
v447a,women's age in years (from household questionnaire),byte,,
v452a,under age 18 (from household questionnaire),byte,V452A,"{""1"": ""under age 18"", ""2"": ""age 18 or older""}"
v452b,line number of parent/caretaker,byte,V452B,"{""0"": ""not in household""}"
v452c,read consent statement - hemoglobin,byte,V452C,"{""1"": ""granted"", ""2"": ""parent/other responsible refused"", ""3"": ""respondent refused"", ""4"": ""adult/parent not present"", ""5"": ""minor not present"", ""7"": ""respondent/ parent granted but no signature""}"
v453,hemoglobin level (g/dl - 1 decimal),int,V453,"{""994"": ""not present"", ""995"": ""refused"", ""996"": ""other"", ""998"": ""don't know""}"
v454,currently pregnant (from household questionnaire),byte,V454,"{""0"": ""no/don't know"", ""1"": ""yes""}"
v455,result of measurement - hemoglobin,byte,V455,"{""0"": ""measured"", ""3"": ""not present"", ""4"": ""refused"", ""6"": ""other"", ""7"": ""no measurement found in household"", ""8"": ""don't know""}"
v456,hemoglobin level adjusted for altitude and smoking (g/dl - 1 decimal),int,,
v457,anemia level,byte,V457,"{""1"": ""severe"", ""2"": ""moderate"", ""3"": ""mild"", ""4"": ""not anemic""}"
v458,na - agrees to referral - anemia,byte,V458,"{""0"": ""no"", ""1"": ""yes""}"
v459,have mosquito bed net for sleeping (from household questionnaire),byte,V459,"{""0"": ""no"", ""1"": ""yes""}"
v460,children under 5 slept under mosquito bed net last night (household questionnair,byte,V460,"{""0"": ""no"", ""1"": ""all children"", ""2"": ""some children"", ""3"": ""no net in household""}"
v461,respondent slept under mosquito bed net,byte,V461,"{""0"": ""no"", ""1"": ""yes""}"
v462,na - washed hands before preparing last meal,byte,V462,"{""0"": ""no"", ""1"": ""yes"", ""2"": ""never prepared meal""}"
v463a,smokes cigarettes,byte,V463A,"{""0"": ""no"", ""1"": ""yes""}"
v463aa,frequency smokes cigarettes,byte,V463AA,"{""0"": ""does not smoke"", ""1"": ""every day"", ""2"": ""some days""}"
v463ab,na - frequency currently uses other type of tobacco,byte,V463AB,"{""0"": ""does not smoke"", ""1"": ""every day"", ""2"": ""some days""}"
v463b,smokes pipe full of tobacco,byte,V463B,"{""0"": ""no"", ""1"": ""yes""}"
v463c,chews tobacco,byte,V463C,"{""0"": ""no"", ""1"": ""yes""}"
v463d,snuffs by nose,byte,V463D,"{""0"": ""no"", ""1"": ""yes""}"
v463e,na - smokes kreteks,byte,V463E,"{""0"": ""no"", ""1"": ""yes""}"
v463f,"smokes cigars, cheroots or cigarillos",byte,V463F,"{""0"": ""no"", ""1"": ""yes""}"
v463g,smokes water pipe/hookah,byte,V463G,"{""0"": ""no"", ""1"": ""yes""}"
v463h,na - snuff by mouth,byte,V463H,"{""0"": ""no"", ""1"": ""yes""}"
v463i,na - chews betel quid with tobacco,byte,V463I,"{""0"": ""no"", ""1"": ""yes""}"
v463j,smokes/uses gutkha / paan masala with tobacco,byte,V463J,"{""0"": ""no"", ""1"": ""yes""}"
v463k,smokes/uses khaini,byte,V463K,"{""0"": ""no"", ""1"": ""yes""}"
v463l,smokes/uses paan with tobacco,byte,V463L,"{""0"": ""no"", ""1"": ""yes""}"
v463x,smokes/uses other,byte,V463X,"{""0"": ""no"", ""1"": ""yes""}"
v463z,does not use cigarettes and tobacco,byte,V463Z,"{""0"": ""no"", ""1"": ""yes, smokes nothing""}"
v464,number of cigarettes in last 24 hours,byte,V464,"{""80"": ""80+"", ""98"": ""don't know""}"
v465,disposal of youngest child's stools when not using toilet,byte,V465,"{""1"": ""used toilet/latrine"", ""2"": ""put/rinsed in toilet/latrine"", ""3"": ""put/rinsed into drain or ditch"", ""4"": ""throw into garbage"", ""5"": ""buried"", ""6"": ""rinse away"", ""7"": ""use disposable diapers"", ""8"": ""use washable diapers"", ""9"": ""left in the open/not disposed of"", ""96"": ""other"", ""98"": ""don't know""}"
v466,"na - when child is seriously ill, can decide whether medical treatment sought",byte,V466,"{""0"": ""no"", ""1"": ""yes"", ""2"": ""depends""}"
v467a,na - getting medical help for self: know where to go,byte,V467A,"{""0"": ""no problem"", ""1"": ""big problem"", ""2"": ""not a big problem""}"
v467b,getting medical help for self: getting permission to go,byte,V467B,"{""0"": ""no problem"", ""1"": ""big problem"", ""2"": ""not a big problem""}"
v467c,getting medical help for self: getting money needed for treatment,byte,V467C,"{""0"": ""no problem"", ""1"": ""big problem"", ""2"": ""not a big problem""}"
v467d,getting medical help for self: distance to health facility,byte,V467D,"{""0"": ""no problem"", ""1"": ""big problem"", ""2"": ""not a big problem""}"
v467e,getting medical help for self: having to take transport,byte,V467E,"{""0"": ""no problem"", ""1"": ""big problem"", ""2"": ""not a big problem""}"
v467f,getting medical help for self: not wanting to go alone,byte,V467F,"{""0"": ""no problem"", ""1"": ""big problem"", ""2"": ""not a big problem""}"
v467g,getting medical help for self: concern no female health provider,byte,V467G,"{""0"": ""no problem"", ""1"": ""big problem"", ""2"": ""not a big problem""}"
v467h,getting medical help for self: concern no provider,byte,V467H,"{""0"": ""no problem"", ""1"": ""big problem"", ""2"": ""not a big problem""}"
v467i,getting medical help for self: concern no drugs available,byte,V467I,"{""0"": ""no problem"", ""1"": ""big problem"", ""2"": ""not a big problem""}"
v467j,na - getting medical help for self: cs,byte,V467J,"{""0"": ""no problem"", ""1"": ""big problem"", ""2"": ""not a big problem""}"
v467k,na - getting medical help for self: cs,byte,V467K,"{""0"": ""no problem"", ""1"": ""big problem"", ""2"": ""not a big problem""}"
v467l,na - getting medical help for self: cs,byte,V467L,"{""0"": ""no problem"", ""1"": ""big problem"", ""2"": ""not a big problem""}"
v467m,na - getting medical help for self: cs,byte,V467M,"{""0"": ""no problem"", ""1"": ""big problem"", ""2"": ""not a big problem""}"
v468,record for last birth,byte,V468,"{""0"": ""see specific questions"", ""1"": ""last birth only"", ""2"": ""all births in last 5 years""}"
v469e,times gave child powdered/tinned/fresh milk,byte,V469E,"{""0"": ""no"", ""7"": ""7+"", ""8"": ""dk""}"
v469f,times gave child infant formula,byte,V469F,"{""0"": ""no"", ""7"": ""7+"", ""8"": ""dk""}"
v469x,times gave child yogurt,byte,V469X,"{""0"": ""no"", ""7"": ""7+"", ""8"": ""dk""}"
v471a,"na - mother had tinned, powdered or fresh milk",byte,V471A,"{""0"": ""no"", ""1"": ""yes"", ""8"": ""don't know""}"
v471b,na - mother had tea or coffee,byte,V471B,"{""0"": ""no"", ""1"": ""yes"", ""8"": ""don't know""}"
v471c,na - mother had any other liquid,byte,V471C,"{""0"": ""no"", ""1"": ""yes"", ""8"": ""don't know""}"
v471d,na - mother had cs liquid,byte,V471D,"{""0"": ""no"", ""1"": ""yes"", ""8"": ""don't know""}"
v471e,na - mother had cs liquid,byte,V471E,"{""0"": ""no"", ""1"": ""yes"", ""8"": ""don't know""}"
v471f,na - mother had cs liquid,byte,V471F,"{""0"": ""no"", ""1"": ""yes"", ""8"": ""don't know""}"
v471g,na - mother had cs liquid,byte,V471G,"{""0"": ""no"", ""1"": ""yes"", ""8"": ""don't know""}"
v472a,na - mother had cs foods,byte,V472A,"{""0"": ""no"", ""1"": ""yes"", ""8"": ""don't know""}"
v472b,na - mother had cs foods,byte,V472B,"{""0"": ""no"", ""1"": ""yes"", ""8"": ""don't know""}"
v472c,na - mother had cs foods,byte,V472C,"{""0"": ""no"", ""1"": ""yes"", ""8"": ""don't know""}"
v472d,na - mother had cs foods,byte,V472D,"{""0"": ""no"", ""1"": ""yes"", ""8"": ""don't know""}"
v472e,"na - mother had bread, noodles, other made from grains",byte,V472E,"{""0"": ""no"", ""1"": ""yes"", ""8"": ""don't know""}"
v472f,"na - mother had potatoes, cassava, or other tubers",byte,V472F,"{""0"": ""no"", ""1"": ""yes"", ""8"": ""don't know""}"
v472g,na - mother had eggs,byte,V472G,"{""0"": ""no"", ""1"": ""yes"", ""8"": ""don't know""}"
v472h,"na - mother had meat (beef, pork, lamb, chicken, etc)",byte,V472H,"{""0"": ""no"", ""1"": ""yes"", ""8"": ""don't know""}"
v472i,"na - mother had pumpkin, carrots, squash (yellow or orange inside)",byte,V472I,"{""0"": ""no"", ""1"": ""yes"", ""8"": ""don't know""}"
v472j,na - mother had any dark green leafy vegetables,byte,V472J,"{""0"": ""no"", ""1"": ""yes"", ""8"": ""don't know""}"
v472k,"na - mother had mangoes, papayas, other vitamin a fruits",byte,V472K,"{""0"": ""no"", ""1"": ""yes"", ""8"": ""don't know""}"
v472l,na - mother had any other fruits,byte,V472L,"{""0"": ""no"", ""1"": ""yes"", ""8"": ""don't know""}"
v472m,"na - mother had liver, heart, other organs",byte,V472M,"{""0"": ""no"", ""1"": ""yes"", ""8"": ""don't know""}"
v472n,na - mother had fish or shellfish,byte,V472N,"{""0"": ""no"", ""1"": ""yes"", ""8"": ""don't know""}"
v472o,"na - mother had food made from beans, peas, lentils, nuts",byte,V472O,"{""0"": ""no"", ""1"": ""yes"", ""8"": ""don't know""}"
v472p,"na - mother had cheese, yogurt, other milk products",byte,V472P,"{""0"": ""no"", ""1"": ""yes"", ""8"": ""don't know""}"
v472q,"na - mother had oil, fats, butter, products made of them",byte,V472Q,"{""0"": ""no"", ""1"": ""yes"", ""8"": ""don't know""}"
v472r,"na - mother had chocolates, sweets, candies, pastries, etc",byte,V472R,"{""0"": ""no"", ""1"": ""yes"", ""8"": ""don't know""}"
v472s,na - mother had other solid-semisolid food,byte,V472S,"{""0"": ""no"", ""1"": ""yes"", ""8"": ""don't know""}"
v472t,na - mother had cs foods,byte,V472T,"{""0"": ""no"", ""1"": ""yes"", ""8"": ""don't know""}"
v472u,na - mother had cs foods,byte,V472U,"{""0"": ""no"", ""1"": ""yes"", ""8"": ""don't know""}"
v473a,read consent statement - hiv,byte,V473A,"{""1"": ""granted"", ""2"": ""parent/other responsible refused"", ""3"": ""respondent refused"", ""4"": ""adult/parent not present"", ""5"": ""minor not present"", ""6"": ""sample not tested/lost/not enough dbs"", ""7"": ""respondent/ parent granted but no signature""}"
v473b,result of measurement - hiv,byte,V473B,"{""1"": ""blood taken"", ""2"": ""not present"", ""3"": ""refused"", ""4"": ""sample not tested/lost/damaged/insufficient"", ""5"": ""not enough dbs to complete protocol"", ""6"": ""other""}"
v474,heard of tuberculosis or tb,byte,V474,"{""0"": ""no"", ""1"": ""yes""}"
v474a,tuberculosis spread by: air when coughing or sneezing,byte,V474A,"{""0"": ""no"", ""1"": ""yes""}"
v474b,tuberculosis spread by: sharing utensils,byte,V474B,"{""0"": ""no"", ""1"": ""yes""}"
v474c,tuberculosis spread by: touching a person with tb,byte,V474C,"{""0"": ""no"", ""1"": ""yes""}"
v474d,tuberculosis spread by: food,byte,V474D,"{""0"": ""no"", ""1"": ""yes""}"
v474e,tuberculosis spread by: sexual contact,byte,V474E,"{""0"": ""no"", ""1"": ""yes""}"
v474f,tuberculosis spread by: mosquito bites,byte,V474F,"{""0"": ""no"", ""1"": ""yes""}"
v474g,na - tuberculosis spread by: cs,byte,V474G,"{""0"": ""no"", ""1"": ""yes""}"
v474h,na - tuberculosis spread by: cs,byte,V474H,"{""0"": ""no"", ""1"": ""yes""}"
v474i,na - tuberculosis spread by: cs,byte,V474I,"{""0"": ""no"", ""1"": ""yes""}"
v474j,na - tuberculosis spread by: cs,byte,V474J,"{""0"": ""no"", ""1"": ""yes""}"
v474x,tuberculosis spread by: other,byte,V474X,"{""0"": ""no"", ""1"": ""yes""}"
v474z,tuberculosis spread by: don't know,byte,V474Z,"{""0"": ""no"", ""1"": ""yes""}"
v475,tuberculosis can be cured,byte,V475,"{""0"": ""no"", ""1"": ""yes"", ""8"": ""don't know""}"
v476,keep secret when family member gets tb,byte,V476,"{""0"": ""no"", ""1"": ""yes, remain a secret"", ""8"": ""don't know/not sure/depends""}"
v477,number of injections in last 12 months,byte,V477,"{""0"": ""none"", ""90"": ""90+"", ""98"": ""don't know""}"
v478,na - number of injections administered by a health worker,byte,V478,"{""0"": ""none"", ""90"": ""90+"", ""98"": ""don't know""}"
v479,na - place of injection by health worker,byte,V479,"{""10"": ""public sector"", ""11"": ""government hospital"", ""12"": ""government health center"", ""16"": ""other public sector"", ""20"": ""private sector"", ""21"": ""private hospital/clinic/doctor"", ""22"": ""dental clinic/office"", ""23"": ""pharmacy"", ""24"": ""office or home of nurse/health worker"", ""26"": ""other private sector"", ""30"": ""other non-medical"", ""31"": ""respondent's home"", ""96"": ""other""}"
v480,"syringe and needle from new, unopened package",byte,V480,"{""0"": ""no"", ""1"": ""yes"", ""8"": ""don't know""}"
v481,covered by health insurance,byte,V481,"{""0"": ""no"", ""1"": ""yes""}"
v481a,health insurance type: employees state insurance scheme (esis),byte,V481A,"{""0"": ""no"", ""1"": ""yes""}"
v481b,health insurance type: central government health scheme (cghs),byte,V481B,"{""0"": ""no"", ""1"": ""yes""}"
v481c,health insurance type: state health insurance scheme,byte,V481C,"{""0"": ""no"", ""1"": ""yes""}"
v481d,health insurance type: rashtriya swasthya bima yojana,byte,V481D,"{""0"": ""no"", ""1"": ""yes""}"
v481e,health insurance type: community health insurance programme,byte,V481E,"{""0"": ""no"", ""1"": ""yes""}"
v481f,health insurance type: other health insurance through employer,byte,V481F,"{""0"": ""no"", ""1"": ""yes""}"
v481g,health insurance type: medical reimbursement from employer,byte,V481G,"{""0"": ""no"", ""1"": ""yes""}"
v481h,health insurance type: other privately purchased commercial health insurance,byte,V481H,"{""0"": ""no"", ""1"": ""yes""}"
v481x,health insurance type: other,byte,V481X,"{""0"": ""no"", ""1"": ""yes""}"
v482a,na - arrange care of biological children under age 18,byte,V482A,"{""0"": ""no"", ""1"": ""yes"", ""8"": ""unsure""}"
v482b,na - primary caregiver of children under age 18,byte,V482B,"{""0"": ""no"", ""1"": ""yes""}"
v482c,na - arrange care of non-biological children < 18,byte,V482C,"{""0"": ""no"", ""1"": ""yes"", ""8"": ""unsure""}"
v501,current marital status,byte,V501,"{""0"": ""never in union  [includes: married gauna not performed]"", ""1"": ""married"", ""2"": ""living with partner"", ""3"": ""widowed"", ""4"": ""divorced"", ""5"": ""no longer living together/separated""}"
v502,currently/formerly/never in union,byte,V502,"{""0"": ""never in union"", ""1"": ""currently in union/living with a man"", ""2"": ""formerly in union/living with a man""}"
v503,number of unions,byte,V503,"{""1"": ""once"", ""2"": ""more than once""}"
v504,currently residing with husband/partner,byte,V504,"{""1"": ""living with her"", ""2"": ""staying elsewhere""}"
v505,number of other wives,byte,V505,"{""0"": ""no other wives"", ""98"": ""don't know""}"
v506,na - respondent's rank among wives,byte,V506,"{""98"": ""don't know""}"
v507,month of first cohabitation,byte,,
v508,year of first cohabitation,int,,
v509,date of first cohabitation (cmc),int,,
v510,completeness of date information in v509,byte,V510,"{""1"": ""month and year - information complete"", ""2"": ""month and age - year imputed"", ""3"": ""year and age - month imputed"", ""5"": ""year - age/month imputed"", ""6"": ""age - year/month imputed"", ""7"": ""month - age/year imputed"", ""8"": ""none - all imputed""}"
v511,age at first cohabitation,byte,,
v512,years since first cohabitation,byte,,
v513,cohabitation duration (grouped),byte,V513,"{""0"": ""never married"", ""1"": ""0-4"", ""2"": ""5-9"", ""3"": ""10-14"", ""4"": ""15-19"", ""5"": ""20-24"", ""6"": ""25-29"", ""7"": ""30+""}"
v525,age at first sex,byte,V525,"{""0"": ""not had sex"", ""96"": ""at first union"", ""97"": ""inconsistent"", ""98"": ""don't know""}"
v527,time since last sex,int,V527,"{""100"": ""<1 day ago"", ""101"": ""days: 1"", ""199"": ""days: number missing"", ""201"": ""weeks: 1"", ""299"": ""weeks: number missing"", ""301"": ""months: 1"", ""399"": ""months: number missing"", ""401"": ""years: 1"", ""499"": ""years: number missing"", ""995"": ""within last 4 weeks"", ""996"": ""before last birth"", ""997"": ""inconsistent"", ""998"": ""don't know / refused to answer""}"
v528,time since last sex (in days),byte,V528,"{""31"": ""31+ days"", ""95"": ""within last 4 weeks"", ""96"": ""before last birth"", ""97"": ""inconsistent"", ""98"": ""don't know""}"
v529,time since last sex (in months),int,V529,"{""995"": ""within last 4 weeks"", ""996"": ""before last birth"", ""997"": ""inconsistent"", ""998"": ""don't know""}"
v530,flag for v529,byte,V530,"{""0"": ""no flag"", ""1"": ""n > interval since birth"", ""2"": ""n + abstinence > interval"", ""3"": ""n, but sex not res."", ""4"": ""96, but no birth"", ""5"": ""96, but currently pregnant"", ""6"": ""96, but resumed sex"", ""7"": ""n, last sex before pregnancy"", ""8"": ""n, inconsistent 4 weeks"", ""9"": ""n, sex before last birth""}"
v531,age at first sex (imputed),byte,V531,"{""0"": ""not had sex"", ""97"": ""inconsistent"", ""98"": ""don't know""}"
v532,flag for v531,byte,V532,"{""0"": ""no flag"", ""1"": ""after interview"", ""2"": ""after conception >= 1 year"", ""3"": ""after conception < 1 year"", ""4"": ""at marriage, but never married"", ""5"": ""at marriage, but after conception"", ""6"": ""after marriage""}"
v535,ever been married or in union,byte,V535,"{""0"": ""no"", ""1"": ""formerly married"", ""2"": ""lived with a man""}"
v536,recent sexual activity,byte,V536,"{""0"": ""never had sex"", ""1"": ""active in last 4 weeks"", ""2"": ""not active in last 4 weeks - postpartum abstinence"", ""3"": ""not active in last 4 weeks - not postpartum abstinence""}"
v537,months of abstinence,byte,V537,"{""60"": ""60+"", ""96"": ""before last birth"", ""97"": ""inconsistent"", ""98"": ""don't know""}"
v538,na - how previous marriage or union ended,byte,V538,"{""1"": ""death/widowhood"", ""2"": ""divorce"", ""3"": ""separation""}"
v539,na - person who received most of late husband's property,byte,V539,"{""1"": ""respondent"", ""2"": ""other wife"", ""3"": ""spouse's children"", ""4"": ""spouse's family"", ""6"": ""other"", ""7"": ""no property""}"
v540,na - respondent received any of late husband's assets or valuables,byte,V540,"{""0"": ""no"", ""1"": ""yes""}"
v541,na - intends to wait until marriage to have sex,byte,V541,"{""0"": ""no"", ""1"": ""yes"", ""8"": ""don't know""}"
v602,fertility preference,byte,V602,"{""1"": ""have another"", ""2"": ""undecided"", ""3"": ""no more"", ""4"": ""sterilized (respondent or partner)"", ""5"": ""declared infecund"", ""6"": ""never had sex""}"
v603,preferred waiting time for birth of a/another child,int,V603,"{""100"": ""wanted now"", ""101"": ""months: 1"", ""199"": ""months: number missing"", ""201"": ""years: 1"", ""299"": ""years: number missing"", ""993"": ""after marriage"", ""994"": ""soon, now"", ""996"": ""other, non-numeric"", ""997"": ""inconsistent"", ""998"": ""don't know""}"
v604,preferred waiting time for birth of a/another child (grouped),byte,V604,"{""0"": ""<12 months"", ""1"": ""1 year"", ""2"": ""2 years"", ""3"": ""3 years"", ""4"": ""4 years"", ""5"": ""5 years"", ""6"": ""6+ years"", ""7"": ""non-numeric"", ""8"": ""don't know""}"
v605,desire for more children,byte,V605,"{""1"": ""wants within 2 years"", ""2"": ""wants after 2+ years"", ""3"": ""wants, unsure timing"", ""4"": ""undecided"", ""5"": ""wants no more"", ""6"": ""sterilized (respondent or partner)"", ""7"": ""declared infecund"", ""8"": ""never had sex""}"
v613,ideal number of children,byte,V613,"{""96"": ""non-numeric response"", ""98"": ""don't know""}"
v614,ideal number of children (grouped),byte,V614,"{""6"": ""6+"", ""7"": ""non-numeric response""}"
v616,time for future birth,int,V616,"{""100"": ""wanted now"", ""101"": ""months: 1"", ""199"": ""months: number missing"", ""201"": ""years: 1"", ""299"": ""years: number missing"", ""993"": ""after marriage"", ""994"": ""soon/now"", ""995"": ""can't get pregnant"", ""996"": ""other"", ""998"": ""don't know""}"
v621,husband's desire for children,byte,V621,"{""1"": ""both want same"", ""2"": ""husband wants more"", ""3"": ""husband wants fewer"", ""8"": ""don't know""}"
v623,exposure,byte,V623,"{""0"": ""fecund"", ""1"": ""pregnant"", ""2"": ""postpartum amenorrheic"", ""3"": ""infecund, menopausal""}"
v624,unmet need,byte,V624,"{""0"": ""never had sex"", ""1"": ""unmet need for spacing"", ""2"": ""unmet need for limiting"", ""3"": ""using for spacing"", ""4"": ""using for limiting"", ""5"": ""spacing failure"", ""6"": ""limiting failure"", ""7"": ""no unmet need"", ""8"": ""not married and no sex in last 30 days"", ""9"": ""infecund, menopausal""}"
v625,exposure (definition 2),byte,V625,"{""0"": ""fecund"", ""1"": ""pregnant"", ""2"": ""postpartum amenorrheic"", ""3"": ""infecund, menopausal""}"
v625a,exposure to need for contraception (definition 3),byte,V625A,"{""0"": ""fecund"", ""1"": ""pregnant"", ""2"": ""postpartum amenorrheic"", ""3"": ""infecund, menopausal""}"
v626,unmet need (definition 2),byte,V626,"{""0"": ""never had sex"", ""1"": ""unmet need for spacing"", ""2"": ""unmet need for limiting"", ""3"": ""using for spacing"", ""4"": ""using for limiting"", ""5"": ""spacing failure"", ""6"": ""limiting failure"", ""7"": ""no unmet need"", ""8"": ""not married and no sex in last 30 days"", ""9"": ""infecund, menopausal""}"
v626a,unmet need for contraception (definition 3),byte,V626A,"{""0"": ""never had sex"", ""1"": ""unmet need for spacing"", ""2"": ""unmet need for limiting"", ""3"": ""using for spacing"", ""4"": ""using for limiting"", ""7"": ""no unmet need"", ""8"": ""not married and no sex in last 30 days"", ""9"": ""infecund, menopausal""}"
v627,ideal number of boys,byte,V627,"{""96"": ""other"", ""98"": ""don't know""}"
v628,ideal number of girls,byte,V628,"{""96"": ""other"", ""98"": ""don't know""}"
v629,ideal number of either sex,byte,V629,"{""96"": ""other"", ""98"": ""don't know""}"
v631,na - problem if became pregnant,byte,V631,"{""1"": ""big problem"", ""2"": ""small problem"", ""3"": ""no problem"", ""4"": ""says she can't get pregnant/not having sex""}"
v632,decision maker for using contraception,byte,V632,"{""1"": ""mainly respondent"", ""2"": ""mainly husband, partner"", ""3"": ""joint decision"", ""6"": ""other""}"
v632a,na - decision maker for not using contraception,byte,V632A,"{""1"": ""mainly respondent"", ""2"": ""mainly husband, partner"", ""3"": ""joint decision"", ""6"": ""other""}"
v633a,reason for not having sex: husband has sti,byte,V633A,"{""0"": ""no"", ""1"": ""yes"", ""8"": ""don't know""}"
v633b,reason for not having sex: husband has other women,byte,V633B,"{""0"": ""no"", ""1"": ""yes"", ""8"": ""don't know""}"
v633c,na - reason for not having sex: recent birth,byte,V633C,"{""0"": ""no"", ""1"": ""yes"", ""8"": ""don't know""}"
v633d,"reason for not having sex: tired, not in mood",byte,V633D,"{""0"": ""no"", ""1"": ""yes"", ""8"": ""don't know""}"
v633e,na - reason for not having sex: cs,byte,V633E,"{""0"": ""no"", ""1"": ""yes"", ""8"": ""don't know""}"
v633f,na - reason for not having sex: cs,byte,V633F,"{""0"": ""no"", ""1"": ""yes"", ""8"": ""don't know""}"
v633g,na - reason for not having sex: cs,byte,V633G,"{""0"": ""no"", ""1"": ""yes"", ""8"": ""don't know""}"
v634,na - husband knows that respondent is using contraception,byte,V634,"{""0"": ""no"", ""1"": ""yes"", ""8"": ""don't know""}"
v701,husband/partner's education level,byte,V701,"{""0"": ""no education"", ""1"": ""primary"", ""2"": ""secondary"", ""3"": ""higher"", ""8"": ""don't know""}"
v702,husband/partner's highest year of education (at level in v701),byte,V702,"{""0"": ""no years completed at level v701"", ""98"": ""don't know""}"
v704,husband/partner's occupation,byte,V704,"{""1"": ""physical scientists"", ""2"": ""physical science"", ""3"": ""architects, engineers, technologists and surveyors"", ""4"": ""engineering technicians"", ""5"": ""aircraft and ships officers"", ""6"": ""life scientists"", ""7"": ""life science technicians"", ""8"": ""physicians and surgeons"", ""9"": ""nursing and other medical and health technicians"", ""10"": ""scientific, medical and technical persons, other"", ""11"": ""mathematicians, statisticians and related workers"", ""12"": ""economists, and related workers"", ""13"": ""accountants, auditors and related workers"", ""14"": ""social scientists and related workers"", ""15"": ""jurists"", ""16"": ""teachers"", ""17"": ""poets, authors, journalists and related workers"", ""18"": ""sculptors, painters, photographers, and related creative artists"", ""19"": ""composers and performing artists"", ""20"": ""professional workers, n.e.c."", ""21"": ""elected and legislative officials"", ""22"": ""administrative and executive officials government and local bodies"", ""23"": ""working proprietors, directors and managers, wholesale and retail trade"", ""24"": ""directors and managers, financial institutions"", ""25"": ""working proprietors, directors and managers mining"", ""26"": ""working proprietors, directors managers and related"", ""27"": ""working proprietors, directors and managers, other services"", ""29"": ""administrative, executive and managerial workers, n.e.c."", ""30"": ""clerical and other supervisors"", ""31"": ""village officials"", ""32"": ""stenographers, typist and card and tape punching operators"", ""33"": ""book keepers, cashiers and related workers"", ""34"": ""computing machine operators"", ""35"": ""clerical and related workers"", ""36"": ""transport and communication supervisors"", ""37"": ""transport conductors and guards"", ""38"": ""mail distributors and related workers"", ""39"": ""telephone and telegraph operators"", ""40"": ""merchants and shopkeepers, wholesale and retail trade"", ""41"": ""manufacturers, agents"", ""42"": ""technical salesmen and commercial travellers"", ""43"": ""salesmen, shop assistants and related workers"", ""44"": ""insurance, real estate, securities and business service,"", ""45"": ""money lenders and pawn brokers"", ""49"": ""sales workers, n.e.c."", ""50"": ""hotel and restaurant keepers"", ""51"": ""house keepers, matron and stewards (domestic & institutional)"", ""52"": ""cooks, waiters, bartenders and related workers (domestic & institutional)"", ""53"": ""maids and related house keeping service workers, n.e.c."", ""54"": ""building caretakers, sweepers, cleaners and related workers"", ""55"": ""launderers, dry-cleaners and pressers, n.e.c."", ""56"": ""hair dresser, barbers, beauticians and related workers"", ""57"": ""protective service workers"", ""59"": ""service workers"", ""60"": ""farm plantation, dairy and other managers and supervisors"", ""61"": ""cultivators"", ""62"": ""farmers, other than cultivators"", ""63"": ""agricultural labourer"", ""64"": ""plantation labourers & related workers"", ""65"": ""other farm workers"", ""66"": ""forestry workers"", ""67"": ""hunters and related workers"", ""68"": ""fishermen and related workers"", ""71"": ""miners, quarrymen, well drillers & related workers"", ""72"": ""metal processors"", ""73"": ""wood preparation workers and paper makers"", ""74"": ""chemical processors and related workers"", ""75"": ""spinners, weavers, knitters, dyers and related workers"", ""76"": ""tanners, fellmongers and pelt dressers"", ""77"": ""food and beverage processors"", ""78"": ""tobacco preparers & tobacco product makers"", ""79"": ""tailors, dress makers, sewers, upholsterers & related workers"", ""80"": ""shoemakers & leather goods makers"", ""81"": ""carpenters, cabinet & related wood workers"", ""82"": ""stone cutters & carvers"", ""83"": ""blacksmiths, tool makers and machine tools operators"", ""84"": ""machinery fitters, machine assemblers and precession instrument makers (except e"", ""85"": ""electrical fitters & related electrical & electronic workers"", ""86"": ""broadcasting station and sound equipment operators and cinema projectionists"", ""87"": ""plumbers, welders, sheet metal & structural metal preparers and erectors"", ""88"": ""jewellery & precious metal workers and metal engravers"", ""89"": ""glass formers, potters & related workers"", ""90"": ""rubber and plastic product makers workers"", ""91"": ""paper & paper board products makers"", ""92"": ""painters"", ""93"": ""stationery engines and related equipment operators, oilers"", ""94"": ""transport equipment operators (driver)"", ""95"": ""labourers (labourers, n.e.c.)"", ""96"": ""other (new workers seeking employment)"", ""97"": ""student / workers not reporting any occupation)"", ""98"": ""dk (don't know)""}"
v704a,husband/partner worked in last 7 days/12 months,byte,V704A,"{""0"": ""didn't work last 12 months"", ""1"": ""worked last 7 days"", ""2"": ""worked last 12 months"", ""8"": ""don't know""}"
v705,husband/partner's occupation (grouped),byte,V705,"{""1"": ""professional / technical / managerial"", ""3"": ""clerical"", ""4"": ""sales"", ""5"": ""services / household and domestic"", ""6"": ""agricultural"", ""7"": ""skilled and unskilled manual"", ""9"": ""other""}"
v714,respondent currently working,byte,V714,"{""0"": ""no"", ""1"": ""yes""}"
v714a,"respondent has a job, but currently absent",byte,V714A,"{""0"": ""no"", ""1"": ""yes""}"
v715,husband/partner's total number of years of education,byte,V715,"{""97"": ""inconsistent"", ""98"": ""don't know""}"
v716,respondent's occupation,long,V716,"{""0"": ""not working and didn't work in last 12 months"", ""1"": ""physical scientists"", ""2"": ""physical science"", ""3"": ""architects, engineers, technologists and surveyors"", ""4"": ""engineering technicians"", ""5"": ""aircraft and ships officers"", ""6"": ""life scientists"", ""7"": ""life science technicians"", ""8"": ""physicians and surgeons"", ""9"": ""nursing and other medical and health technicians"", ""10"": ""scientific, medical and technical persons, other"", ""11"": ""mathematicians, statisticians and related workers"", ""12"": ""economists, and related workers"", ""13"": ""accountants, auditors and related workers"", ""14"": ""social scientists and related workers"", ""15"": ""jurists"", ""16"": ""teachers"", ""17"": ""poets, authors, journalists and related workers"", ""18"": ""sculptors, painters, photographers, and related creative artists"", ""19"": ""composers and performing artists"", ""20"": ""professional workers, n.e.c."", ""21"": ""elected and legislative officials"", ""22"": ""administrative and executive officials government and local bodies"", ""23"": ""working proprietors, directors and managers, wholesale and retail trade"", ""24"": ""directors and managers, financial institutions"", ""25"": ""working proprietors, directors and managers mining"", ""26"": ""working proprietors, directors managers and related"", ""27"": ""working proprietors, directors and managers, other services"", ""29"": ""administrative, executive and managerial workers, n.e.c."", ""30"": ""clerical and other supervisors"", ""31"": ""village officials"", ""32"": ""stenographers, typist and card and tape punching operators"", ""33"": ""book keepers, cashiers and related workers"", ""34"": ""computing machine operators"", ""35"": ""clerical and related workers"", ""36"": ""transport and communication supervisors"", ""37"": ""transport conductors and guards"", ""38"": ""mail distributors and related workers"", ""39"": ""telephone and telegraph operators"", ""40"": ""merchants and shopkeepers, wholesale and retail trade"", ""41"": ""manufacturers, agents"", ""42"": ""technical salesmen and commercial travellers"", ""43"": ""salesmen, shop assistants and related workers"", ""44"": ""insurance, real estate, securities and business service,"", ""45"": ""money lenders and pawn brokers"", ""49"": ""sales workers, n.e.c."", ""50"": ""hotel and restaurant keepers"", ""51"": ""house keepers, matron and stewards (domestic & institutional)"", ""52"": ""cooks, waiters, bartenders and related workers (domestic & institutional)"", ""53"": ""maids and related house keeping service workers, n.e.c."", ""54"": ""building caretakers, sweepers, cleaners and related workers"", ""55"": ""launderers, dry-cleaners and pressers, n.e.c."", ""56"": ""hair dresser, barbers, beauticians and related workers"", ""57"": ""protective service workers"", ""59"": ""service workers"", ""60"": ""farm plantation, dairy and other managers and supervisors"", ""61"": ""cultivators"", ""62"": ""farmers, other than cultivators"", ""63"": ""agricultural labourer"", ""64"": ""plantation labourers & related workers"", ""65"": ""other farm workers"", ""66"": ""forestry workers"", ""67"": ""hunters and related workers"", ""68"": ""fishermen and related workers"", ""71"": ""miners, quarrymen, well drillers & related workers"", ""72"": ""metal processors"", ""73"": ""wood preparation workers and paper makers"", ""74"": ""chemical processors and related workers"", ""75"": ""spinners, weavers, knitters, dyers and related workers"", ""76"": ""tanners, fellmongers and pelt dressers"", ""77"": ""food and beverage processors"", ""78"": ""tobacco preparers & tobacco product makers"", ""79"": ""tailors, dress makers, sewers, upholsterers & related workers"", ""80"": ""shoemakers & leather goods makers"", ""81"": ""carpenters, cabinet & related wood workers"", ""82"": ""stone cutters & carvers"", ""83"": ""blacksmiths, tool makers and machine tools operators"", ""84"": ""machinery fitters, machine assemblers and precession instrument makers (except e"", ""85"": ""electrical fitters & related electrical & electronic workers"", ""86"": ""broadcasting station and sound equipment operators and cinema projectionists"", ""87"": ""plumbers, welders, sheet metal & structural metal preparers and erectors"", ""88"": ""jewellery & precious metal workers and metal engravers"", ""89"": ""glass formers, potters & related workers"", ""90"": ""rubber and plastic product makers workers"", ""91"": ""paper & paper board products makers"", ""92"": ""painters"", ""93"": ""stationery engines and related equipment operators, oilers"", ""94"": ""transport equipment operators (drivers)"", ""95"": ""labourers (labourers, n.e.c.)"", ""96"": ""other (occupation not found)"", ""99998"": ""don't know""}"
v717,respondent's occupation (grouped),byte,V717,"{""0"": ""not working"", ""1"": ""professional / technical / managerial"", ""3"": ""clerical"", ""4"": ""sales"", ""5"": ""services / household and domestic"", ""6"": ""agricultural"", ""7"": ""skilled and unskilled manual"", ""9"": ""other"", ""98"": ""don't know""}"
v719,"respondent works for family, others, self",byte,V719,"{""1"": ""for family member"", ""2"": ""for someone else"", ""3"": ""self-employed""}"
v721,na - respondent works at home or away,byte,V721,"{""1"": ""at home"", ""2"": ""away""}"
v729,husband/partner's educational attainment,byte,V729,"{""0"": ""no education"", ""1"": ""incomplete primary"", ""2"": ""complete primary"", ""3"": ""incomplete secondary"", ""4"": ""complete secondary"", ""5"": ""higher"", ""8"": ""don't know""}"
v730,husband/partner's age,byte,V730,"{""96"": ""96+"", ""98"": ""don't know""}"
v731,respondent worked in last 12 months,byte,V731,"{""0"": ""no"", ""1"": ""in the past year"", ""2"": ""currently working"", ""3"": ""have a job, but on leave last 7 days""}"
v732,respondent employed all year/seasonal,byte,V732,"{""1"": ""all year"", ""2"": ""seasonal"", ""3"": ""occasional""}"
v739,person who usually decides how to spend respondent's earnings,byte,V739,"{""1"": ""respondent alone"", ""2"": ""respondent and husband/partner"", ""3"": ""respondent and other person"", ""4"": ""husband/partner alone"", ""5"": ""someone else""}"
v740,na - type of land where respondent works,byte,V740,"{""0"": ""own land"", ""1"": ""family land"", ""2"": ""someone else's land"", ""3"": ""rented land"", ""8"": ""don't know""}"
v741,type of earnings from respondent's work,byte,V741,"{""0"": ""not paid"", ""1"": ""cash only"", ""2"": ""cash and in-kind"", ""3"": ""in-kind only""}"
v743a,person who usually decides on respondent's health care,byte,V743A,"{""1"": ""respondent alone"", ""2"": ""respondent and husband/partner"", ""3"": ""respondent and other person"", ""4"": ""husband/partner alone"", ""5"": ""someone else"", ""6"": ""other""}"
v743b,person who usually decides on large household purchases,byte,V743B,"{""1"": ""respondent alone"", ""2"": ""respondent and husband/partner"", ""3"": ""respondent and other person"", ""4"": ""husband/partner alone"", ""5"": ""someone else"", ""6"": ""other""}"
v743c,na - person who usually decides on household purchases for daily needs,byte,V743C,"{""1"": ""respondent alone"", ""2"": ""respondent and husband/partner"", ""3"": ""respondent and other person"", ""4"": ""husband/partner alone"", ""5"": ""someone else"", ""6"": ""other""}"
v743d,person who usually decides on visits to family or relatives,byte,V743D,"{""1"": ""respondent alone"", ""2"": ""respondent and husband/partner"", ""3"": ""respondent and other person"", ""4"": ""husband/partner alone"", ""5"": ""someone else"", ""6"": ""other""}"
v743e,na - person who usually decides on food to be cooked each day,byte,V743E,"{""1"": ""respondent alone"", ""2"": ""respondent and husband/partner"", ""3"": ""respondent and other person"", ""4"": ""husband/partner alone"", ""5"": ""someone else"", ""6"": ""other""}"
v743f,person who usually decides what to do with money husband earns,byte,V743F,"{""1"": ""respondent alone"", ""2"": ""respondent and husband/partner"", ""3"": ""respondent and other person"", ""4"": ""husband/partner alone"", ""5"": ""someone else"", ""6"": ""other"", ""7"": ""husband/partner has no earnings""}"
v744a,beating justified if wife goes out without telling husband,byte,V744A,"{""0"": ""no"", ""1"": ""yes"", ""8"": ""don't know""}"
v744b,beating justified if wife neglects the children,byte,V744B,"{""0"": ""no"", ""1"": ""yes"", ""8"": ""don't know""}"
v744c,beating justified if wife argues with husband,byte,V744C,"{""0"": ""no"", ""1"": ""yes"", ""8"": ""don't know""}"
v744d,beating justified if wife refuses to have sex with husband,byte,V744D,"{""0"": ""no"", ""1"": ""yes"", ""8"": ""don't know""}"
v744e,beating justified if wife burns the food,byte,V744E,"{""0"": ""no"", ""1"": ""yes"", ""8"": ""don't know""}"
v745a,owns a house alone or jointly,byte,V745A,"{""0"": ""does not own"", ""1"": ""alone only"", ""2"": ""jointly only"", ""3"": ""both alone and jointly""}"
v745b,owns land alone or jointly,byte,V745B,"{""0"": ""does not own"", ""1"": ""alone only"", ""2"": ""jointly only"", ""3"": ""both alone and jointly""}"
v745c,na - title deed on house own by respondent,byte,V745C,"{""0"": ""does not have a title deed"", ""1"": ""has a title deed and respondent on title"", ""2"": ""has a title deed but respondent not on title"", ""3"": ""has a title deed, don't know if respondent on title"", ""8"": ""don't know if has a title deed""}"
v745d,na - title deed on land own by respondent,byte,V745D,"{""0"": ""does not have a title deed"", ""1"": ""has a title deed and respondent on title"", ""2"": ""has a title deed but respondent not on title"", ""3"": ""has a title deed, don't know if respondent on title"", ""8"": ""don't know if has a title deed""}"
v746,respondent earns more than husband/partner,byte,V746,"{""1"": ""more than him"", ""2"": ""less than him"", ""3"": ""about the same"", ""4"": ""husband/partner doesn't bring in money"", ""8"": ""don't know""}"
v750,ever heard of a sexually transmitted infection (sti),byte,V750,"{""0"": ""no"", ""1"": ""yes"", ""8"": ""don't know""}"
v751,ever heard of aids,byte,V751,"{""0"": ""no"", ""1"": ""yes""}"
v754bp,na - reduce risk of getting hiv: do not have sex at all,byte,V754BP,"{""0"": ""no"", ""1"": ""yes"", ""8"": ""don't know""}"
v754cp,reduce risk of getting hiv: always use condoms during sex,byte,V754CP,"{""0"": ""no"", ""1"": ""yes"", ""8"": ""don't know""}"
v754dp,"reduce risk of getting hiv: have 1 sex partner only, who has no other partners",byte,V754DP,"{""0"": ""no"", ""1"": ""yes"", ""8"": ""don't know""}"
v754jp,can get hiv from mosquito bites,byte,V754JP,"{""0"": ""no"", ""1"": ""yes"", ""8"": ""don't know""}"
v754wp,can get hiv by sharing food with person who has aids,byte,V754WP,"{""0"": ""no"", ""1"": ""yes"", ""8"": ""don't know""}"
v756,a healthy looking person can have hiv,byte,V756,"{""0"": ""no"", ""1"": ""yes"", ""8"": ""don't know""}"
v761,condom used during last sex with most recent partner,byte,V761,"{""0"": ""no"", ""1"": ""yes"", ""8"": ""don't know""}"
v761b,condom used during last sex with 2nd to most recent partner,byte,V761B,"{""0"": ""no"", ""1"": ""yes"", ""8"": ""don't know""}"
v761c,na - condom used during last sex with 3rd to most recent partner,byte,V761C,"{""0"": ""no"", ""1"": ""yes"", ""8"": ""don't know""}"
v762,na - source of condoms used for last sex,byte,V762,"{""10"": ""public"", ""20"": ""private medical"", ""30"": ""other private"", ""96"": ""other"", ""98"": ""dk""}"
v762a,na - brand of condom used for last sex,byte,V762A,"{""98"": ""don't know""}"
v762aa,source for condoms: government hospital,byte,V762AA,"{""0"": ""no"", ""1"": ""yes""}"
v762ab,source for condoms: public ayush,byte,V762AB,"{""0"": ""no"", ""1"": ""yes""}"
v762ac,source for condoms: government dispensary,byte,V762AC,"{""0"": ""no"", ""1"": ""yes""}"
v762ad,source for condoms: uhc / uhp/ ufws,byte,V762AD,"{""0"": ""no"", ""1"": ""yes""}"
v762ae,source for condoms: chc / rural hospital / block phc,byte,V762AE,"{""0"": ""no"", ""1"": ""yes""}"
v762af,source for condoms: phc / additional phc,byte,V762AF,"{""0"": ""no"", ""1"": ""yes""}"
v762ag,source for condoms: sub-center / anm,byte,V762AG,"{""0"": ""no"", ""1"": ""yes""}"
v762ah,source for condoms: government mobile clinic,byte,V762AH,"{""0"": ""no"", ""1"": ""yes""}"
v762ai,source for condoms: other public health,byte,V762AI,"{""0"": ""no"", ""1"": ""yes""}"
v762aj,source for condoms: private hospital/clinic,byte,V762AJ,"{""0"": ""no"", ""1"": ""yes""}"
v762ak,source for condoms: pharmacy / drugstore,byte,V762AK,"{""0"": ""no"", ""1"": ""yes""}"
v762al,na - source for condoms: private doctor,byte,V762AL,"{""0"": ""no"", ""1"": ""yes""}"
v762am,source for condoms: private mobile clinic,byte,V762AM,"{""0"": ""no"", ""1"": ""yes""}"
v762an,source for condoms: private ayush,byte,V762AN,"{""0"": ""no"", ""1"": ""yes""}"
v762ao,source for condoms: private traditional healer,byte,V762AO,"{""0"": ""no"", ""1"": ""yes""}"
v762ap,source for condoms: private paramedic,byte,V762AP,"{""0"": ""no"", ""1"": ""yes""}"
v762aq,source for condoms: private dai ( tba ),byte,V762AQ,"{""0"": ""no"", ""1"": ""yes""}"
v762ar,source for condoms: other private health,byte,V762AR,"{""0"": ""no"", ""1"": ""yes""}"
v762as,source for condoms: ration shop,byte,V762AS,"{""0"": ""no"", ""1"": ""yes""}"
v762at,source for condoms: other shop,byte,V762AT,"{""0"": ""no"", ""1"": ""yes""}"
v762au,source for condoms: vending machine,byte,V762AU,"{""0"": ""no"", ""1"": ""yes""}"
v762av,source for condoms: ngo or trust hospital / clinic,byte,V762AV,"{""0"": ""no"", ""1"": ""yes""}"
v762aw,na - source for condoms: cs other,byte,V762AW,"{""0"": ""no"", ""1"": ""yes""}"
v762ax,source for condoms: other,byte,V762AX,"{""0"": ""no"", ""1"": ""yes""}"
v762az,don't know any source for condoms,byte,V762AZ,"{""0"": ""no: source known"", ""1"": ""yes: no source known""}"
v762ba,na - source for female condoms: government hospital,byte,V762BA,"{""0"": ""no"", ""1"": ""yes""}"
v762bb,na - source for female condoms: cs public,byte,V762BB,"{""0"": ""no"", ""1"": ""yes""}"
v762bc,na - source for female condoms: cs public,byte,V762BC,"{""0"": ""no"", ""1"": ""yes""}"
v762bd,na - source for female condoms: cs public,byte,V762BD,"{""0"": ""no"", ""1"": ""yes""}"
v762be,na - source for female condoms: cs public,byte,V762BE,"{""0"": ""no"", ""1"": ""yes""}"
v762bf,na - source for female condoms: cs public,byte,V762BF,"{""0"": ""no"", ""1"": ""yes""}"
v762bg,na - source for female condoms: cs public,byte,V762BG,"{""0"": ""no"", ""1"": ""yes""}"
v762bh,na - source for female condoms: cs public,byte,V762BH,"{""0"": ""no"", ""1"": ""yes""}"
v762bi,na - source for female condoms: cs public,byte,V762BI,"{""0"": ""no"", ""1"": ""yes""}"
v762bj,na - source for female condoms: private hospital/clinic,byte,V762BJ,"{""0"": ""no"", ""1"": ""yes""}"
v762bk,na - source for female condoms: pharmacy,byte,V762BK,"{""0"": ""no"", ""1"": ""yes""}"
v762bl,na - source for female condoms: private doctor,byte,V762BL,"{""0"": ""no"", ""1"": ""yes""}"
v762bm,na - source for female condoms: cs private,byte,V762BM,"{""0"": ""no"", ""1"": ""yes""}"
v762bn,na - source for female condoms: cs private,byte,V762BN,"{""0"": ""no"", ""1"": ""yes""}"
v762bo,na - source for female condoms: cs private,byte,V762BO,"{""0"": ""no"", ""1"": ""yes""}"
v762bp,na - source for female condoms: cs private,byte,V762BP,"{""0"": ""no"", ""1"": ""yes""}"
v762bq,na - source for female condoms: cs private,byte,V762BQ,"{""0"": ""no"", ""1"": ""yes""}"
v762br,na - source for female condoms: cs private,byte,V762BR,"{""0"": ""no"", ""1"": ""yes""}"
v762bs,na - source for female condoms: cs other,byte,V762BS,"{""0"": ""no"", ""1"": ""yes""}"
v762bt,na - source for female condoms: cs other,byte,V762BT,"{""0"": ""no"", ""1"": ""yes""}"
v762bu,na - source for female condoms: cs other,byte,V762BU,"{""0"": ""no"", ""1"": ""yes""}"
v762bv,na - source for female condoms: cs other,byte,V762BV,"{""0"": ""no"", ""1"": ""yes""}"
v762bw,na - source for female condoms: cs other,byte,V762BW,"{""0"": ""no"", ""1"": ""yes""}"
v762bx,na - source for female condoms: other,byte,V762BX,"{""0"": ""no"", ""1"": ""yes""}"
v762bz,na - don't know any source for female condoms,byte,V762BZ,"{""0"": ""no: source known"", ""1"": ""yes: no source known""}"
v763a,had any sti in last 12 months,byte,V763A,"{""0"": ""no"", ""1"": ""yes"", ""8"": ""don't know""}"
v763b,had genital sore/ulcer in last 12 months,byte,V763B,"{""0"": ""no"", ""1"": ""yes"", ""8"": ""don't know""}"
v763c,had genital discharge in last 12 months,byte,V763C,"{""0"": ""no"", ""1"": ""yes"", ""8"": ""don't know""}"
v763d,na - had cs sti in last 12 months,byte,V763D,"{""0"": ""no"", ""1"": ""yes"", ""8"": ""don't know""}"
v763e,na - had cs sti in last 12 months,byte,V763E,"{""0"": ""no"", ""1"": ""yes"", ""8"": ""don't know""}"
v763f,na - had cs sti in last 12 months,byte,V763F,"{""0"": ""no"", ""1"": ""yes"", ""8"": ""don't know""}"
v763g,na - had cs sti in last 12 months,byte,V763G,"{""0"": ""no"", ""1"": ""yes"", ""8"": ""don't know""}"
v766a,"number of sex partners, excluding spouse, in last 12 months",byte,V766A,"{""98"": ""don't know""}"
v766b,"number of sex partners, including spouse, in last 12 months",byte,V766B,"{""95"": ""95+"", ""98"": ""don't know""}"
v767a,relationship with most recent sex partner,byte,V767A,"{""1"": ""spouse"", ""2"": ""boyfriend not living with respondent"", ""3"": ""other friend"", ""4"": ""casual acquaintance"", ""5"": ""relative"", ""6"": ""commercial sex worker"", ""7"": ""live-in partner"", ""96"": ""other""}"
v767b,relationship with 2nd to most recent sex partner,byte,V767B,"{""1"": ""spouse"", ""2"": ""boyfriend not living with respondent"", ""3"": ""other friend"", ""4"": ""casual acquaintance"", ""5"": ""relative"", ""6"": ""commercial sex worker"", ""7"": ""live-in partner"", ""96"": ""other""}"
v767c,na - relationship with 3rd to most recent sex partner,byte,V767C,"{""1"": ""spouse"", ""2"": ""boyfriend not living with respondent"", ""3"": ""other friend"", ""4"": ""casual acquaintance"", ""5"": ""relative"", ""6"": ""commercial sex worker"", ""7"": ""live-in partner"", ""96"": ""other""}"
v768a,na - length of time knows last partner,byte,V768A,"{""101"": ""one day"", ""201"": ""one month"", ""301"": ""one year""}"
v768b,na - length of time knows other partner (1),byte,V768B,"{""101"": ""one day"", ""201"": ""one month"", ""301"": ""one year""}"
v768c,na - length of time knows other partner (2),byte,V768C,"{""101"": ""one day"", ""201"": ""one month"", ""301"": ""one year""}"
v769,can get a condom,byte,V769,"{""0"": ""no"", ""1"": ""yes"", ""8"": ""don't know""}"
v769a,na - can get a female condom,byte,V769A,"{""0"": ""no"", ""1"": ""yes"", ""8"": ""don't know""}"
v770,sought advice/treatment for last sti infection,byte,V770,"{""0"": ""no"", ""1"": ""yes""}"
v770a,sought sti advice/treatment from: government hospital,byte,V770A,"{""0"": ""no"", ""1"": ""yes""}"
v770b,sought sti advice/treatment from: public ayush,byte,V770B,"{""0"": ""no"", ""1"": ""yes""}"
v770c,sought sti advice/treatment from: government health center,byte,V770C,"{""0"": ""no"", ""1"": ""yes""}"
v770d,sought sti advice/treatment from: public stand-alone ictc,byte,V770D,"{""0"": ""no"", ""1"": ""yes""}"
v770e,sought sti advice/treatment from: public family planning clinic,byte,V770E,"{""0"": ""no"", ""1"": ""yes""}"
v770f,sought sti advice/treatment from: public mobile clinic,byte,V770F,"{""0"": ""no"", ""1"": ""yes""}"
v770g,sought sti advice/treatment from: public fieldworker,byte,V770G,"{""0"": ""no"", ""1"": ""yes""}"
v770h,sought sti advice/treatment from: public school based clinic,byte,V770H,"{""0"": ""no"", ""1"": ""yes""}"
v770i,na - sought sti advice/treatment from: cs public,byte,V770I,"{""0"": ""no"", ""1"": ""yes""}"
v770j,sought sti advice/treatment from: other public sector,byte,V770J,"{""0"": ""no"", ""1"": ""yes""}"
v770k,sought sti advice/treatment from: private hospital/clinic/doctor,byte,V770K,"{""0"": ""no"", ""1"": ""yes""}"
v770l,sought sti advice/treatment from: private ayush,byte,V770L,"{""0"": ""no"", ""1"": ""yes""}"
v770m,sought sti advice/treatment from: private stand-alone ictc,byte,V770M,"{""0"": ""no"", ""1"": ""yes""}"
v770n,sought sti advice/treatment from: private pharmacy,byte,V770N,"{""0"": ""no"", ""1"": ""yes""}"
v770o,sought sti advice/treatment from: private mobile clinic,byte,V770O,"{""0"": ""no"", ""1"": ""yes""}"
v770p,sought sti advice/treatment from: private fieldworker,byte,V770P,"{""0"": ""no"", ""1"": ""yes""}"
v770q,sought sti advice/treatment from: private school based clinic,byte,V770Q,"{""0"": ""no"", ""1"": ""yes""}"
v770r,na - sought sti advice/treatment from: cs private,byte,V770R,"{""0"": ""no"", ""1"": ""yes""}"
v770s,sought sti advice/treatment from: other private health,byte,V770S,"{""0"": ""no"", ""1"": ""yes""}"
v770t,sought sti advice/treatment from: home,byte,V770T,"{""0"": ""no"", ""1"": ""yes""}"
v770u,sought sti advice/treatment from: correctional facility,byte,V770U,"{""0"": ""no"", ""1"": ""yes""}"
v770v,sought sti advice/treatment from: ngo or trust hospital / clinic,byte,V770V,"{""0"": ""no"", ""1"": ""yes""}"
v770w,na - sought sti advice/treatment from: cs other,byte,V770W,"{""0"": ""no"", ""1"": ""yes""}"
v770x,sought sti advice/treatment from: other,byte,V770X,"{""0"": ""no"", ""1"": ""yes""}"
v774a,hiv transmitted during pregnancy,byte,V774A,"{""0"": ""no"", ""1"": ""yes"", ""8"": ""don't know""}"
v774b,hiv transmitted during delivery,byte,V774B,"{""0"": ""no"", ""1"": ""yes"", ""8"": ""don't know""}"
v774c,hiv transmitted by breastfeeding,byte,V774C,"{""0"": ""no"", ""1"": ""yes"", ""8"": ""don't know""}"
v775,"na - knows someone who has, or is suspected of having, hiv",byte,V775,"{""0"": ""no"", ""1"": ""yes"", ""8"": ""don't know""}"
v777,would want hiv infection in family to remain secret,byte,V777,"{""0"": ""no"", ""1"": ""yes"", ""8"": ""don't know""}"
v777a,na - would be ashamed if someone in the family had hiv,byte,V777A,"{""0"": ""disagree"", ""1"": ""agree"", ""8"": ""don't know/not sure/depends""}"
v778,willing to care for relative with aids,byte,V778,"{""0"": ""no"", ""1"": ""yes"", ""8"": ""don't know""}"
v779,"a female teacher infected with hiv, but is not sick, should be allowed to contin",byte,V779,"{""0"": ""no"", ""1"": ""yes"", ""8"": ""don't know""}"
v780,children should be taught about condoms to avoid aids,byte,V780,"{""0"": ""no"", ""1"": ""yes"", ""8"": ""don't know""}"
v781,ever been tested for hiv,byte,V781,"{""0"": ""no"", ""1"": ""yes""}"
v783,know a place to get hiv test,byte,V783,"{""0"": ""no"", ""1"": ""yes""}"
v784a,place for hiv test: government hospital,byte,V784A,"{""0"": ""no"", ""1"": ""yes""}"
v784b,place for hiv test: government health center,byte,V784B,"{""0"": ""no"", ""1"": ""yes""}"
v784c,place for hiv test: stand-alone ictc,byte,V784C,"{""0"": ""no"", ""1"": ""yes""}"
v784d,place for hiv test: family planning clinic,byte,V784D,"{""0"": ""no"", ""1"": ""yes""}"
v784e,place for hiv test: mobile clinic,byte,V784E,"{""0"": ""no"", ""1"": ""yes""}"
v784f,place for hiv test: fieldworker,byte,V784F,"{""0"": ""no"", ""1"": ""yes""}"
v784g,place for hiv test: school based clinic,byte,V784G,"{""0"": ""no"", ""1"": ""yes""}"
v784h,place for hiv test: other public health sector,byte,V784H,"{""0"": ""no"", ""1"": ""yes""}"
v784i,na - place for hiv test: cs public,byte,V784I,"{""0"": ""no"", ""1"": ""yes""}"
v784j,na - place for hiv test: cs public,byte,V784J,"{""0"": ""no"", ""1"": ""yes""}"
v784k,place for hiv test: private hospital/clinic/doctor,byte,V784K,"{""0"": ""no"", ""1"": ""yes""}"
v784l,place for hiv test: stand-alone ictc,byte,V784L,"{""0"": ""no"", ""1"": ""yes""}"
v784m,place for hiv test: pharmacy,byte,V784M,"{""0"": ""no"", ""1"": ""yes""}"
v784n,place for hiv test: mobile clinic,byte,V784N,"{""0"": ""no"", ""1"": ""yes""}"
v784o,place for hiv test: fieldworker,byte,V784O,"{""0"": ""no"", ""1"": ""yes""}"
v784p,place for hiv test: school based clinic,byte,V784P,"{""0"": ""no"", ""1"": ""yes""}"
v784q,place for hiv test: other private health sector,byte,V784Q,"{""0"": ""no"", ""1"": ""yes""}"
v784r,na - place for hiv test: cs private,byte,V784R,"{""0"": ""no"", ""1"": ""yes""}"
v784s,na - place for hiv test: cs private,byte,V784S,"{""0"": ""no"", ""1"": ""yes""}"
v784t,place for hiv test: home,byte,V784T,"{""0"": ""no"", ""1"": ""yes""}"
v784u,place for hiv test: correctional facility,byte,V784U,"{""0"": ""no"", ""1"": ""yes""}"
v784v,place for hiv test: ngo or trust hospital / clinic,byte,V784V,"{""0"": ""no"", ""1"": ""yes""}"
v784x,place for hiv test: other,byte,V784X,"{""0"": ""no"", ""1"": ""yes""}"
v785,heard about other stis,byte,V785,"{""0"": ""no"", ""1"": ""yes""}"
v791a,"na - last 12 months had sex in return for gifts, cash or other",byte,V791A,"{""0"": ""no"", ""1"": ""yes""}"
v801,time interview started (hhmm - 24 hour clock),int,,
v802,time interview ended (hhmm - 24 hour clock),int,,
v803,length of interview in minutes,byte,V803,"{""95"": ""95+"", ""96"": ""2+ visits"", ""97"": ""inconsistent""}"
v804,number of visits,byte,,
v805,interviewer identification,long,,
v806,na - keyer identification,byte,,
v811,presence of children < 10 for 'wife beating justified' questions,byte,V811,"{""0"": ""no"", ""1"": ""yes - listening"", ""2"": ""yes - not listening""}"
v812,presence of husband for 'wife beating justified' questions,byte,V812,"{""0"": ""no"", ""1"": ""yes - listening"", ""2"": ""yes - not listening""}"
v813,presence of other males for 'wife beating justified' questions,byte,V813,"{""0"": ""no"", ""1"": ""yes - listening"", ""2"": ""yes - not listening""}"
v814,presence of other females for 'wife beating justified' questions,byte,V814,"{""0"": ""no"", ""1"": ""yes - listening"", ""2"": ""yes - not listening""}"
v815a,presence of children < 10 during sexual activity section,byte,V815A,"{""0"": ""no"", ""1"": ""yes""}"
v815b,presence of male adults during sexual activity section,byte,V815B,"{""0"": ""no"", ""1"": ""yes""}"
v815c,presence of female adults during sexual activity section,byte,V815C,"{""0"": ""no"", ""1"": ""yes""}"
v820,condom used at first sex,byte,V820,"{""0"": ""no"", ""1"": ""yes"", ""8"": ""don't know / refused""}"
v821a,"most recent sex partner younger, the same age or older",byte,V821A,"{""1"": ""younger"", ""2"": ""about the same age"", ""3"": ""less than 10 years older"", ""4"": ""10 or more years older"", ""5"": ""older, don't know difference"", ""8"": ""don't know""}"
v821b,"2nd to most recent sex partner younger, the same age or older",byte,V821B,"{""1"": ""younger"", ""2"": ""about the same age"", ""3"": ""less than 10 years older"", ""4"": ""10 or more years older"", ""5"": ""older, don't know difference"", ""8"": ""don't know""}"
v821c,"na - 3rd to most recent sex partner younger, the same age or older",byte,V821C,"{""1"": ""younger"", ""2"": ""about the same age"", ""3"": ""less than 10 years older"", ""4"": ""10 or more years older"", ""5"": ""older, don't know difference"", ""8"": ""don't know""}"
v822,na - wife justified asking husband to use condom if he has sti,byte,V822,"{""0"": ""no"", ""1"": ""yes"", ""8"": ""don't know""}"
v823,na - can get hiv by witchcraft or supernatural means,byte,V823,"{""0"": ""no"", ""1"": ""yes"", ""8"": ""don't know""}"
v824,drugs to avoid hiv transmission to baby during pregnancy,byte,V824,"{""0"": ""no"", ""1"": ""yes"", ""8"": ""don't know""}"
v825,would buy vegetables from vendor with hiv,byte,V825,"{""0"": ""no"", ""1"": ""yes"", ""8"": ""don't know""}"
v826,last time tested for hiv,byte,V826,"{""1"": ""less than 12 months"", ""2"": ""12-23 months"", ""3"": ""2 years or more""}"
v826a,months ago most recent hiv test,byte,V826A,"{""95"": ""two or more years"", ""98"": ""don't know""}"
v827,"na - last hiv test: on your own, offered or required",byte,V827,"{""1"": ""asked for the test"", ""2"": ""offered and accepted"", ""3"": ""required""}"
v828,received result from last hiv test,byte,V828,"{""0"": ""no"", ""1"": ""yes""}"
v829,place where last hiv test was taken,byte,V829,"{""11"": ""public: government hospital"", ""12"": ""public: govt. health centre"", ""13"": ""public: stand-alone ictc"", ""14"": ""public: family planning clinic"", ""15"": ""public: mobile clinic"", ""16"": ""public: fieldworker"", ""17"": ""public: school based clinic"", ""18"": ""other public sector"", ""20"": ""ngo or trust hospital/clinic"", ""21"": ""private: hospital/clinic/private doctor"", ""22"": ""private: stand-alone ictc"", ""23"": ""private: pharmacy"", ""24"": ""private: mobile clinic"", ""25"": ""private: fieldworker"", ""26"": ""private: school based clinic"", ""27"": ""other private health sector"", ""31"": ""home"", ""32"": ""correctional facility"", ""33"": ""parents' home"", ""34"": ""other home"", ""41"": ""public: govt. dispensary"", ""42"": ""public: uhc/uhp/ufwc"", ""43"": ""public: chc/rural hospital/block phc"", ""44"": ""public: phc/additional phc"", ""45"": ""public: sub-centre"", ""96"": ""other""}"
v830,na - age of first sex partner,byte,V830,"{""95"": ""95+"", ""98"": ""don't know""}"
v831,"na - first sex partner younger, same age or older",byte,V831,"{""1"": ""younger"", ""2"": ""about the same age"", ""3"": ""less than 10 years older"", ""4"": ""10 or more years older"", ""5"": ""older, don't know difference"", ""8"": ""don't know""}"
v832b,time since last sex with 2nd to most recent partner,int,V832B,"{""100"": ""<1 day ago"", ""101"": ""days: 1"", ""199"": ""days: number missing"", ""201"": ""weeks: 1"", ""299"": ""weeks: number missing"", ""301"": ""months: 1"", ""399"": ""months: number missing"", ""401"": ""years: 1"", ""995"": ""within last 4 weeks"", ""996"": ""before last birth"", ""997"": ""inconsistent"", ""998"": ""don't know""}"
v832c,na - time since last sex with 3rd to most recent partner,byte,V832C,"{""100"": ""<1 day ago"", ""101"": ""days: 1"", ""199"": ""days: number missing"", ""201"": ""weeks: 1"", ""299"": ""weeks: number missing"", ""301"": ""months: 1"", ""399"": ""months: number missing"", ""401"": ""years: 1"", ""995"": ""within last 4 weeks"", ""996"": ""before last birth"", ""997"": ""inconsistent"", ""998"": ""don't know""}"
v833a,used condom every time had sex with most recent partner in last 12 months,byte,V833A,"{""0"": ""no"", ""1"": ""yes""}"
v833b,used condom every time had sex with 2nd to most recent partner in last 12 months,byte,V833B,"{""0"": ""no"", ""1"": ""yes""}"
v833c,na - used condom every time had sex with 3rd to most recent partner in last 12 m,byte,V833C,"{""0"": ""no"", ""1"": ""yes""}"
v834a,age of most recent partner,byte,V834A,"{""95"": ""95+"", ""98"": ""don't know""}"
v834b,age of 2nd to most recent partner,byte,V834B,"{""95"": ""95+"", ""98"": ""don't know""}"
v834c,na - age of 3rd to most recent partner,byte,V834C,"{""95"": ""95+"", ""98"": ""don't know""}"
v835a,na - alcohol consumption at last sex with most recent partner,byte,V835A,"{""0"": ""no"", ""1"": ""respondent drunk only"", ""2"": ""partner drunk only"", ""3"": ""both drunk"", ""4"": ""neither drunk but consumed alcohol""}"
v835b,na - alcohol consumption at last sex with 2nd to most recent partner,byte,V835B,"{""0"": ""no"", ""1"": ""respondent drunk only"", ""2"": ""partner drunk only"", ""3"": ""both drunk"", ""4"": ""neither drunk but consumed alcohol""}"
v835c,na - alcohol consumption at last sex with 3rd to most recent partner,byte,V835C,"{""0"": ""no"", ""1"": ""respondent drunk only"", ""2"": ""partner drunk only"", ""3"": ""both drunk"", ""4"": ""neither drunk but consumed alcohol""}"
v836,total lifetime number of sex partners,byte,V836,"{""95"": ""95+"", ""98"": ""don't know""}"
v837,heard of drugs to help hiv infected people live longer,byte,V837,"{""0"": ""no"", ""1"": ""yes"", ""8"": ""don't know""}"
v838a,during antenatal visit talked about: hiv transmitted mother to child,byte,V838A,"{""0"": ""no"", ""1"": ""yes"", ""8"": ""don't know""}"
v838b,during antenatal visit talked about: things to do to prevent getting hiv,byte,V838B,"{""0"": ""no"", ""1"": ""yes"", ""8"": ""don't know""}"
v838c,during antenatal visit talked about: getting tested for hiv,byte,V838C,"{""0"": ""no"", ""1"": ""yes"", ""8"": ""don't know""}"
v839,offered hiv test as part of antenatal visit,byte,V839,"{""0"": ""no"", ""1"": ""yes""}"
v839a,offered hiv test between the time went for delivery and before baby was born,byte,V839A,"{""0"": ""no"", ""1"": ""yes""}"
v840,tested for hiv as part of antenatal visit,byte,V840,"{""0"": ""no"", ""1"": ""yes""}"
v840a,tested for hiv between the time went for delivery and before baby was born,byte,V840A,"{""0"": ""no"", ""1"": ""yes""}"
v841,got results of hiv test as part of antenatal visit,byte,V841,"{""0"": ""no"", ""1"": ""yes""}"
v841a,got results of hiv test when tested before baby was born,byte,V841A,"{""0"": ""no"", ""1"": ""yes""}"
v842,place were hiv test was taken as part of antenatal visit,byte,V842,"{""11"": ""public: government hospital"", ""12"": ""public: govt. health centre"", ""13"": ""public: stand-alone ictc"", ""14"": ""public: family planning clinic"", ""15"": ""public: mobile clinic"", ""16"": ""public: fieldworker"", ""17"": ""public: school based clinic"", ""18"": ""other public sector"", ""20"": ""ngo or trust hospital / clinic"", ""21"": ""private: hospital / clinic / private doctor"", ""22"": ""private: stand-alone ictc"", ""23"": ""private: pharmacy"", ""24"": ""private: mobile clinic"", ""25"": ""private: fieldworker"", ""26"": ""private: school based clinic"", ""27"": ""other private health sector"", ""31"": ""home"", ""32"": ""correctional facility"", ""96"": ""other""}"
v843,tested for hiv since antenatal visit test,byte,V843,"{""0"": ""no"", ""1"": ""yes""}"
v844,"na - knows someone denied health services for having, or suspected of having, hi",byte,V844,"{""0"": ""no"", ""1"": ""yes"", ""8"": ""don't know anyone with hiv""}"
v845,"na - knows someone denied social events for having, or suspected of having, hiv;",byte,V845,"{""0"": ""no"", ""1"": ""yes""}"
v846,"na - knows someone verbally abused for having, or suspected of having, hiv; in l",byte,V846,"{""0"": ""no"", ""1"": ""yes""}"
v847,na - people with hiv should be ashamed of themselves,byte,V847,"{""0"": ""disagree"", ""1"": ""agree"", ""8"": ""don't know/no opinion""}"
v848,na - people with hiv should be blamed for bringing disease to community,byte,V848,"{""0"": ""disagree"", ""1"": ""agree"", ""8"": ""don't know/no opinion""}"
v849,na - children 12-14 should be taught to wait for sex until marriage,byte,V849,"{""0"": ""no"", ""1"": ""yes"", ""8"": ""don't know/depends""}"
v850a,na - respondent can refuse sex,byte,V850A,"{""0"": ""no"", ""1"": ""yes"", ""8"": ""don't know/not sure/depends""}"
v850b,na - respondent can ask partner to use a condom,byte,V850B,"{""0"": ""no"", ""1"": ""yes"", ""8"": ""don't know/not sure/depends""}"
v851a,na - young men should wait for sex until marriage,byte,V851A,"{""0"": ""no"", ""1"": ""yes"", ""8"": ""don't know/not sure/depends""}"
v851b,na - most young men wait for sex until marriage,byte,V851B,"{""0"": ""no"", ""1"": ""yes"", ""8"": ""don't know/not sure/depends""}"
v851c,na - unmarried sexually active men should only having sex with one partner,byte,V851C,"{""0"": ""no"", ""1"": ""yes"", ""8"": ""don't know/not sure/depends""}"
v851d,na - most unmarried sexually active men have only one partner,byte,V851D,"{""0"": ""no"", ""1"": ""yes"", ""8"": ""don't know/not sure/depends""}"
v851e,na - married men should only have sex with their wives,byte,V851E,"{""0"": ""no"", ""1"": ""yes"", ""8"": ""don't know/not sure/depends""}"
v851f,na - most married men only have sex with their wives,byte,V851F,"{""0"": ""no"", ""1"": ""yes"", ""8"": ""don't know/not sure/depends""}"
v851g,na - young women should wait for sex until marriage,byte,V851G,"{""0"": ""no"", ""1"": ""yes"", ""8"": ""don't know/not sure/depends""}"
v851h,na - most young women wait for sex until marriage,byte,V851H,"{""0"": ""no"", ""1"": ""yes"", ""8"": ""don't know/not sure/depends""}"
v851i,na - unmarried sexually active women should have only one partner,byte,V851I,"{""0"": ""no"", ""1"": ""yes"", ""8"": ""don't know/not sure/depends""}"
v851j,na - most unmarried sexually active women have only one partner,byte,V851J,"{""0"": ""no"", ""1"": ""yes"", ""8"": ""don't know/not sure/depends""}"
v851k,na - married women should only have sex with their husbands,byte,V851K,"{""0"": ""no"", ""1"": ""yes"", ""8"": ""don't know/not sure/depends""}"
v851l,na - most married women only have sex with their husbands,byte,V851L,"{""0"": ""no"", ""1"": ""yes"", ""8"": ""don't know/not sure/depends""}"
v852a,how long ago first had sex with most recent partner,int,V852A,"{""101"": ""days: 1"", ""199"": ""days: number missing"", ""201"": ""weeks: 1"", ""299"": ""weeks: number missing"", ""301"": ""months: 1"", ""399"": ""months: number missing"", ""401"": ""years: 1"", ""499"": ""years: number missing"", ""997"": ""inconsistent""}"
v852b,how long ago first had sex with 2nd most recent partner,int,V852B,"{""101"": ""days: 1"", ""199"": ""days: number missing"", ""201"": ""weeks: 1"", ""299"": ""weeks: number missing"", ""301"": ""months: 1"", ""399"": ""months: number missing"", ""401"": ""years: 1"", ""499"": ""years: number missing""}"
v852c,na - how long ago first had sex with 3rd most recent partner,byte,V852C,"{""101"": ""days: 1"", ""199"": ""days: number missing"", ""201"": ""weeks: 1"", ""299"": ""weeks: number missing"", ""301"": ""months: 1"", ""399"": ""months: number missing"", ""401"": ""years: 1"", ""499"": ""years: number missing""}"
v853a,times in last 12 months had sex with most recent partner,byte,V853A,"{""95"": ""95+"", ""98"": ""don't know""}"
v853b,times in last 12 months had sex with 2nd most recent partner,byte,V853B,"{""95"": ""95+"", ""98"": ""don't know""}"
v853c,na - times in last 12 months had sex with 3rd most recent partner,byte,V853C,"{""95"": ""95+"", ""98"": ""don't know""}"
v854a,na - point concurrent sexual partners,byte,V854A,"{""0"": ""no"", ""1"": ""yes""}"
v854b,na - cumulative concurrent sexual partners,byte,V854B,"{""0"": ""no"", ""1"": ""yes""}"
v855,received counseling after tested for aids during antenatal care,byte,V855,"{""0"": ""no"", ""1"": ""yes"", ""8"": ""don't know""}"
v856,na - knowledge and use of hiv test kits,byte,V856,"{""0"": ""never heard of hiv test kits"", ""1"": ""has tested with hiv test kits"", ""2"": ""knows test kits but never tested with them"", ""3"": ""knows test kits un-known if tested""}"
v857a,na - children with hiv should be allowed to attend school with children without ,byte,V857A,"{""0"": ""no"", ""1"": ""yes"", ""8"": ""don't know/not sure/depends""}"
v857b,na - people hesitate to take hiv test because reaction of other people if positi,byte,V857B,"{""0"": ""no"", ""1"": ""yes"", ""8"": ""don't know/not sure/depends""}"
v857c,na - people talk badly about people with or believed to have hiv,byte,V857C,"{""0"": ""no"", ""1"": ""yes"", ""8"": ""don't know/not sure/depends""}"
v857d,na - people with or believed to have hiv lose respect from other people,byte,V857D,"{""0"": ""no"", ""1"": ""yes"", ""8"": ""don't know/not sure/depends""}"
v858,na - would be afraid to get hiv from contact with saliva from infected person,byte,V858,"{""0"": ""no"", ""1"": ""yes"", ""2"": ""says she has hiv"", ""8"": ""don't know/not sure/depends""}"
vcal_1,calendar,str80,,
vcal_2,calendar,str80,,
vcal_6,calendar,str80,,
vcal_7,calendar,str80,,
vcol_1,calendar column number,byte,VCOL_1,"{""1"": ""pregnancies and contraception"", ""2"": ""reason for discontinuation"", ""3"": ""marriage and unions (not used in nfhs4)"", ""4"": ""moves and communities (not used in nfhs4)"", ""5"": ""source of method (not used in nfhs4)"", ""6"": ""ultrasound conducted during pregnancy"", ""7"": ""prenancy terminations"", ""8"": ""country specific (not used in nfhs4)"", ""9"": ""country specific (not used in nfhs4)""}"
vcol_2,calendar column number,byte,VCOL_2,"{""1"": ""pregnancies and contraception"", ""2"": ""reason for discontinuation"", ""3"": ""marriage and unions (not used in nfhs4)"", ""4"": ""moves and communities (not used in nfhs4)"", ""5"": ""source of method (not used in nfhs4)"", ""6"": ""ultrasound conducted during pregnancy"", ""7"": ""prenancy terminations"", ""8"": ""country specific (not used in nfhs4)"", ""9"": ""country specific (not used in nfhs4)""}"
vcol_6,calendar column number,byte,VCOL_6,"{""1"": ""pregnancies and contraception"", ""2"": ""reason for discontinuation"", ""3"": ""marriage and unions (not used in nfhs4)"", ""4"": ""moves and communities (not used in nfhs4)"", ""5"": ""source of method (not used in nfhs4)"", ""6"": ""ultrasound conducted during pregnancy"", ""7"": ""prenancy terminations"", ""8"": ""country specific (not used in nfhs4)"", ""9"": ""country specific (not used in nfhs4)""}"
vcol_7,calendar column number,byte,VCOL_7,"{""1"": ""pregnancies and contraception"", ""2"": ""reason for discontinuation"", ""3"": ""marriage and unions (not used in nfhs4)"", ""4"": ""moves and communities (not used in nfhs4)"", ""5"": ""source of method (not used in nfhs4)"", ""6"": ""ultrasound conducted during pregnancy"", ""7"": ""prenancy terminations"", ""8"": ""country specific (not used in nfhs4)"", ""9"": ""country specific (not used in nfhs4)""}"
